feature_a,feature_b,association,absolute_association,method
PREV_APPLICATION_COUNT,PREV_UNIQUE_APPLICATION_COUNT,1.0,1.0,Spearman rho on observed values
BUREAU_CREDIT_COUNT,BUREAU_UNIQUE_CREDIT_COUNT,1.0,1.0,Spearman rho on observed values
CREDIT_TO_GOODS,DOWN_PAYMENT_RATE,-1.0,1.0,Spearman rho on observed values
BUREAU_OVERDUE_MAX,BUREAU_OVERDUE_SUM,0.9999999082635775,0.9999999082635775,Spearman rho on observed values
BUREAU_OVERDUE_SUM,BUREAU_OVERDUE_TO_CREDIT,0.9999943416214876,0.9999943416214876,Spearman rho on observed values
BUREAU_OVERDUE_MAX,BUREAU_OVERDUE_TO_CREDIT,0.9999943050468599,0.9999943050468599,Spearman rho on observed values
BUREAU_DAYS_OVERDUE_MAX,BUREAU_DAYS_OVERDUE_MEAN,0.999991725311653,0.999991725311653,Spearman rho on observed values
BUREAU_PROLONG_MAX,BUREAU_PROLONG_SUM,0.9999912234091448,0.9999912234091448,Spearman rho on observed values
BUREAU_OVERDUE_CREDIT_COUNT,BUREAU_OVERDUE_RATE,0.9999701234763423,0.9999701234763423,Spearman rho on observed values
BUREAU_DAYS_OVERDUE_MEAN,BUREAU_OVERDUE_CREDIT_COUNT,0.9999658254363907,0.9999658254363907,Spearman rho on observed values
BUREAU_DAYS_OVERDUE_MAX,BUREAU_OVERDUE_CREDIT_COUNT,0.9999634618866042,0.9999634618866042,Spearman rho on observed values
BUREAU_DAYS_OVERDUE_MEAN,BUREAU_OVERDUE_RATE,0.9999581498638592,0.9999581498638592,Spearman rho on observed values
BUREAU_DAYS_OVERDUE_MAX,BUREAU_OVERDUE_RATE,0.9999308558935509,0.9999308558935509,Spearman rho on observed values
BB_SEVERE_DELINQUENT_MONTHS,BB_SEVERE_DELINQUENT_MONTH_RATE,0.9999237074705389,0.9999237074705389,Spearman rho on observed values
EMPLOYMENT_SENTINEL,FLAG_EMP_PHONE,-0.9998658180032235,0.9998658180032235,Spearman rho on observed values
POS_DPD_MAX,POS_DPD_SUM,0.9987760545248721,0.9987760545248721,Spearman rho on observed values
CC_DPD_DEF_MONTH_COUNT,CC_DPD_DEF_MONTH_RATE,0.9987330968555114,0.9987330968555114,Spearman rho on observed values
POS_DPD_DEF_MAX,POS_DPD_DEF_MEAN,0.9986796889851947,0.9986796889851947,Spearman rho on observed values
POS_DPD_MEAN,POS_DPD_SUM,0.9986280213606262,0.9986280213606262,Spearman rho on observed values
CC_BALANCE_MAX,CC_RECEIVABLE_MAX,0.9984912738756383,0.9984912738756383,Spearman rho on observed values
YEARS_BUILD_AVG,YEARS_BUILD_MEDI,0.9983391509166388,0.9983391509166388,Spearman rho on observed values
CC_MONTH_COUNT,CC_OLDEST_MONTH,-0.9979299038565534,0.9979299038565534,Spearman rho on observed values
POS_DPD_MAX,POS_DPD_MEAN,0.9978737102277904,0.9978737102277904,Spearman rho on observed values
POS_DPD_DEF_MEAN,POS_DPD_DEF_MONTH_RATE,0.9978679380554039,0.9978679380554039,Spearman rho on observed values
YEARS_BEGINEXPLUATATION_AVG,YEARS_BEGINEXPLUATATION_MEDI,0.9976187872331035,0.9976187872331035,Spearman rho on observed values
POS_DPD_DEF_MONTH_COUNT,POS_DPD_DEF_MONTH_RATE,0.9976080458665806,0.9976080458665806,Spearman rho on observed values
OBS_30_CNT_SOCIAL_CIRCLE,OBS_60_CNT_SOCIAL_CIRCLE,0.9975010075431574,0.9975010075431574,Spearman rho on observed values
CC_BALANCE_MEAN,CC_RECEIVABLE_MEAN,0.9974976878568261,0.9974976878568261,Spearman rho on observed values
CC_DPD_MAX,CC_DPD_MEAN,0.9973795041243461,0.9973795041243461,Spearman rho on observed values
CC_DPD_MONTH_COUNT,CC_DPD_MONTH_RATE,0.9973018874566291,0.9973018874566291,Spearman rho on observed values
CC_DPD_MEAN,CC_DPD_MONTH_RATE,0.9972783945948543,0.9972783945948543,Spearman rho on observed values
POS_DPD_MEAN,POS_DPD_MONTH_RATE,0.9967344476225403,0.9967344476225403,Spearman rho on observed values
FLOORSMIN_AVG,FLOORSMIN_MEDI,0.9966601799891941,0.9966601799891941,Spearman rho on observed values
COMMONAREA_AVG,COMMONAREA_MEDI,0.9965110270700236,0.9965110270700236,Spearman rho on observed values
POS_ACTIVE_MONTH_COUNT,POS_MONTH_COUNT,0.9963741875372633,0.9963741875372633,Spearman rho on observed values
POS_DPD_MONTH_COUNT,POS_DPD_MONTH_RATE,0.9963708635828317,0.9963708635828317,Spearman rho on observed values
POS_DPD_DEF_MEAN,POS_DPD_DEF_MONTH_COUNT,0.9962450230235548,0.9962450230235548,Spearman rho on observed values
POS_DPD_MONTH_COUNT,POS_DPD_SUM,0.9961900386674196,0.9961900386674196,Spearman rho on observed values
LANDAREA_AVG,LANDAREA_MEDI,0.9961775019828459,0.9961775019828459,Spearman rho on observed values
LIVINGAREA_AVG,LIVINGAREA_MEDI,0.9953424390796124,0.9953424390796124,Spearman rho on observed values
LIVINGAPARTMENTS_AVG,LIVINGAPARTMENTS_MEDI,0.9952809867140104,0.9952809867140104,Spearman rho on observed values
BASEMENTAREA_AVG,BASEMENTAREA_MEDI,0.9952187976057677,0.9952187976057677,Spearman rho on observed values
INST_DUE_SUM,INST_PAID_SUM,0.9951434294931292,0.9951434294931292,Spearman rho on observed values
FLOORSMAX_AVG,FLOORSMAX_MEDI,0.994974618971248,0.994974618971248,Spearman rho on observed values
POS_DPD_DEF_MAX,POS_DPD_DEF_MONTH_COUNT,0.9947952303299484,0.9947952303299484,Spearman rho on observed values
POS_DPD_MEAN,POS_DPD_MONTH_COUNT,0.9946364880020081,0.9946364880020081,Spearman rho on observed values
POS_DPD_DEF_MAX,POS_DPD_DEF_MONTH_RATE,0.9944091499426873,0.9944091499426873,Spearman rho on observed values
POS_DPD_MONTH_RATE,POS_DPD_SUM,0.9941455038404259,0.9941455038404259,Spearman rho on observed values
APARTMENTS_AVG,APARTMENTS_MEDI,0.9940273050269934,0.9940273050269934,Spearman rho on observed values
ENTRANCES_AVG,ENTRANCES_MEDI,0.9936141387113139,0.9936141387113139,Spearman rho on observed values
CC_DPD_MEAN,CC_DPD_MONTH_COUNT,0.9925853158833814,0.9925853158833814,Spearman rho on observed values
POS_DPD_MAX,POS_DPD_MONTH_COUNT,0.9923375509560346,0.9923375509560346,Spearman rho on observed values
CC_DPD_MAX,CC_DPD_MONTH_RATE,0.992158386412653,0.992158386412653,Spearman rho on observed values
POS_DPD_MAX,POS_DPD_MONTH_RATE,0.9913157009486658,0.9913157009486658,Spearman rho on observed values
ELEVATORS_AVG,ELEVATORS_MEDI,0.9907645159615391,0.9907645159615391,Spearman rho on observed values
YEARS_BUILD_MEDI,YEARS_BUILD_MODE,0.9891497842443406,0.9891497842443406,Spearman rho on observed values
CC_ACTIVE_MONTH_COUNT,CC_MONTH_COUNT,0.9891483138795639,0.9891483138795639,Spearman rho on observed values
YEARS_BUILD_AVG,YEARS_BUILD_MODE,0.9886367989679913,0.9886367989679913,Spearman rho on observed values
CC_DPD_MAX,CC_DPD_MONTH_COUNT,0.9884939213005937,0.9884939213005937,Spearman rho on observed values
BUREAU_DEBT_MAX,BUREAU_DEBT_SUM,0.9882681907192696,0.9882681907192696,Spearman rho on observed values
INST_DUE_MEAN,INST_PAID_MEAN,0.9879651654550523,0.9879651654550523,Spearman rho on observed values
CC_ACTIVE_MONTH_COUNT,CC_OLDEST_MONTH,-0.9871927616351815,0.9871927616351815,Spearman rho on observed values
YEARS_BEGINEXPLUATATION_MEDI,YEARS_BEGINEXPLUATATION_MODE,0.9871804082725838,0.9871804082725838,Spearman rho on observed values
INST_LATE_DAYS_MAX,INST_LATE_DAYS_SUM,0.9864589164839359,0.9864589164839359,Spearman rho on observed values
YEARS_BEGINEXPLUATATION_AVG,YEARS_BEGINEXPLUATATION_MODE,0.9861792202833369,0.9861792202833369,Spearman rho on observed values
YEARS_BEGINEXPLUATATION_AVG,YEARS_BUILD_AVG,0.9860444260390389,0.9860444260390389,Spearman rho on observed values
FLOORSMAX_MEDI,FLOORSMAX_MODE,0.9859150949979867,0.9859150949979867,Spearman rho on observed values
YEARS_BEGINEXPLUATATION_MEDI,YEARS_BUILD_MEDI,0.9856011406221578,0.9856011406221578,Spearman rho on observed values
AMT_CREDIT,AMT_GOODS_PRICE,0.9851301201888157,0.9851301201888157,Spearman rho on observed values
YEARS_BEGINEXPLUATATION_AVG,YEARS_BUILD_MEDI,0.9845024268424466,0.9845024268424466,Spearman rho on observed values
YEARS_BEGINEXPLUATATION_MEDI,YEARS_BUILD_AVG,0.9839248774314674,0.9839248774314674,Spearman rho on observed values
FLOORSMIN_MEDI,FLOORSMIN_MODE,0.9829939741282746,0.9829939741282746,Spearman rho on observed values
FLOORSMAX_AVG,FLOORSMAX_MODE,0.9810334972357523,0.9810334972357523,Spearman rho on observed values
INST_SHORTFALL_MEAN,INST_SHORTFALL_SUM,0.9802961239293079,0.9802961239293079,Spearman rho on observed values
NONLIVINGAREA_AVG,NONLIVINGAREA_MEDI,0.9802659013258164,0.9802659013258164,Spearman rho on observed values
BB_DELINQUENT_MONTHS,BB_DELINQUENT_MONTH_RATE,0.9801602124890298,0.9801602124890298,Spearman rho on observed values
NONLIVINGAPARTMENTS_AVG,NONLIVINGAPARTMENTS_MEDI,0.9799149669225349,0.9799149669225349,Spearman rho on observed values
INST_SHORTFALL_SUM,INST_SHORT_PAYMENT_COUNT,0.9798420821054029,0.9798420821054029,Spearman rho on observed values
FLOORSMIN_AVG,FLOORSMIN_MODE,0.9796693989621525,0.9796693989621525,Spearman rho on observed values
YEARS_BEGINEXPLUATATION_MODE,YEARS_BUILD_MODE,0.9795870405945108,0.9795870405945108,Spearman rho on observed values
INST_SHORTFALL_MEAN,INST_SHORT_PAYMENT_RATE,0.9786687986657326,0.9786687986657326,Spearman rho on observed values
ELEVATORS_MEDI,ELEVATORS_MODE,0.9780650258450609,0.9780650258450609,Spearman rho on observed values
INST_SHORTFALL_MAX,INST_SHORTFALL_SUM,0.9778987954116095,0.9778987954116095,Spearman rho on observed values
PREV_REFUSAL_RATE,PREV_REFUSED_COUNT,0.9770780702220578,0.9770780702220578,Spearman rho on observed values
BB_DELINQUENT_MONTHS,BB_MAX_DELINQUENCY_LEVEL,0.9770145045091301,0.9770145045091301,Spearman rho on observed values
INST_LATE_DAYS_MEAN,INST_LATE_DAYS_SUM,0.9765785984114443,0.9765785984114443,Spearman rho on observed values
APARTMENTS_AVG,LIVINGAPARTMENTS_AVG,0.9760293251652671,0.9760293251652671,Spearman rho on observed values
YEARS_BEGINEXPLUATATION_MEDI,YEARS_BUILD_MODE,0.9753020171639599,0.9753020171639599,Spearman rho on observed values
YEARS_BEGINEXPLUATATION_AVG,YEARS_BUILD_MODE,0.9750399436830314,0.9750399436830314,Spearman rho on observed values
INST_LATE_DAYS_MAX,INST_LATE_DAYS_MEAN,0.9733975258314304,0.9733975258314304,Spearman rho on observed values
COMMONAREA_MEDI,COMMONAREA_MODE,0.9727013456856202,0.9727013456856202,Spearman rho on observed values
APARTMENTS_MEDI,LIVINGAPARTMENTS_MEDI,0.9724823299381298,0.9724823299381298,Spearman rho on observed values
APARTMENTS_AVG,LIVINGAPARTMENTS_MEDI,0.9715792215477225,0.9715792215477225,Spearman rho on observed values
LIVINGAPARTMENTS_MEDI,LIVINGAPARTMENTS_MODE,0.9712247892046839,0.9712247892046839,Spearman rho on observed values
BB_DELINQUENT_MONTH_RATE,BB_MAX_DELINQUENCY_LEVEL,0.9709188788907259,0.9709188788907259,Spearman rho on observed values
APARTMENTS_MEDI,APARTMENTS_MODE,0.9700137949334358,0.9700137949334358,Spearman rho on observed values
YEARS_BEGINEXPLUATATION_MODE,YEARS_BUILD_MEDI,0.9699378136966031,0.9699378136966031,Spearman rho on observed values
YEARS_BEGINEXPLUATATION_MODE,YEARS_BUILD_AVG,0.9692997217346403,0.9692997217346403,Spearman rho on observed values
PREV_APPLICATION_AMOUNT_MAX,PREV_CREDIT_MAX,0.969189171768414,0.969189171768414,Spearman rho on observed values
ELEVATORS_AVG,ELEVATORS_MODE,0.9687036896122176,0.9687036896122176,Spearman rho on observed values
LIVINGAREA_MEDI,LIVINGAREA_MODE,0.9687010682430274,0.9687010682430274,Spearman rho on observed values
LANDAREA_MEDI,LANDAREA_MODE,0.9686786845165014,0.9686786845165014,Spearman rho on observed values
APARTMENTS_MEDI,LIVINGAPARTMENTS_AVG,0.9685857302626054,0.9685857302626054,Spearman rho on observed values
COMMONAREA_AVG,COMMONAREA_MODE,0.9685841595644433,0.9685841595644433,Spearman rho on observed values
LIVINGAPARTMENTS_AVG,LIVINGAPARTMENTS_MODE,0.9667164765640353,0.9667164765640353,Spearman rho on observed values
INST_SHORT_PAYMENT_COUNT,INST_SHORT_PAYMENT_RATE,0.9659879404416675,0.9659879404416675,Spearman rho on observed values
INST_SHORTFALL_MAX,INST_SHORTFALL_MEAN,0.9657484769105793,0.9657484769105793,Spearman rho on observed values
ENTRANCES_MEDI,ENTRANCES_MODE,0.9656251656039258,0.9656251656039258,Spearman rho on observed values
LANDAREA_AVG,LANDAREA_MODE,0.9653890073899514,0.9653890073899514,Spearman rho on observed values
BASEMENTAREA_MEDI,BASEMENTAREA_MODE,0.9643426599710522,0.9643426599710522,Spearman rho on observed values
INST_LATE_DAYS_SUM,INST_LATE_PAYMENT_COUNT,0.9642742021730394,0.9642742021730394,Spearman rho on observed values
LIVINGAREA_AVG,LIVINGAREA_MODE,0.9633318397147342,0.9633318397147342,Spearman rho on observed values
APARTMENTS_AVG,APARTMENTS_MODE,0.963154348610252,0.963154348610252,Spearman rho on observed values
INST_CONTRACT_COUNT,POS_CONTRACT_COUNT,0.9618063424017831,0.9618063424017831,Spearman rho on observed values
APARTMENTS_MODE,LIVINGAPARTMENTS_MODE,0.960956341220866,0.960956341220866,Spearman rho on observed values
BASEMENTAREA_AVG,BASEMENTAREA_MODE,0.9606398858700975,0.9606398858700975,Spearman rho on observed values
INST_SHORTFALL_MEAN,INST_SHORT_PAYMENT_COUNT,0.9589033055821846,0.9589033055821846,Spearman rho on observed values
ENTRANCES_AVG,ENTRANCES_MODE,0.9587557157093158,0.9587557157093158,Spearman rho on observed values
INST_LATE_DAYS_MEAN,INST_LATE_PAYMENT_RATE,0.958644975607514,0.958644975607514,Spearman rho on observed values
INST_CONTRACT_COUNT,PREV_APPROVED_COUNT,0.951494267047967,0.951494267047967,Spearman rho on observed values
NONLIVINGAPARTMENTS_MEDI,NONLIVINGAPARTMENTS_MODE,0.9505191718744265,0.9505191718744265,Spearman rho on observed values
INST_SHORTFALL_SUM,INST_SHORT_PAYMENT_RATE,0.9504210438865607,0.9504210438865607,Spearman rho on observed values
PREV_APPLICATION_AMOUNT_MEAN,PREV_CREDIT_MEAN,0.9493341480019866,0.9493341480019866,Spearman rho on observed values
BUREAU_DEBT_MAX,BUREAU_DEBT_MEAN,0.9488599602095923,0.9488599602095923,Spearman rho on observed values
APARTMENTS_MEDI,LIVINGAPARTMENTS_MODE,0.9484114734772495,0.9484114734772495,Spearman rho on observed values
INST_DAYS_SINCE_DUE_MAX,POS_OLDEST_MONTH,-0.9471106603147141,0.9471106603147141,Spearman rho on observed values
CC_BALANCE_MAX,CC_BALANCE_MEAN,0.9449288559302904,0.9449288559302904,Spearman rho on observed values
APARTMENTS_AVG,LIVINGAPARTMENTS_MODE,0.9441396271311273,0.9441396271311273,Spearman rho on observed values
POS_FUTURE_INSTALLMENTS_MEAN,POS_INSTALLMENT_COUNT_MEAN,0.9441372645324281,0.9441372645324281,Spearman rho on observed values
INST_LATE_PAYMENT_COUNT,INST_LATE_PAYMENT_RATE,0.9437653442558038,0.9437653442558038,Spearman rho on observed values
CC_RECEIVABLE_MAX,CC_RECEIVABLE_MEAN,0.943717545092205,0.943717545092205,Spearman rho on observed values
CC_BALANCE_MEAN,CC_RECEIVABLE_MAX,0.9428501067957733,0.9428501067957733,Spearman rho on observed values
CC_BALANCE_MAX,CC_RECEIVABLE_MEAN,0.9425955658606824,0.9425955658606824,Spearman rho on observed values
BUREAU_OVERDUE_CREDIT_COUNT,BUREAU_OVERDUE_TO_CREDIT,0.9411646160363234,0.9411646160363234,Spearman rho on observed values
BUREAU_OVERDUE_CREDIT_COUNT,BUREAU_OVERDUE_SUM,0.941132432001765,0.941132432001765,Spearman rho on observed values
BUREAU_OVERDUE_RATE,BUREAU_OVERDUE_TO_CREDIT,0.9411319226133636,0.9411319226133636,Spearman rho on observed values
BUREAU_OVERDUE_CREDIT_COUNT,BUREAU_OVERDUE_MAX,0.9411291360812429,0.9411291360812429,Spearman rho on observed values
BUREAU_OVERDUE_RATE,BUREAU_OVERDUE_SUM,0.9410856171461744,0.9410856171461744,Spearman rho on observed values
BUREAU_OVERDUE_MAX,BUREAU_OVERDUE_RATE,0.9410826299307445,0.9410826299307445,Spearman rho on observed values
PREV_CREDIT_MAX,PREV_CREDIT_SUM,0.9406930138225216,0.9406930138225216,Spearman rho on observed values
BUREAU_DEBT_MEAN,BUREAU_DEBT_SUM,0.9402029341931529,0.9402029341931529,Spearman rho on observed values
BUREAU_DAYS_OVERDUE_MEAN,BUREAU_OVERDUE_TO_CREDIT,0.9400417883648525,0.9400417883648525,Spearman rho on observed values
BUREAU_DAYS_OVERDUE_MEAN,BUREAU_OVERDUE_SUM,0.9400099006709558,0.9400099006709558,Spearman rho on observed values
BUREAU_DAYS_OVERDUE_MEAN,BUREAU_OVERDUE_MAX,0.9400072792990802,0.9400072792990802,Spearman rho on observed values
BUREAU_DAYS_OVERDUE_MAX,BUREAU_OVERDUE_TO_CREDIT,0.9399987258620917,0.9399987258620917,Spearman rho on observed values
BUREAU_DAYS_OVERDUE_MAX,BUREAU_OVERDUE_SUM,0.9399743102585073,0.9399743102585073,Spearman rho on observed values
BUREAU_DAYS_OVERDUE_MAX,BUREAU_OVERDUE_MAX,0.9399718672224981,0.9399718672224981,Spearman rho on observed values
NONLIVINGAREA_MEDI,NONLIVINGAREA_MODE,0.9384789799083971,0.9384789799083971,Spearman rho on observed values
LIVINGAREA_AVG,TOTALAREA_MODE,0.9377705471782761,0.9377705471782761,Spearman rho on observed values
APARTMENTS_MODE,LIVINGAPARTMENTS_MEDI,0.9357201132377267,0.9357201132377267,Spearman rho on observed values
LIVINGAREA_MEDI,TOTALAREA_MODE,0.9330698970199554,0.9330698970199554,Spearman rho on observed values
BUREAU_CREDIT_MAX,BUREAU_CREDIT_SUM,0.9321369493197718,0.9321369493197718,Spearman rho on observed values
INST_SHORTFALL_MAX,INST_SHORT_PAYMENT_COUNT,0.9321198995651215,0.9321198995651215,Spearman rho on observed values
POS_CONTRACT_COUNT,PREV_APPROVED_COUNT,0.93144417860339,0.93144417860339,Spearman rho on observed values
APARTMENTS_MODE,LIVINGAPARTMENTS_AVG,0.9311449101093783,0.9311449101093783,Spearman rho on observed values
INST_LATE_DAYS_MEAN,INST_LATE_PAYMENT_COUNT,0.9295789291780987,0.9295789291780987,Spearman rho on observed values
NONLIVINGAPARTMENTS_AVG,NONLIVINGAPARTMENTS_MODE,0.9293565693500311,0.9293565693500311,Spearman rho on observed values
INST_LATE_DAYS_SUM,INST_LATE_PAYMENT_RATE,0.9242801300972499,0.9242801300972499,Spearman rho on observed values
INST_LATE_DAYS_MAX,INST_LATE_PAYMENT_COUNT,0.9230889684005188,0.9230889684005188,Spearman rho on observed values
HAS_INSTALLMENT_HISTORY,HAS_PREVIOUS_APPLICATION,0.9225571155841208,0.9225571155841208,Spearman rho on observed values
CC_BALANCE_MAX,CC_DRAWINGS_SUM,0.9206065652231542,0.9206065652231542,Spearman rho on observed values
CC_DRAWINGS_SUM,CC_RECEIVABLE_MAX,0.9192363966610768,0.9192363966610768,Spearman rho on observed values
CC_LIMIT_MAX,CC_LIMIT_MEAN,0.9178893775074286,0.9178893775074286,Spearman rho on observed values
BUREAU_CREDIT_MAX,BUREAU_CREDIT_MEAN,0.9172606591139053,0.9172606591139053,Spearman rho on observed values
PREV_APPLICATION_AMOUNT_MAX,PREV_CREDIT_SUM,0.9162780053248859,0.9162780053248859,Spearman rho on observed values
CC_DRAWINGS_SUM,CC_PAYMENT_TOTAL_SUM,0.9161163614925478,0.9161163614925478,Spearman rho on observed values
LIVINGAREA_MODE,TOTALAREA_MODE,0.914804413172482,0.914804413172482,Spearman rho on observed values
NONLIVINGAREA_AVG,NONLIVINGAREA_MODE,0.9145627489957554,0.9145627489957554,Spearman rho on observed values
INST_SHORTFALL_MAX,INST_SHORT_PAYMENT_RATE,0.9141727403528921,0.9141727403528921,Spearman rho on observed values
POS_OLDEST_MONTH,PREV_DAYS_SINCE_DECISION_MAX,-0.9124821414017351,0.9124821414017351,Spearman rho on observed values
CC_BALANCE_MEAN,CC_UTILIZATION_MEAN,0.9115431791000868,0.9115431791000868,Spearman rho on observed values
INST_DAYS_SINCE_DUE_MAX,PREV_DAYS_SINCE_DECISION_MAX,0.9102265731520037,0.9102265731520037,Spearman rho on observed values
CC_RECEIVABLE_MEAN,CC_UTILIZATION_MEAN,0.9093828775086326,0.9093828775086326,Spearman rho on observed values
CC_DPD_DEF_MONTH_COUNT,CC_DPD_MONTH_COUNT,0.9093044611286903,0.9093044611286903,Spearman rho on observed values
HAS_INSTALLMENT_HISTORY,HAS_POS_HISTORY,0.9080764815858806,0.9080764815858806,Spearman rho on observed values
CC_DPD_DEF_MONTH_RATE,CC_DPD_MONTH_COUNT,0.9079293584397754,0.9079293584397754,Spearman rho on observed values
APARTMENTS_AVG,LIVINGAREA_AVG,0.9068529980713,0.9068529980713,Spearman rho on observed values
POS_INSTALLMENT_COUNT_MAX,POS_INSTALLMENT_COUNT_MEAN,0.905400842035533,0.905400842035533,Spearman rho on observed values
APARTMENTS_MEDI,LIVINGAREA_MEDI,0.9053689565054587,0.9053689565054587,Spearman rho on observed values
PREV_ANNUITY_MAX,PREV_ANNUITY_MEAN,0.9037182273979999,0.9037182273979999,Spearman rho on observed values
APARTMENTS_AVG,LIVINGAREA_MEDI,0.9025795786128942,0.9025795786128942,Spearman rho on observed values
APARTMENTS_MEDI,LIVINGAREA_AVG,0.9019898624818519,0.9019898624818519,Spearman rho on observed values
APARTMENTS_AVG,TOTALAREA_MODE,0.9004664240341073,0.9004664240341073,Spearman rho on observed values
EXT_SOURCE_MEAN,EXT_SOURCE_MIN,0.9001805048343823,0.9001805048343823,Spearman rho on observed values
POS_FUTURE_INSTALLMENTS_MEAN,POS_INSTALLMENT_COUNT_MAX,0.8994584758352843,0.8994584758352843,Spearman rho on observed values
LIVINGAPARTMENTS_AVG,LIVINGAREA_AVG,0.899283431172601,0.899283431172601,Spearman rho on observed values
CC_BALANCE_MEAN,CC_BALANCE_SUM,0.897935815738399,0.897935815738399,Spearman rho on observed values
CC_BALANCE_SUM,CC_RECEIVABLE_MEAN,0.8967578507625215,0.8967578507625215,Spearman rho on observed values
INST_LATE_DAYS_MAX,INST_LATE_PAYMENT_RATE,0.8967441958491364,0.8967441958491364,Spearman rho on observed values
CC_DPD_DEF_MONTH_RATE,CC_DPD_MONTH_RATE,0.8955016690616595,0.8955016690616595,Spearman rho on observed values
LIVINGAPARTMENTS_MEDI,LIVINGAREA_MEDI,0.8953704562845428,0.8953704562845428,Spearman rho on observed values
APARTMENTS_MODE,LIVINGAREA_MODE,0.8952457599329646,0.8952457599329646,Spearman rho on observed values
APARTMENTS_MEDI,TOTALAREA_MODE,0.8948782656814371,0.8948782656814371,Spearman rho on observed values
CC_BALANCE_SUM,CC_PAYMENT_TOTAL_SUM,0.8944839926074198,0.8944839926074198,Spearman rho on observed values
CC_DPD_DEF_MONTH_COUNT,CC_DPD_MONTH_RATE,0.8943424848284373,0.8943424848284373,Spearman rho on observed values
LIVINGAPARTMENTS_MEDI,LIVINGAREA_AVG,0.8943144869517988,0.8943144869517988,Spearman rho on observed values
LIVINGAPARTMENTS_AVG,LIVINGAREA_MEDI,0.8934890181319554,0.8934890181319554,Spearman rho on observed values
CC_DRAWINGS_MEAN,CC_DRAWINGS_SUM,0.8919523996584214,0.8919523996584214,Spearman rho on observed values
PREV_CREDIT_MAX,PREV_CREDIT_MEAN,0.8915594469994855,0.8915594469994855,Spearman rho on observed values
CC_BALANCE_SUM,CC_RECEIVABLE_MAX,0.8913096015813725,0.8913096015813725,Spearman rho on observed values
CC_BALANCE_MAX,CC_BALANCE_SUM,0.8903477985909198,0.8903477985909198,Spearman rho on observed values
PREV_ANNUITY_MAX,PREV_CREDIT_MAX,0.8901785210920431,0.8901785210920431,Spearman rho on observed values
PREV_ANNUITY_MAX,PREV_APPLICATION_AMOUNT_MAX,0.8870655148644092,0.8870655148644092,Spearman rho on observed values
PREV_DOWN_PAYMENT_MEAN,PREV_DOWN_PAYMENT_RATE_MEAN,0.8859511375801234,0.8859511375801234,Spearman rho on observed values
BUREAU_CLOSED_COUNT,BUREAU_UNIQUE_CREDIT_COUNT,0.885539033415226,0.885539033415226,Spearman rho on observed values
BUREAU_CLOSED_COUNT,BUREAU_CREDIT_COUNT,0.885539033415226,0.885539033415226,Spearman rho on observed values
CC_DRAWINGS_SUM,CC_DRAWING_COUNT_SUM,0.8848137560355058,0.8848137560355058,Spearman rho on observed values
CC_BALANCE_MEAN,CC_DRAWINGS_SUM,0.8806553857530454,0.8806553857530454,Spearman rho on observed values
LIVINGAPARTMENTS_AVG,TOTALAREA_MODE,0.8795896772359281,0.8795896772359281,Spearman rho on observed values
HAS_POS_HISTORY,HAS_PREVIOUS_APPLICATION,0.8794942902147617,0.8794942902147617,Spearman rho on observed values
LIVINGAPARTMENTS_MODE,LIVINGAREA_MODE,0.8782833065185548,0.8782833065185548,Spearman rho on observed values
CC_DRAWINGS_SUM,CC_RECEIVABLE_MEAN,0.878209036758645,0.878209036758645,Spearman rho on observed values
APARTMENTS_MEDI,LIVINGAREA_MODE,0.8776263230751652,0.8776263230751652,Spearman rho on observed values
PREV_APPLICATION_AMOUNT_MAX,PREV_APPLICATION_AMOUNT_MEAN,0.8775175365138443,0.8775175365138443,Spearman rho on observed values
CC_DPD_DEF_MONTH_RATE,CC_DPD_MEAN,0.8774370987915706,0.8774370987915706,Spearman rho on observed values
BUREAU_DEBT_MEAN,BUREAU_DEBT_TO_CREDIT,0.8772038822344674,0.8772038822344674,Spearman rho on observed values
APARTMENTS_MODE,TOTALAREA_MODE,0.876059086059701,0.876059086059701,Spearman rho on observed values
APARTMENTS_MODE,LIVINGAREA_MEDI,0.8760031829800797,0.8760031829800797,Spearman rho on observed values
CC_DPD_DEF_MONTH_COUNT,CC_DPD_MEAN,0.8753130296859308,0.8753130296859308,Spearman rho on observed values
LIVINGAPARTMENTS_MEDI,TOTALAREA_MODE,0.8748495818131705,0.8748495818131705,Spearman rho on observed values
INST_PAYMENT_COUNT,INST_UNIQUE_NUMBER_COUNT,0.8739367378841477,0.8739367378841477,Spearman rho on observed values
CC_BALANCE_MEAN,CC_DRAWINGS_MEAN,0.8735913814801134,0.8735913814801134,Spearman rho on observed values
PREV_APPLICATION_AMOUNT_MAX,PREV_CREDIT_MEAN,0.872996613685346,0.872996613685346,Spearman rho on observed values
APARTMENTS_AVG,LIVINGAREA_MODE,0.8717834851865748,0.8717834851865748,Spearman rho on observed values
APARTMENTS_MODE,LIVINGAREA_AVG,0.8705744124102289,0.8705744124102289,Spearman rho on observed values
LIVINGAPARTMENTS_MODE,LIVINGAREA_MEDI,0.8701447310616034,0.8701447310616034,Spearman rho on observed values
CC_DPD_DEF_MONTH_RATE,CC_DPD_MAX,0.8693051475692404,0.8693051475692404,Spearman rho on observed values
CC_DRAWINGS_MEAN,CC_RECEIVABLE_MEAN,0.8689854194587705,0.8689854194587705,Spearman rho on observed values
CC_DPD_DEF_MONTH_COUNT,CC_DPD_MAX,0.8677580663839685,0.8677580663839685,Spearman rho on observed values
CC_BALANCE_SUM,CC_DRAWINGS_SUM,0.8668126921227395,0.8668126921227395,Spearman rho on observed values
LIVINGAPARTMENTS_MODE,LIVINGAREA_AVG,0.8658531852518486,0.8658531852518486,Spearman rho on observed values
PREV_PAYMENT_COUNT_MAX,PREV_PAYMENT_COUNT_MEAN,0.8641537406146391,0.8641537406146391,Spearman rho on observed values
POS_COMPLETED_MONTH_COUNT,POS_CONTRACT_COUNT,0.8639422705265067,0.8639422705265067,Spearman rho on observed values
INST_LATE_PAYMENT_COUNT,INST_SHORT_PAYMENT_COUNT,0.8636109768724339,0.8636109768724339,Spearman rho on observed values
INST_LATE_DAYS_SUM,INST_SHORT_PAYMENT_COUNT,0.8614042999929988,0.8614042999929988,Spearman rho on observed values
POS_CONTRACT_COUNT,POS_MONTH_COUNT,0.8603385281183427,0.8603385281183427,Spearman rho on observed values
LIVINGAPARTMENTS_MEDI,LIVINGAREA_MODE,0.8599918462396045,0.8599918462396045,Spearman rho on observed values
CC_UTILIZATION_MAX,CC_UTILIZATION_MEAN,0.8590216533040501,0.8590216533040501,Spearman rho on observed values
PREV_ANNUITY_MAX,PREV_CREDIT_SUM,0.8576061379472338,0.8576061379472338,Spearman rho on observed values
LIVINGAPARTMENTS_AVG,LIVINGAREA_MODE,0.8563894597184153,0.8563894597184153,Spearman rho on observed values
CC_BALANCE_MAX,CC_DRAWINGS_MEAN,0.8563034002642392,0.8563034002642392,Spearman rho on observed values
CC_DRAWINGS_MEAN,CC_RECEIVABLE_MAX,0.8510907405772113,0.8510907405772113,Spearman rho on observed values
LIVINGAPARTMENTS_MODE,TOTALAREA_MODE,0.850991527443206,0.850991527443206,Spearman rho on observed values
DEF_30_CNT_SOCIAL_CIRCLE,DEF_60_CNT_SOCIAL_CIRCLE,0.8485865374273541,0.8485865374273541,Spearman rho on observed values
INST_LATE_PAYMENT_COUNT,INST_SHORTFALL_SUM,0.8485481480876197,0.8485481480876197,Spearman rho on observed values
ELEVATORS_AVG,FLOORSMAX_AVG,0.8477627393363026,0.8477627393363026,Spearman rho on observed values
BUREAU_DAYS_SINCE_CREDIT_MIN,BUREAU_RECENT_12M_COUNT,-0.846083976433508,0.846083976433508,Spearman rho on observed values
CC_BALANCE_SUM,CC_UTILIZATION_MEAN,0.846063129330859,0.846063129330859,Spearman rho on observed values
CC_DRAWINGS_MEAN,CC_DRAWING_COUNT_SUM,0.8458274614892877,0.8458274614892877,Spearman rho on observed values
ELEVATORS_MEDI,FLOORSMAX_MEDI,0.8447476328501206,0.8447476328501206,Spearman rho on observed values
ELEVATORS_MEDI,FLOORSMAX_AVG,0.8434554007949425,0.8434554007949425,Spearman rho on observed values
INST_LATE_DAYS_MEAN,INST_SHORT_PAYMENT_RATE,0.8428053888797333,0.8428053888797333,Spearman rho on observed values
POS_ACTIVE_MONTH_COUNT,POS_CONTRACT_COUNT,0.8410833778075434,0.8410833778075434,Spearman rho on observed values
POS_INSTALLMENT_COUNT_MAX,PREV_PAYMENT_COUNT_MAX,0.8405649605366159,0.8405649605366159,Spearman rho on observed values
INST_CONTRACT_COUNT,POS_COMPLETED_MONTH_COUNT,0.8402915011512989,0.8402915011512989,Spearman rho on observed values
ELEVATORS_AVG,FLOORSMAX_MEDI,0.8402310156375308,0.8402310156375308,Spearman rho on observed values
INST_LATE_DAYS_SUM,INST_SHORTFALL_SUM,0.837629677908352,0.837629677908352,Spearman rho on observed values
PREV_ANNUITY_MEAN,PREV_CREDIT_MEAN,0.8371654278534555,0.8371654278534555,Spearman rho on observed values
INST_CONTRACT_COUNT,POS_MONTH_COUNT,0.8369627425408801,0.8369627425408801,Spearman rho on observed values
CC_BALANCE_SUM,CC_UTILIZATION_MAX,0.8341576455510316,0.8341576455510316,Spearman rho on observed values
INST_PAID_SUM,PREV_CREDIT_SUM,0.8338200899960124,0.8338200899960124,Spearman rho on observed values
INST_LATE_DAYS_SUM,INST_SHORT_PAYMENT_RATE,0.8324972682986181,0.8324972682986181,Spearman rho on observed values
ELEVATORS_MODE,FLOORSMAX_MODE,0.8324701329474423,0.8324701329474423,Spearman rho on observed values
BB_CLOSED_MONTHS,BB_MONTHS_OBSERVED,0.8317324837726342,0.8317324837726342,Spearman rho on observed values
CC_BALANCE_MEAN,CC_DRAWING_COUNT_SUM,0.8314765265201501,0.8314765265201501,Spearman rho on observed values
ELEVATORS_MODE,FLOORSMAX_MEDI,0.8314405712527546,0.8314405712527546,Spearman rho on observed values
INST_DUE_SUM,PREV_CREDIT_SUM,0.8310486681418683,0.8310486681418683,Spearman rho on observed values
CC_PAYMENT_TOTAL_SUM,CC_RECEIVABLE_MAX,0.831002855841874,0.831002855841874,Spearman rho on observed values
CC_BALANCE_MAX,CC_PAYMENT_TOTAL_SUM,0.8309681892172642,0.8309681892172642,Spearman rho on observed values
INST_PAYMENT_COUNT,POS_ACTIVE_MONTH_COUNT,0.8306278243084186,0.8306278243084186,Spearman rho on observed values
PREV_APPROVED_COUNT,PREV_UNIQUE_APPLICATION_COUNT,0.8306161912253321,0.8306161912253321,Spearman rho on observed values
PREV_APPLICATION_COUNT,PREV_APPROVED_COUNT,0.8306161912253321,0.8306161912253321,Spearman rho on observed values
PREV_ANNUITY_MEAN,PREV_APPLICATION_AMOUNT_MEAN,0.8298818845015783,0.8298818845015783,Spearman rho on observed values
ELEVATORS_MODE,FLOORSMAX_AVG,0.8297680474356957,0.8297680474356957,Spearman rho on observed values
INST_LATE_PAYMENT_RATE,INST_SHORT_PAYMENT_RATE,0.8291367126734155,0.8291367126734155,Spearman rho on observed values
CC_DRAWING_COUNT_SUM,CC_RECEIVABLE_MEAN,0.8286216404580187,0.8286216404580187,Spearman rho on observed values
AMT_ANNUITY,AMT_CREDIT,0.8282564060243621,0.8282564060243621,Spearman rho on observed values
INST_PAYMENT_COUNT,POS_MONTH_COUNT,0.8280877244658373,0.8280877244658373,Spearman rho on observed values
PREV_APPLICATION_AMOUNT_MEAN,PREV_CREDIT_MAX,0.8280620574532127,0.8280620574532127,Spearman rho on observed values
BUREAU_DAYS_SINCE_CREDIT_MAX,BUREAU_DAYS_SINCE_CREDIT_MEAN,0.8278952816785144,0.8278952816785144,Spearman rho on observed values
INST_LATE_DAYS_MAX,INST_SHORT_PAYMENT_COUNT,0.8275772969730155,0.8275772969730155,Spearman rho on observed values
AMT_ANNUITY,AMT_GOODS_PRICE,0.8259743756731565,0.8259743756731565,Spearman rho on observed values
INST_LATE_DAYS_MEAN,INST_SHORT_PAYMENT_COUNT,0.8243866093257495,0.8243866093257495,Spearman rho on observed values
ELEVATORS_MEDI,FLOORSMAX_MODE,0.8235640105904687,0.8235640105904687,Spearman rho on observed values
PREV_DAYS_SINCE_DECISION_MAX,PREV_DAYS_SINCE_DECISION_MEAN,0.8221349052570461,0.8221349052570461,Spearman rho on observed values
PREV_ANNUITY_MAX,PREV_CREDIT_MEAN,0.8208524937959966,0.8208524937959966,Spearman rho on observed values
INST_LATE_DAYS_SUM,INST_SHORTFALL_MEAN,0.8198280213462155,0.8198280213462155,Spearman rho on observed values
INST_CONTRACT_COUNT,POS_ACTIVE_MONTH_COUNT,0.8192603343234987,0.8192603343234987,Spearman rho on observed values
INST_LATE_DAYS_MEAN,INST_SHORTFALL_MEAN,0.8189278756353068,0.8189278756353068,Spearman rho on observed values
ELEVATORS_AVG,FLOORSMAX_MODE,0.8186721617686816,0.8186721617686816,Spearman rho on observed values
INST_LATE_PAYMENT_COUNT,INST_SHORTFALL_MEAN,0.8183849709873525,0.8183849709873525,Spearman rho on observed values
INST_LATE_PAYMENT_COUNT,INST_SHORT_PAYMENT_RATE,0.8181282846283072,0.8181282846283072,Spearman rho on observed values
BB_MONTHS_OBSERVED,BUREAU_CLOSED_COUNT,0.8180211861940978,0.8180211861940978,Spearman rho on observed values
POS_DPD_DEF_MONTH_COUNT,POS_DPD_MONTH_COUNT,0.8159841434202398,0.8159841434202398,Spearman rho on observed values
PREV_DAYS_SINCE_DECISION_MIN,PREV_RECENT_12M_COUNT,-0.8150146286806255,0.8150146286806255,Spearman rho on observed values
POS_DPD_DEF_MONTH_RATE,POS_DPD_MONTH_RATE,0.8142589465425878,0.8142589465425878,Spearman rho on observed values
CC_BALANCE_MAX,CC_DRAWING_COUNT_SUM,0.813545654477241,0.813545654477241,Spearman rho on observed values
CC_DRAWING_COUNT_SUM,CC_PAYMENT_TOTAL_SUM,0.8133611425215269,0.8133611425215269,Spearman rho on observed values
POS_DPD_DEF_MONTH_RATE,POS_DPD_MONTH_COUNT,0.8132713176813754,0.8132713176813754,Spearman rho on observed values
INST_LATE_PAYMENT_RATE,INST_SHORTFALL_MEAN,0.8125948950833605,0.8125948950833605,Spearman rho on observed values
POS_DPD_DEF_MEAN,POS_DPD_MONTH_RATE,0.8121389603570602,0.8121389603570602,Spearman rho on observed values
POS_DPD_DEF_MEAN,POS_DPD_MONTH_COUNT,0.8120789776003751,0.8120789776003751,Spearman rho on observed values
BB_MONTHS_OBSERVED,BUREAU_UNIQUE_CREDIT_COUNT,0.812002761899996,0.812002761899996,Spearman rho on observed values
BB_MONTHS_OBSERVED,BUREAU_CREDIT_COUNT,0.812002761899996,0.812002761899996,Spearman rho on observed values
POS_DPD_DEF_MONTH_COUNT,POS_DPD_MONTH_RATE,0.8119618086675299,0.8119618086675299,Spearman rho on observed values
CC_DRAWING_COUNT_SUM,CC_RECEIVABLE_MAX,0.8117102606771796,0.8117102606771796,Spearman rho on observed values
INST_LATE_DAYS_MAX,INST_SHORT_PAYMENT_RATE,0.8115169962791029,0.8115169962791029,Spearman rho on observed values
BB_DEFAULT_MONTHS,BB_SEVERE_DELINQUENT_MONTHS,0.8110553031773896,0.8110553031773896,Spearman rho on observed values
POS_DPD_DEF_MAX,POS_DPD_MONTH_COUNT,0.810854739630182,0.810854739630182,Spearman rho on observed values
BB_DEFAULT_MONTHS,BB_SEVERE_DELINQUENT_MONTH_RATE,0.8099165694769083,0.8099165694769083,Spearman rho on observed values
BUREAU_CREDIT_MEAN,BUREAU_CREDIT_SUM,0.8087617350094404,0.8087617350094404,Spearman rho on observed values
POS_DPD_DEF_MAX,POS_DPD_MONTH_RATE,0.8086063924582231,0.8086063924582231,Spearman rho on observed values
POS_MONTH_COUNT,PREV_APPROVED_COUNT,0.8076025827393116,0.8076025827393116,Spearman rho on observed values
INST_CONTRACT_COUNT,INST_PAYMENT_COUNT,0.8065351033847933,0.8065351033847933,Spearman rho on observed values
POS_COMPLETED_MONTH_COUNT,PREV_APPROVED_COUNT,0.806464994467801,0.806464994467801,Spearman rho on observed values
PREV_RECENT_12M_COUNT,PREV_RECENT_24M_COUNT,0.805458686036908,0.805458686036908,Spearman rho on observed values
INST_LATE_DAYS_MAX,INST_SHORTFALL_SUM,0.8046379256141388,0.8046379256141388,Spearman rho on observed values
BUREAU_DEBT_SUM,BUREAU_DEBT_TO_CREDIT,0.8042517851204964,0.8042517851204964,Spearman rho on observed values
PREV_CREDIT_MEAN,PREV_CREDIT_SUM,0.8039814625207669,0.8039814625207669,Spearman rho on observed values
BUREAU_DEBT_MAX,BUREAU_DEBT_TO_CREDIT,0.8030575654645538,0.8030575654645538,Spearman rho on observed values
INST_LATE_PAYMENT_COUNT,INST_SHORTFALL_MAX,0.8020289797180552,0.8020289797180552,Spearman rho on observed values
INST_LATE_DAYS_MEAN,INST_SHORTFALL_SUM,0.8017840797079899,0.8017840797079899,Spearman rho on observed values
CC_BALANCE_MAX,CC_UTILIZATION_MEAN,0.8012950659498635,0.8012950659498635,Spearman rho on observed values
INST_LATE_PAYMENT_RATE,INST_SHORT_PAYMENT_COUNT,0.8008440934414143,0.8008440934414143,Spearman rho on observed values
CC_RECEIVABLE_MAX,CC_UTILIZATION_MEAN,0.7994620092607757,0.7994620092607757,Spearman rho on observed values
PREV_APPLICATION_COUNT,PREV_CREDIT_SUM,0.7983379060018075,0.7983379060018075,Spearman rho on observed values
PREV_CREDIT_SUM,PREV_UNIQUE_APPLICATION_COUNT,0.7983379060018075,0.7983379060018075,Spearman rho on observed values
POS_DPD_DEF_MEAN,POS_DPD_MEAN,0.7978878329404081,0.7978878329404081,Spearman rho on observed values
POS_DPD_DEF_MAX,POS_DPD_SUM,0.7971870744252482,0.7971870744252482,Spearman rho on observed values
POS_DPD_DEF_MEAN,POS_DPD_SUM,0.7968570692302195,0.7968570692302195,Spearman rho on observed values
POS_DPD_DEF_MAX,POS_DPD_MEAN,0.7966401500670627,0.7966401500670627,Spearman rho on observed values
INST_DUE_SUM,INST_PAYMENT_COUNT,0.7960127587983693,0.7960127587983693,Spearman rho on observed values
POS_DPD_DEF_MONTH_RATE,POS_DPD_MEAN,0.795984098496707,0.795984098496707,Spearman rho on observed values
INST_LATE_DAYS_MAX,INST_SHORTFALL_MEAN,0.7957715643061716,0.7957715643061716,Spearman rho on observed values
INST_PAID_SUM,PREV_CREDIT_MAX,0.7957521325520219,0.7957521325520219,Spearman rho on observed values
POS_DPD_DEF_MONTH_COUNT,POS_DPD_SUM,0.7957209399168841,0.7957209399168841,Spearman rho on observed values
INST_LATE_DAYS_SUM,INST_SHORTFALL_MAX,0.7956129610554976,0.7956129610554976,Spearman rho on observed values
POS_DPD_DEF_MAX,POS_DPD_MAX,0.7951252253079426,0.7951252253079426,Spearman rho on observed values
INST_RECENT_12M_LATE_COUNT,INST_RECENT_24M_LATE_COUNT,0.7947406192841244,0.7947406192841244,Spearman rho on observed values
POS_DPD_DEF_MONTH_COUNT,POS_DPD_MEAN,0.7946925236844475,0.7946925236844475,Spearman rho on observed values
POS_DPD_DEF_MONTH_RATE,POS_DPD_SUM,0.7942013920824398,0.7942013920824398,Spearman rho on observed values
PREV_ANNUITY_MAX,PREV_APPLICATION_AMOUNT_MEAN,0.7941807811621056,0.7941807811621056,Spearman rho on observed values
POS_DPD_DEF_MEAN,POS_DPD_MAX,0.793783575409591,0.793783575409591,Spearman rho on observed values
INST_CONTRACT_COUNT,PREV_APPLICATION_COUNT,0.7922111238631345,0.7922111238631345,Spearman rho on observed values
INST_CONTRACT_COUNT,PREV_UNIQUE_APPLICATION_COUNT,0.7922111238631345,0.7922111238631345,Spearman rho on observed values
CC_BALANCE_SUM,CC_DRAWING_COUNT_SUM,0.7921942382729465,0.7921942382729465,Spearman rho on observed values
EXT_SOURCE_MAX,EXT_SOURCE_MEAN,0.7920861354069185,0.7920861354069185,Spearman rho on observed values
POS_ACTIVE_MONTH_COUNT,PREV_APPROVED_COUNT,0.7908984488778875,0.7908984488778875,Spearman rho on observed values
POS_DPD_DEF_MONTH_COUNT,POS_DPD_MAX,0.7908275724459096,0.7908275724459096,Spearman rho on observed values
POS_DPD_DEF_MONTH_RATE,POS_DPD_MAX,0.7900101923966758,0.7900101923966758,Spearman rho on observed values
INST_DUE_SUM,PREV_CREDIT_MAX,0.7897975924489395,0.7897975924489395,Spearman rho on observed values
ANNUITY_TO_INCOME,CREDIT_TO_INCOME,0.7884402269834322,0.7884402269834322,Spearman rho on observed values
INST_LATE_PAYMENT_RATE,INST_SHORTFALL_SUM,0.7882107759861765,0.7882107759861765,Spearman rho on observed values
INST_DAYS_SINCE_DUE_MIN,POS_LATEST_MONTH,-0.7868033641069262,0.7868033641069262,Spearman rho on observed values
INST_DUE_MEAN,PREV_ANNUITY_MEAN,0.7845534940584723,0.7845534940584723,Spearman rho on observed values
PREV_ANNUITY_MEAN,PREV_APPLICATION_AMOUNT_MAX,0.7845352851736399,0.7845352851736399,Spearman rho on observed values
INST_PAYMENT_RATIO,INST_SHORT_PAYMENT_RATE,-0.7827912313721199,0.7827912313721199,Spearman rho on observed values
PREV_CASH_LOAN_COUNT,PREV_UNIQUE_APPLICATION_COUNT,0.7812985609962368,0.7812985609962368,Spearman rho on observed values
PREV_APPLICATION_COUNT,PREV_CASH_LOAN_COUNT,0.7812985609962368,0.7812985609962368,Spearman rho on observed values
INST_PAID_SUM,INST_PAYMENT_COUNT,0.7811413630052294,0.7811413630052294,Spearman rho on observed values
FLOORSMAX_AVG,LIVINGAREA_AVG,0.7769724242845089,0.7769724242845089,Spearman rho on observed values
PREV_ANNUITY_MEAN,PREV_CREDIT_MAX,0.775512458727242,0.775512458727242,Spearman rho on observed values
FLOORSMAX_MEDI,LIVINGAREA_AVG,0.7753607756281178,0.7753607756281178,Spearman rho on observed values
INST_LATE_DAYS_MAX,INST_SHORTFALL_MAX,0.7750148762126572,0.7750148762126572,Spearman rho on observed values
CC_DRAWING_COUNT_SUM,CC_UTILIZATION_MEAN,0.7749250320638307,0.7749250320638307,Spearman rho on observed values
INST_PAID_SUM,PREV_APPLICATION_AMOUNT_MAX,0.7737725631546215,0.7737725631546215,Spearman rho on observed values
FLOORSMAX_AVG,TOTALAREA_MODE,0.7736739703375973,0.7736739703375973,Spearman rho on observed values
FLOORSMAX_MEDI,LIVINGAREA_MEDI,0.7735242571117404,0.7735242571117404,Spearman rho on observed values
FLOORSMAX_MEDI,TOTALAREA_MODE,0.7726119865694104,0.7726119865694104,Spearman rho on observed values
FLOORSMAX_MODE,TOTALAREA_MODE,0.7723584041187734,0.7723584041187734,Spearman rho on observed values
FLOORSMAX_AVG,LIVINGAREA_MEDI,0.7722227141146951,0.7722227141146951,Spearman rho on observed values
CC_BALANCE_MEAN,CC_UTILIZATION_MAX,0.7717823013487349,0.7717823013487349,Spearman rho on observed values
CC_BALANCE_MEAN,CC_PAYMENT_TOTAL_SUM,0.7709872163827142,0.7709872163827142,Spearman rho on observed values
INST_PAID_MEAN,PREV_ANNUITY_MEAN,0.7709254622037296,0.7709254622037296,Spearman rho on observed values
CC_RECEIVABLE_MEAN,CC_UTILIZATION_MAX,0.7697446982060091,0.7697446982060091,Spearman rho on observed values
FLOORSMAX_MODE,LIVINGAREA_AVG,0.7691462684395685,0.7691462684395685,Spearman rho on observed values
PREV_CREDIT_SUM,PREV_PAYMENT_COUNT_MAX,0.7689770940085937,0.7689770940085937,Spearman rho on observed values
FLOORSMAX_MODE,LIVINGAREA_MEDI,0.7685714587729366,0.7685714587729366,Spearman rho on observed values
CC_PAYMENT_TOTAL_SUM,CC_RECEIVABLE_MEAN,0.7684960913801623,0.7684960913801623,Spearman rho on observed values
POS_INSTALLMENT_COUNT_MEAN,PREV_PAYMENT_COUNT_MEAN,0.7682337222174249,0.7682337222174249,Spearman rho on observed values
INST_PAYMENT_RATIO,INST_SHORTFALL_MEAN,-0.768193025403057,0.768193025403057,Spearman rho on observed values
INST_DUE_SUM,PREV_APPLICATION_AMOUNT_MAX,0.7672168697912267,0.7672168697912267,Spearman rho on observed values
PREV_CREDIT_MAX,PREV_PAYMENT_COUNT_MAX,0.766410242105202,0.766410242105202,Spearman rho on observed values
INST_LATE_DAYS_MEAN,INST_SHORTFALL_MAX,0.7652696434325557,0.7652696434325557,Spearman rho on observed values
CC_ACTIVE_MONTH_COUNT,INST_UNIQUE_NUMBER_COUNT,0.7649395356135723,0.7649395356135723,Spearman rho on observed values
CC_DRAWINGS_MEAN,CC_UTILIZATION_MEAN,0.7622717654492982,0.7622717654492982,Spearman rho on observed values
POS_CONTRACT_COUNT,PREV_APPLICATION_COUNT,0.7615628142182203,0.7615628142182203,Spearman rho on observed values
POS_CONTRACT_COUNT,PREV_UNIQUE_APPLICATION_COUNT,0.7615628142182203,0.7615628142182203,Spearman rho on observed values
CC_MONTH_COUNT,INST_UNIQUE_NUMBER_COUNT,0.7601281022890839,0.7601281022890839,Spearman rho on observed values
PREV_CASH_LOAN_COUNT,PREV_CREDIT_SUM,0.7592984359834741,0.7592984359834741,Spearman rho on observed values
INST_PAID_SUM,PREV_ANNUITY_MAX,0.7578877775023894,0.7578877775023894,Spearman rho on observed values
POS_OLDEST_MONTH,PREV_DAYS_SINCE_DECISION_MEAN,-0.757326020363396,0.757326020363396,Spearman rho on observed values
PREV_APPLICATION_AMOUNT_MAX,PREV_PAYMENT_COUNT_MAX,0.7570178946594154,0.7570178946594154,Spearman rho on observed values
FLOORSMAX_MODE,LIVINGAREA_MODE,0.7556146129206943,0.7556146129206943,Spearman rho on observed values
INST_DAYS_SINCE_DUE_MAX,PREV_DAYS_SINCE_DECISION_MEAN,0.7537092777601355,0.7537092777601355,Spearman rho on observed values
INST_DUE_SUM,PREV_ANNUITY_MAX,0.7534164848730862,0.7534164848730862,Spearman rho on observed values
AMT_CREDIT,CREDIT_TO_INCOME,0.7529661938846206,0.7529661938846206,Spearman rho on observed values
POS_FUTURE_INSTALLMENTS_MEAN,PREV_PAYMENT_COUNT_MEAN,0.7523436962364624,0.7523436962364624,Spearman rho on observed values
CC_PAYMENT_TOTAL_SUM,INST_UNIQUE_NUMBER_COUNT,0.7513699739648737,0.7513699739648737,Spearman rho on observed values
CC_OLDEST_MONTH,INST_UNIQUE_NUMBER_COUNT,-0.7512908652067694,0.7512908652067694,Spearman rho on observed values
APARTMENTS_AVG,FLOORSMAX_AVG,0.7512835792400518,0.7512835792400518,Spearman rho on observed values
CC_DRAWINGS_SUM,CC_UTILIZATION_MEAN,0.750749731843515,0.750749731843515,Spearman rho on observed values
APARTMENTS_AVG,FLOORSMAX_MEDI,0.7492385210438739,0.7492385210438739,Spearman rho on observed values
INST_LATE_PAYMENT_RATE,INST_SHORTFALL_MAX,0.7492160909088347,0.7492160909088347,Spearman rho on observed values
POS_INSTALLMENT_COUNT_MEAN,PREV_PAYMENT_COUNT_MAX,0.7490547866338829,0.7490547866338829,Spearman rho on observed values
INST_PAYMENT_COUNT,PREV_APPROVED_COUNT,0.7484243338077983,0.7484243338077983,Spearman rho on observed values
POS_INSTALLMENT_COUNT_MAX,PREV_PAYMENT_COUNT_MEAN,0.7478391850372251,0.7478391850372251,Spearman rho on observed values
CC_PAYMENT_TOTAL_SUM,CC_UTILIZATION_MAX,0.7475252825253499,0.7475252825253499,Spearman rho on observed values
APARTMENTS_MEDI,FLOORSMAX_MEDI,0.7469552326838207,0.7469552326838207,Spearman rho on observed values
APARTMENTS_MEDI,FLOORSMAX_AVG,0.7460698756307172,0.7460698756307172,Spearman rho on observed values
INST_PAYMENT_RATIO,INST_SHORT_PAYMENT_COUNT,-0.7454085246111081,0.7454085246111081,Spearman rho on observed values
APARTMENTS_AVG,FLOORSMAX_MODE,0.745356308893514,0.745356308893514,Spearman rho on observed values
POS_COMPLETED_MONTH_COUNT,POS_MONTH_COUNT,0.7451344893129908,0.7451344893129908,Spearman rho on observed values
EXT_SOURCE_1,EXT_SOURCE_MEAN,0.744456621921906,0.744456621921906,Spearman rho on observed values
APARTMENTS_MEDI,FLOORSMAX_MODE,0.7440034334102921,0.7440034334102921,Spearman rho on observed values
PREV_APPLICATION_AMOUNT_MEAN,PREV_CREDIT_SUM,0.7437547086418553,0.7437547086418553,Spearman rho on observed values
CC_BALANCE_SUM,INST_UNIQUE_NUMBER_COUNT,0.7434303386613481,0.7434303386613481,Spearman rho on observed values
CC_BALANCE_MAX,CC_UTILIZATION_MAX,0.7431041748195397,0.7431041748195397,Spearman rho on observed values
PREV_RECENT_24M_COUNT,PREV_UNIQUE_APPLICATION_COUNT,0.7422614764716472,0.7422614764716472,Spearman rho on observed values
PREV_APPLICATION_COUNT,PREV_RECENT_24M_COUNT,0.7422614764716472,0.7422614764716472,Spearman rho on observed values
POS_FUTURE_INSTALLMENTS_MEAN,PREV_PAYMENT_COUNT_MAX,0.7420407875288922,0.7420407875288922,Spearman rho on observed values
CC_RECEIVABLE_MAX,CC_UTILIZATION_MAX,0.7414686905464155,0.7414686905464155,Spearman rho on observed values
FLOORSMAX_MEDI,LIVINGAREA_MODE,0.7408859581334516,0.7408859581334516,Spearman rho on observed values
FLOORSMAX_AVG,LIVINGAREA_MODE,0.7380029890691501,0.7380029890691501,Spearman rho on observed values
PREV_CANCELED_COUNT,PREV_RECENT_12M_COUNT,0.7373478024325376,0.7373478024325376,Spearman rho on observed values
INST_CONTRACT_COUNT,INST_DUE_SUM,0.736432407676714,0.736432407676714,Spearman rho on observed values
INST_PAYMENT_RATIO,INST_SHORTFALL_SUM,-0.7361774415296014,0.7361774415296014,Spearman rho on observed values
AMT_GOODS_PRICE,CREDIT_TO_INCOME,0.7351331682899038,0.7351331682899038,Spearman rho on observed values
BUREAU_RECENT_12M_COUNT,BUREAU_RECENT_24M_COUNT,0.7350663329927236,0.7350663329927236,Spearman rho on observed values
APARTMENTS_MODE,FLOORSMAX_MODE,0.7337682793120854,0.7337682793120854,Spearman rho on observed values
PREV_CANCELED_COUNT,PREV_RECENT_24M_COUNT,0.7328250470509905,0.7328250470509905,Spearman rho on observed values
INST_CONTRACT_COUNT,INST_PAID_SUM,0.7323179286663631,0.7323179286663631,Spearman rho on observed values
CC_DRAWING_COUNT_SUM,CC_UTILIZATION_MAX,0.7319056067055887,0.7319056067055887,Spearman rho on observed values
PREV_DAYS_SINCE_DECISION_MIN,PREV_RECENT_24M_COUNT,-0.7281351767555762,0.7281351767555762,Spearman rho on observed values
POS_INSTALLMENT_COUNT_MEAN,PREV_ANNUITY_TO_CREDIT_MEAN,-0.7254710412839975,0.7254710412839975,Spearman rho on observed values
BB_MONTHS_OBSERVED,BUREAU_DAYS_SINCE_CREDIT_MAX,0.7252623394979062,0.7252623394979062,Spearman rho on observed values
INST_DUE_SUM,POS_MONTH_COUNT,0.7247470088060088,0.7247470088060088,Spearman rho on observed values
ELEVATORS_AVG,LIVINGAREA_AVG,0.7230409588871992,0.7230409588871992,Spearman rho on observed values
EXT_SOURCE_2,EXT_SOURCE_MEAN,0.7221303638044825,0.7221303638044825,Spearman rho on observed values
INST_DUE_SUM,POS_ACTIVE_MONTH_COUNT,0.7206177422154667,0.7206177422154667,Spearman rho on observed values
CC_ACTIVE_MONTH_COUNT,INST_PAYMENT_COUNT,0.7200326398009818,0.7200326398009818,Spearman rho on observed values
CC_MONTH_COUNT,INST_PAYMENT_COUNT,0.7187543413976524,0.7187543413976524,Spearman rho on observed values
INST_PAYMENT_COUNT,POS_CONTRACT_COUNT,0.7185507393095478,0.7185507393095478,Spearman rho on observed values
CC_DRAWINGS_MEAN,CC_PAYMENT_TOTAL_SUM,0.7183280877003958,0.7183280877003958,Spearman rho on observed values
ELEVATORS_MEDI,LIVINGAREA_AVG,0.7179156718035603,0.7179156718035603,Spearman rho on observed values
APARTMENTS_MODE,FLOORSMAX_MEDI,0.7167978156917502,0.7167978156917502,Spearman rho on observed values
FLOORSMAX_AVG,LIVINGAPARTMENTS_AVG,0.7166857626443038,0.7166857626443038,Spearman rho on observed values
ELEVATORS_MEDI,LIVINGAREA_MEDI,0.715702044605411,0.715702044605411,Spearman rho on observed values
ELEVATORS_AVG,TOTALAREA_MODE,0.7151832541718378,0.7151832541718378,Spearman rho on observed values
CC_DRAWINGS_SUM,CC_UTILIZATION_MAX,0.7147945011508237,0.7147945011508237,Spearman rho on observed values
ELEVATORS_AVG,LIVINGAREA_MEDI,0.7141966995618865,0.7141966995618865,Spearman rho on observed values
APARTMENTS_MODE,FLOORSMAX_AVG,0.7141074504269205,0.7141074504269205,Spearman rho on observed values
FLOORSMAX_MEDI,LIVINGAPARTMENTS_AVG,0.7132805772010724,0.7132805772010724,Spearman rho on observed values
INST_DUE_MEAN,PREV_ANNUITY_MAX,0.7131649690219755,0.7131649690219755,Spearman rho on observed values
BB_CLOSED_MONTHS,BUREAU_CLOSED_COUNT,0.7123875798066204,0.7123875798066204,Spearman rho on observed values
INST_PAID_SUM,POS_MONTH_COUNT,0.7122570700934403,0.7122570700934403,Spearman rho on observed values
FLOORSMAX_AVG,LIVINGAPARTMENTS_MEDI,0.7120794303463783,0.7120794303463783,Spearman rho on observed values
ELEVATORS_MEDI,TOTALAREA_MODE,0.7116021465288723,0.7116021465288723,Spearman rho on observed values
FLOORSMAX_MEDI,LIVINGAPARTMENTS_MEDI,0.7114089777278206,0.7114089777278206,Spearman rho on observed values
BASEMENTAREA_AVG,LIVINGAREA_AVG,0.7113193300058923,0.7113193300058923,Spearman rho on observed values
PREV_APPROVAL_RATE,PREV_CANCELED_COUNT,-0.7105088426841146,0.7105088426841146,Spearman rho on observed values
CC_OLDEST_MONTH,INST_PAYMENT_COUNT,-0.7100357901755052,0.7100357901755052,Spearman rho on observed values
FLOORSMAX_MODE,LIVINGAPARTMENTS_AVG,0.7097592485593677,0.7097592485593677,Spearman rho on observed values
FLOORSMAX_MODE,LIVINGAPARTMENTS_MEDI,0.7089194775809976,0.7089194775809976,Spearman rho on observed values
BUREAU_DAYS_SINCE_CREDIT_MIN,BUREAU_RECENT_24M_COUNT,-0.7088953364357533,0.7088953364357533,Spearman rho on observed values
BASEMENTAREA_AVG,LIVINGAREA_MEDI,0.7080406073584545,0.7080406073584545,Spearman rho on observed values
INST_PAID_SUM,POS_ACTIVE_MONTH_COUNT,0.7079662757585128,0.7079662757585128,Spearman rho on observed values
BASEMENTAREA_MEDI,LIVINGAREA_MEDI,0.7071891698938013,0.7071891698938013,Spearman rho on observed values
POS_ACTIVE_MONTH_COUNT,POS_COMPLETED_MONTH_COUNT,0.7070737421729023,0.7070737421729023,Spearman rho on observed values
BASEMENTAREA_MEDI,LIVINGAREA_AVG,0.7064435057288847,0.7064435057288847,Spearman rho on observed values
BASEMENTAREA_AVG,TOTALAREA_MODE,0.7061191779444751,0.7061191779444751,Spearman rho on observed values
ELEVATORS_MODE,TOTALAREA_MODE,0.705891587130533,0.705891587130533,Spearman rho on observed values
ELEVATORS_MODE,LIVINGAREA_MEDI,0.7049625927246486,0.7049625927246486,Spearman rho on observed values
ELEVATORS_MODE,LIVINGAREA_AVG,0.7049375884261071,0.7049375884261071,Spearman rho on observed values
INST_PAID_MEAN,PREV_ANNUITY_MAX,0.703792215376449,0.703792215376449,Spearman rho on observed values
INST_DUE_SUM,PREV_APPROVED_COUNT,0.7025205417835092,0.7025205417835092,Spearman rho on observed values
POS_FUTURE_INSTALLMENTS_MEAN,PREV_ANNUITY_TO_CREDIT_MEAN,-0.7023247409602834,0.7023247409602834,Spearman rho on observed values
INST_PAYMENT_RATIO,INST_SHORTFALL_MAX,-0.7016648506142484,0.7016648506142484,Spearman rho on observed values
BASEMENTAREA_MEDI,TOTALAREA_MODE,0.7015144416751307,0.7015144416751307,Spearman rho on observed values
PREV_ANNUITY_MEAN,PREV_CREDIT_SUM,0.7006365872594792,0.7006365872594792,Spearman rho on observed values
INST_PAID_SUM,PREV_APPROVED_COUNT,0.6998012574511723,0.6998012574511723,Spearman rho on observed values
INST_PAID_SUM,PREV_CREDIT_MEAN,0.6992593994357763,0.6992593994357763,Spearman rho on observed values
BASEMENTAREA_MODE,LIVINGAREA_MODE,0.6987112315002156,0.6987112315002156,Spearman rho on observed values
APARTMENTS_AVG,BASEMENTAREA_AVG,0.6985211624285282,0.6985211624285282,Spearman rho on observed values
EXT_SOURCE_3,EXT_SOURCE_MEAN,0.6964560429121541,0.6964560429121541,Spearman rho on observed values
APARTMENTS_MEDI,BASEMENTAREA_AVG,0.6955997514833194,0.6955997514833194,Spearman rho on observed values
APARTMENTS_MEDI,BASEMENTAREA_MEDI,0.6954227749615435,0.6954227749615435,Spearman rho on observed values
INST_DUE_SUM,PREV_CREDIT_MEAN,0.6949114113118589,0.6949114113118589,Spearman rho on observed values
CC_PAYMENT_TOTAL_SUM,CC_UTILIZATION_MEAN,0.694884030145017,0.694884030145017,Spearman rho on observed values
NONLIVINGAPARTMENTS_MODE,NONLIVINGAREA_MODE,0.6944557174962771,0.6944557174962771,Spearman rho on observed values
APARTMENTS_AVG,BASEMENTAREA_MEDI,0.6942652436584198,0.6942652436584198,Spearman rho on observed values
BASEMENTAREA_MEDI,LIVINGAREA_MODE,0.6931063415100166,0.6931063415100166,Spearman rho on observed values
FLOORSMAX_MODE,LIVINGAPARTMENTS_MODE,0.6930437041081233,0.6930437041081233,Spearman rho on observed values
APARTMENTS_AVG,ELEVATORS_AVG,0.6924468334718694,0.6924468334718694,Spearman rho on observed values
BASEMENTAREA_AVG,LIVINGAREA_MODE,0.691992754438627,0.691992754438627,Spearman rho on observed values
PREV_APPROVAL_RATE,PREV_REFUSED_COUNT,-0.6915744813198926,0.6915744813198926,Spearman rho on observed values
BUREAU_ACTIVE_COUNT,BUREAU_RECENT_24M_COUNT,0.6913786378542935,0.6913786378542935,Spearman rho on observed values
BB_DELINQUENT_MONTH_RATE,BB_RECENT_12M_DELINQUENT_MONTHS,0.6911803938556177,0.6911803938556177,Spearman rho on observed values
PREV_APPROVED_COUNT,PREV_CREDIT_SUM,0.6905670717404861,0.6905670717404861,Spearman rho on observed values
PREV_CANCELED_COUNT,PREV_CASH_LOAN_COUNT,0.6899964715444873,0.6899964715444873,Spearman rho on observed values
PREV_APPROVAL_RATE,PREV_REFUSAL_RATE,-0.689951703428838,0.689951703428838,Spearman rho on observed values
PREV_CASH_LOAN_COUNT,PREV_CREDIT_MAX,0.6886526817467988,0.6886526817467988,Spearman rho on observed values
BUREAU_ACTIVE_COUNT,BUREAU_UNIQUE_CREDIT_COUNT,0.6884521722114475,0.6884521722114475,Spearman rho on observed values
BUREAU_ACTIVE_COUNT,BUREAU_CREDIT_COUNT,0.6884521722114475,0.6884521722114475,Spearman rho on observed values
APARTMENTS_AVG,ELEVATORS_MEDI,0.6879375358353836,0.6879375358353836,Spearman rho on observed values
APARTMENTS_MODE,BASEMENTAREA_MODE,0.6866832558431474,0.6866832558431474,Spearman rho on observed values
CC_BALANCE_SUM,CC_DRAWINGS_MEAN,0.6863123040693635,0.6863123040693635,Spearman rho on observed values
ELEVATORS_AVG,LIVINGAPARTMENTS_AVG,0.6862000417570653,0.6862000417570653,Spearman rho on observed values
APARTMENTS_MEDI,ELEVATORS_MEDI,0.6851019307448148,0.6851019307448148,Spearman rho on observed values
ELEVATORS_MODE,LIVINGAREA_MODE,0.6844252623079741,0.6844252623079741,Spearman rho on observed values
BASEMENTAREA_AVG,LIVINGAPARTMENTS_AVG,0.6836433100132091,0.6836433100132091,Spearman rho on observed values
APARTMENTS_MEDI,ELEVATORS_AVG,0.6836048380803178,0.6836048380803178,Spearman rho on observed values
NONLIVINGAPARTMENTS_MEDI,NONLIVINGAREA_MEDI,0.6828322491031655,0.6828322491031655,Spearman rho on observed values
BASEMENTAREA_AVG,LIVINGAPARTMENTS_MEDI,0.6822635013504065,0.6822635013504065,Spearman rho on observed values
EMERGENCYSTATE_MODE,WALLSMATERIAL_MODE,0.6820071949904412,0.6820071949904412,Cramer's V
APARTMENTS_MODE,BASEMENTAREA_MEDI,0.6817896843567133,0.6817896843567133,Spearman rho on observed values
ELEVATORS_MEDI,LIVINGAPARTMENTS_AVG,0.68126061278614,0.68126061278614,Spearman rho on observed values
BASEMENTAREA_MEDI,LIVINGAPARTMENTS_MEDI,0.681259160671113,0.681259160671113,Spearman rho on observed values
NONLIVINGAPARTMENTS_AVG,NONLIVINGAREA_AVG,0.6811684495563491,0.6811684495563491,Spearman rho on observed values
FLOORSMAX_MEDI,LIVINGAPARTMENTS_MODE,0.6810629376335917,0.6810629376335917,Spearman rho on observed values
APARTMENTS_MODE,BASEMENTAREA_AVG,0.6809966547259921,0.6809966547259921,Spearman rho on observed values
INST_PAID_SUM,POS_INSTALLMENT_COUNT_MAX,0.6806930843790029,0.6806930843790029,Spearman rho on observed values
INST_DUE_SUM,POS_CONTRACT_COUNT,0.6802879661184904,0.6802879661184904,Spearman rho on observed values
ELEVATORS_MEDI,LIVINGAPARTMENTS_MEDI,0.6802094827629618,0.6802094827629618,Spearman rho on observed values
ELEVATORS_AVG,LIVINGAPARTMENTS_MEDI,0.679095963629838,0.679095963629838,Spearman rho on observed values
FLOORSMAX_AVG,LIVINGAPARTMENTS_MODE,0.6786740866797083,0.6786740866797083,Spearman rho on observed values
BASEMENTAREA_MEDI,LIVINGAPARTMENTS_AVG,0.6784668608357286,0.6784668608357286,Spearman rho on observed values
BB_DELINQUENT_MONTHS,BB_RECENT_12M_DELINQUENT_MONTHS,0.6783243770348409,0.6783243770348409,Spearman rho on observed values
APARTMENTS_AVG,ELEVATORS_MODE,0.6773786025815046,0.6773786025815046,Spearman rho on observed values
APARTMENTS_MEDI,ELEVATORS_MODE,0.6771334910194395,0.6771334910194395,Spearman rho on observed values
INST_PAID_SUM,POS_CONTRACT_COUNT,0.6761948209216613,0.6761948209216613,Spearman rho on observed values
BUREAU_CREDIT_COUNT,BUREAU_CREDIT_SUM,0.6758704313211829,0.6758704313211829,Spearman rho on observed values
BUREAU_CREDIT_SUM,BUREAU_UNIQUE_CREDIT_COUNT,0.6758704313211829,0.6758704313211829,Spearman rho on observed values
INST_DUE_SUM,POS_INSTALLMENT_COUNT_MAX,0.6754950831732905,0.6754950831732905,Spearman rho on observed values
CC_BALANCE_SUM,INST_VERSION_MEAN,-0.6750655890208033,0.6750655890208033,Spearman rho on observed values
BUREAU_CREDIT_SUM,BUREAU_DEBT_SUM,0.6742628586971022,0.6742628586971022,Spearman rho on observed values
INST_DUE_MEAN,PREV_APPLICATION_AMOUNT_MEAN,0.6735779823776396,0.6735779823776396,Spearman rho on observed values
AMT_CREDIT,CREDIT_TO_ANNUITY,0.6734385194858261,0.6734385194858261,Spearman rho on observed values
PREV_APPLICATION_AMOUNT_MAX,PREV_CASH_LOAN_COUNT,0.6732279733615645,0.6732279733615645,Spearman rho on observed values
PREV_ANNUITY_TO_CREDIT_MEAN,PREV_PAYMENT_COUNT_MEAN,-0.6727927330457415,0.6727927330457415,Spearman rho on observed values
NONLIVINGAPARTMENTS_AVG,NONLIVINGAREA_MEDI,0.6720351684555773,0.6720351684555773,Spearman rho on observed values
CC_PAYMENT_TOTAL_SUM,INST_VERSION_MEAN,-0.6719082271536354,0.6719082271536354,Spearman rho on observed values
BASEMENTAREA_MEDI,LIVINGAPARTMENTS_MODE,0.6708915785682101,0.6708915785682101,Spearman rho on observed values
BASEMENTAREA_AVG,LIVINGAPARTMENTS_MODE,0.6707950005962802,0.6707950005962802,Spearman rho on observed values
POS_MONTH_COUNT,PREV_APPLICATION_COUNT,0.6697739233425091,0.6697739233425091,Spearman rho on observed values
POS_MONTH_COUNT,PREV_UNIQUE_APPLICATION_COUNT,0.6697739233425091,0.6697739233425091,Spearman rho on observed values
BASEMENTAREA_MODE,LIVINGAREA_MEDI,0.6695415400431973,0.6695415400431973,Spearman rho on observed values
ELEVATORS_MODE,LIVINGAPARTMENTS_AVG,0.6690271750791771,0.6690271750791771,Spearman rho on observed values
ELEVATORS_MODE,LIVINGAPARTMENTS_MEDI,0.6689983746973607,0.6689983746973607,Spearman rho on observed values
BASEMENTAREA_MODE,TOTALAREA_MODE,0.6683990897310075,0.6683990897310075,Spearman rho on observed values
ELEVATORS_MEDI,LIVINGAREA_MODE,0.6673823401525213,0.6673823401525213,Spearman rho on observed values
EMERGENCYSTATE_MODE,HOUSETYPE_MODE,0.6670084003786942,0.6670084003786942,Cramer's V
NONLIVINGAPARTMENTS_MEDI,NONLIVINGAREA_AVG,0.6656752948631592,0.6656752948631592,Spearman rho on observed values
INST_PAID_MEAN,PREV_APPLICATION_AMOUNT_MEAN,0.6653415148793015,0.6653415148793015,Spearman rho on observed values
CC_UTILIZATION_MAX,INST_VERSION_MEAN,-0.6640884098284298,0.6640884098284298,Spearman rho on observed values
BASEMENTAREA_MODE,LIVINGAPARTMENTS_MODE,0.6636805590912568,0.6636805590912568,Spearman rho on observed values
BASEMENTAREA_MODE,LIVINGAREA_AVG,0.6634453382076964,0.6634453382076964,Spearman rho on observed values
PREV_CASH_LOAN_COUNT,PREV_RECENT_24M_COUNT,0.6628315263984079,0.6628315263984079,Spearman rho on observed values
EXT_SOURCE_MIN,EXT_SOURCE_STD,-0.6627011105092678,0.6627011105092678,Spearman rho on observed values
BUREAU_CREDIT_SUM,BUREAU_DEBT_MAX,0.6621674235759201,0.6621674235759201,Spearman rho on observed values
INST_LATE_PAYMENT_COUNT,INST_RECENT_24M_LATE_COUNT,0.6619936288280375,0.6619936288280375,Spearman rho on observed values
INST_CONTRACT_COUNT,PREV_CREDIT_SUM,0.6617081524074888,0.6617081524074888,Spearman rho on observed values
BUREAU_CREDIT_MAX,BUREAU_DEBT_MAX,0.6616038614619763,0.6616038614619763,Spearman rho on observed values
ELEVATORS_AVG,LIVINGAREA_MODE,0.6613768255071946,0.6613768255071946,Spearman rho on observed values
PREV_CASH_LOAN_COUNT,PREV_PAYMENT_COUNT_MAX,0.6612789258908027,0.6612789258908027,Spearman rho on observed values
APARTMENTS_MEDI,BASEMENTAREA_MODE,0.6607061555051421,0.6607061555051421,Spearman rho on observed values
APARTMENTS_MODE,ELEVATORS_MODE,0.660243611848476,0.660243611848476,Spearman rho on observed values
INST_LATE_DAYS_MEAN,INST_PAYMENT_RATIO,-0.6594557325783755,0.6594557325783755,Spearman rho on observed values
BUREAU_ACTIVE_COUNT,BUREAU_DEBT_SUM,0.658612026244643,0.658612026244643,Spearman rho on observed values
CC_PAYMENT_TOTAL_SUM,INST_PAYMENT_COUNT,0.6582454405475934,0.6582454405475934,Spearman rho on observed values
FLOORSMAX_AVG,FLOORSMIN_AVG,0.6578494821577822,0.6578494821577822,Spearman rho on observed values
INST_LATE_PAYMENT_RATE,INST_PAYMENT_RATIO,-0.6569399890978234,0.6569399890978234,Spearman rho on observed values
NONLIVINGAPARTMENTS_MEDI,NONLIVINGAREA_MODE,0.6566869840840811,0.6566869840840811,Spearman rho on observed values
POS_ACTIVE_MONTH_COUNT,PREV_UNIQUE_APPLICATION_COUNT,0.6566606155031018,0.6566606155031018,Spearman rho on observed values
POS_ACTIVE_MONTH_COUNT,PREV_APPLICATION_COUNT,0.6566606155031018,0.6566606155031018,Spearman rho on observed values
POS_COMPLETED_MONTH_COUNT,PREV_APPLICATION_COUNT,0.6566545429242647,0.6566545429242647,Spearman rho on observed values
POS_COMPLETED_MONTH_COUNT,PREV_UNIQUE_APPLICATION_COUNT,0.6566545429242647,0.6566545429242647,Spearman rho on observed values
INST_DUE_SUM,INST_UNIQUE_NUMBER_COUNT,0.6565407609409948,0.6565407609409948,Spearman rho on observed values
CC_BALANCE_SUM,INST_PAYMENT_COUNT,0.6562543764133233,0.6562543764133233,Spearman rho on observed values
PREV_APPROVAL_RATE,PREV_RECENT_24M_COUNT,-0.6560227222470232,0.6560227222470232,Spearman rho on observed values
FLOORSMAX_MEDI,FLOORSMIN_MEDI,0.6553414847477289,0.6553414847477289,Spearman rho on observed values
PREV_CREDIT_MEAN,PREV_PAYMENT_COUNT_MAX,0.6547534717937259,0.6547534717937259,Spearman rho on observed values
INST_DUE_MEAN,PREV_CREDIT_MEAN,0.6544002803898205,0.6544002803898205,Spearman rho on observed values
FLOORSMAX_MEDI,FLOORSMIN_AVG,0.6542426043949516,0.6542426043949516,Spearman rho on observed values
AMT_GOODS_PRICE,CREDIT_TO_ANNUITY,0.6542094871582951,0.6542094871582951,Spearman rho on observed values
BASEMENTAREA_AVG,ENTRANCES_AVG,0.6538473286049495,0.6538473286049495,Spearman rho on observed values
FLOORSMAX_AVG,FLOORSMIN_MEDI,0.653771735221447,0.653771735221447,Spearman rho on observed values
BASEMENTAREA_MEDI,ENTRANCES_AVG,0.6537427310886817,0.6537427310886817,Spearman rho on observed values
APARTMENTS_AVG,BASEMENTAREA_MODE,0.6537339224854575,0.6537339224854575,Spearman rho on observed values
ELEVATORS_MODE,LIVINGAPARTMENTS_MODE,0.6522632445186759,0.6522632445186759,Spearman rho on observed values
BASEMENTAREA_MEDI,ENTRANCES_MEDI,0.652082446376004,0.652082446376004,Spearman rho on observed values
INST_UNIQUE_NUMBER_COUNT,POS_ACTIVE_MONTH_COUNT,0.6513733836214625,0.6513733836214625,Spearman rho on observed values
BUREAU_CREDIT_MAX,BUREAU_DEBT_SUM,0.651004169938566,0.651004169938566,Spearman rho on observed values
EXT_SOURCE_1,EXT_SOURCE_MAX,0.6500725629291645,0.6500725629291645,Spearman rho on observed values
NONLIVINGAPARTMENTS_MODE,NONLIVINGAREA_MEDI,0.6493302049447561,0.6493302049447561,Spearman rho on observed values
AMT_REQ_CREDIT_BUREAU_YEAR,PREV_CASH_LOAN_COUNT,0.6490978213609476,0.6490978213609476,Spearman rho on observed values
BASEMENTAREA_AVG,ENTRANCES_MEDI,0.6474187603564198,0.6474187603564198,Spearman rho on observed values
CC_UTILIZATION_MAX,INST_UNIQUE_NUMBER_COUNT,0.6471827639477572,0.6471827639477572,Spearman rho on observed values
INST_PAID_MEAN,PREV_CREDIT_MEAN,0.6459650392281542,0.6459650392281542,Spearman rho on observed values
CC_MONTH_COUNT,INST_DAYS_SINCE_DUE_MAX,0.645283147653034,0.645283147653034,Spearman rho on observed values
CC_OLDEST_MONTH,INST_DAYS_SINCE_DUE_MAX,-0.6452125791077966,0.6452125791077966,Spearman rho on observed values
INST_PAYMENT_COUNT,PREV_APPLICATION_COUNT,0.6449772984434833,0.6449772984434833,Spearman rho on observed values
INST_PAYMENT_COUNT,PREV_UNIQUE_APPLICATION_COUNT,0.6449772984434833,0.6449772984434833,Spearman rho on observed values
FLOORSMAX_MODE,FLOORSMIN_MEDI,0.6437764393724995,0.6437764393724995,Spearman rho on observed values
INST_PAID_SUM,INST_UNIQUE_NUMBER_COUNT,0.6436825811660568,0.6436825811660568,Spearman rho on observed values
PREV_CREDIT_TO_APPLICATION_MEAN,PREV_DOWN_PAYMENT_RATE_MEAN,-0.6436033730664609,0.6436033730664609,Spearman rho on observed values
BASEMENTAREA_MODE,ENTRANCES_MODE,0.6429669441325115,0.6429669441325115,Spearman rho on observed values
FLOORSMAX_MODE,FLOORSMIN_AVG,0.6426634220300477,0.6426634220300477,Spearman rho on observed values
INST_LATE_DAYS_SUM,INST_PAYMENT_RATIO,-0.641257291647871,0.641257291647871,Spearman rho on observed values
CREDIT_TO_ANNUITY,CREDIT_TO_INCOME,0.6406355626784195,0.6406355626784195,Spearman rho on observed values
APARTMENTS_MODE,ELEVATORS_MEDI,0.6403493567605675,0.6403493567605675,Spearman rho on observed values
INST_DUE_SUM,PREV_UNIQUE_APPLICATION_COUNT,0.639695665950278,0.639695665950278,Spearman rho on observed values
INST_DUE_SUM,PREV_APPLICATION_COUNT,0.639695665950278,0.639695665950278,Spearman rho on observed values
INST_PAID_SUM,PREV_APPLICATION_COUNT,0.6396146807648356,0.6396146807648356,Spearman rho on observed values
INST_PAID_SUM,PREV_UNIQUE_APPLICATION_COUNT,0.6396146807648356,0.6396146807648356,Spearman rho on observed values
INST_PAYMENT_COUNT,PREV_CREDIT_SUM,0.6392270819437562,0.6392270819437562,Spearman rho on observed values
ELEVATORS_MEDI,LIVINGAPARTMENTS_MODE,0.6391686692105123,0.6391686692105123,Spearman rho on observed values
POS_INSTALLMENT_COUNT_MAX,PREV_CREDIT_MAX,0.6388212370328527,0.6388212370328527,Spearman rho on observed values
BASEMENTAREA_MODE,ENTRANCES_MEDI,0.6383170904291857,0.6383170904291857,Spearman rho on observed values
NONLIVINGAPARTMENTS_AVG,NONLIVINGAREA_MODE,0.6381950228008857,0.6381950228008857,Spearman rho on observed values
INST_PAID_SUM,PREV_APPLICATION_AMOUNT_MEAN,0.6376741238007837,0.6376741238007837,Spearman rho on observed values
BASEMENTAREA_MODE,ENTRANCES_AVG,0.6370366404759823,0.6370366404759823,Spearman rho on observed values
BASEMENTAREA_MODE,LIVINGAPARTMENTS_MEDI,0.6369391867005341,0.6369391867005341,Spearman rho on observed values
BB_MAX_DELINQUENCY_LEVEL,BB_RECENT_12M_DELINQUENT_MONTHS,0.636777920284488,0.636777920284488,Spearman rho on observed values
CC_ACTIVE_MONTH_COUNT,INST_DAYS_SINCE_DUE_MAX,0.6364902866627382,0.6364902866627382,Spearman rho on observed values
INST_UNIQUE_NUMBER_COUNT,POS_MONTH_COUNT,0.6359604664781028,0.6359604664781028,Spearman rho on observed values
APARTMENTS_MODE,ELEVATORS_AVG,0.6347935720603953,0.6347935720603953,Spearman rho on observed values
POS_INSTALLMENT_COUNT_MAX,PREV_CREDIT_SUM,0.6347361537433976,0.6347361537433976,Spearman rho on observed values
POS_ACTIVE_MONTH_COUNT,POS_INSTALLMENT_COUNT_MAX,0.6345798504843058,0.6345798504843058,Spearman rho on observed values
ELEVATORS_AVG,LIVINGAPARTMENTS_MODE,0.6345212435433204,0.6345212435433204,Spearman rho on observed values
INST_DUE_MEAN,PREV_APPLICATION_AMOUNT_MAX,0.633882560203431,0.633882560203431,Spearman rho on observed values
INST_PAID_SUM,PREV_CASH_LOAN_COUNT,0.6334533575466488,0.6334533575466488,Spearman rho on observed values
INST_PAID_SUM,PREV_ANNUITY_MEAN,0.6331514612454956,0.6331514612454956,Spearman rho on observed values
FLOORSMAX_MODE,FLOORSMIN_MODE,0.6328586212399273,0.6328586212399273,Spearman rho on observed values
POS_MONTH_COUNT,PREV_CREDIT_SUM,0.632614917032803,0.632614917032803,Spearman rho on observed values
INST_DUE_SUM,PREV_APPLICATION_AMOUNT_MEAN,0.6324647938265365,0.6324647938265365,Spearman rho on observed values
BASEMENTAREA_MODE,LIVINGAPARTMENTS_AVG,0.6319720760456372,0.6319720760456372,Spearman rho on observed values
INST_LATE_PAYMENT_RATE,INST_RECENT_24M_LATE_COUNT,0.631210794458011,0.631210794458011,Spearman rho on observed values
PREV_APPROVAL_RATE,PREV_UNIQUE_APPLICATION_COUNT,-0.6310270139005455,0.6310270139005455,Spearman rho on observed values
PREV_APPLICATION_COUNT,PREV_APPROVAL_RATE,-0.6310270139005455,0.6310270139005455,Spearman rho on observed values
INST_PAID_MEAN,PREV_APPLICATION_AMOUNT_MAX,0.630774141205941,0.630774141205941,Spearman rho on observed values
INST_DUE_SUM,PREV_CASH_LOAN_COUNT,0.630717110951672,0.630717110951672,Spearman rho on observed values
INST_LATE_PAYMENT_COUNT,INST_PAYMENT_RATIO,-0.6305138690218616,0.6305138690218616,Spearman rho on observed values
POS_INSTALLMENT_COUNT_MAX,PREV_APPLICATION_AMOUNT_MAX,0.6301165423560516,0.6301165423560516,Spearman rho on observed values
INST_RECENT_24M_LATE_COUNT,INST_SHORTFALL_MAX,0.6292731607569128,0.6292731607569128,Spearman rho on observed values
INST_DUE_SUM,PREV_ANNUITY_MEAN,0.6282935476578708,0.6282935476578708,Spearman rho on observed values
POS_ACTIVE_MONTH_COUNT,PREV_CREDIT_SUM,0.6282151615939946,0.6282151615939946,Spearman rho on observed values
FLOORSMAX_MEDI,FLOORSMIN_MODE,0.6278413121901084,0.6278413121901084,Spearman rho on observed values
NONLIVINGAPARTMENTS_MODE,NONLIVINGAREA_AVG,0.627690215430147,0.627690215430147,Spearman rho on observed values
INST_DUE_MEAN,INST_PAID_SUM,0.6269579893862325,0.6269579893862325,Spearman rho on observed values
INST_RECENT_24M_LATE_COUNT,INST_SHORTFALL_SUM,0.6268039374506639,0.6268039374506639,Spearman rho on observed values
CC_DRAWINGS_MEAN,CC_UTILIZATION_MAX,0.6265572229970016,0.6265572229970016,Spearman rho on observed values
BUREAU_CREDIT_COUNT,BUREAU_RECENT_24M_COUNT,0.6253097637264928,0.6253097637264928,Spearman rho on observed values
BUREAU_RECENT_24M_COUNT,BUREAU_UNIQUE_CREDIT_COUNT,0.6253097637264928,0.6253097637264928,Spearman rho on observed values
FLOORSMAX_AVG,FLOORSMIN_MODE,0.6251295378402567,0.6251295378402567,Spearman rho on observed values
POS_CONTRACT_COUNT,PREV_CREDIT_SUM,0.624666680143835,0.624666680143835,Spearman rho on observed values
PREV_APPLICATION_COUNT,PREV_CANCELED_COUNT,0.623860873110513,0.623860873110513,Spearman rho on observed values
PREV_CANCELED_COUNT,PREV_UNIQUE_APPLICATION_COUNT,0.623860873110513,0.623860873110513,Spearman rho on observed values
INST_PAID_MEAN,INST_PAID_SUM,0.6237057970906441,0.6237057970906441,Spearman rho on observed values
BUREAU_ACTIVE_RATE,BUREAU_DEBT_TO_CREDIT,0.6234854338617397,0.6234854338617397,Spearman rho on observed values
EXT_SOURCE_2,EXT_SOURCE_MIN,0.6229382636283602,0.6229382636283602,Spearman rho on observed values
POS_INSTALLMENT_COUNT_MAX,POS_MONTH_COUNT,0.6226883436798565,0.6226883436798565,Spearman rho on observed values
INST_LATE_DAYS_MAX,INST_PAYMENT_RATIO,-0.6212688265312186,0.6212688265312186,Spearman rho on observed values
INST_PAID_SUM,PREV_PAYMENT_COUNT_MAX,0.6204944639204508,0.6204944639204508,Spearman rho on observed values
PREV_APPLICATION_AMOUNT_MEAN,PREV_PAYMENT_COUNT_MAX,0.619854302563482,0.619854302563482,Spearman rho on observed values
PREV_APPLICATION_COUNT,PREV_CREDIT_MAX,0.6195824742211337,0.6195824742211337,Spearman rho on observed values
PREV_CREDIT_MAX,PREV_UNIQUE_APPLICATION_COUNT,0.6195824742211337,0.6195824742211337,Spearman rho on observed values
BASEMENTAREA_MEDI,ENTRANCES_MODE,0.6192177351747497,0.6192177351747497,Spearman rho on observed values
INST_PAYMENT_COUNT,POS_COMPLETED_MONTH_COUNT,0.6187481153042848,0.6187481153042848,Spearman rho on observed values
CC_ACTIVE_MONTH_COUNT,PREV_DAYS_SINCE_DECISION_MEAN,0.6175736946471014,0.6175736946471014,Spearman rho on observed values
INST_DUE_SUM,PREV_PAYMENT_COUNT_MAX,0.6165353739559657,0.6165353739559657,Spearman rho on observed values
CC_OLDEST_MONTH,PREV_DAYS_SINCE_DECISION_MEAN,-0.6164653641625166,0.6164653641625166,Spearman rho on observed values
EXT_SOURCE_2,EXT_SOURCE_MAX,0.6163490075747076,0.6163490075747076,Spearman rho on observed values
INST_DUE_MEAN,INST_DUE_SUM,0.6162845788688815,0.6162845788688815,Spearman rho on observed values
COMMONAREA_AVG,TOTALAREA_MODE,0.6161982010855476,0.6161982010855476,Spearman rho on observed values
EXT_SOURCE_1,EXT_SOURCE_MIN,0.6157684413505576,0.6157684413505576,Spearman rho on observed values
POS_CONTRACT_COUNT,PREV_CONSUMER_LOAN_COUNT,0.6155481723336212,0.6155481723336212,Spearman rho on observed values
INST_LATE_DAYS_MAX,POS_DPD_SUM,0.6144841532316333,0.6144841532316333,Spearman rho on observed values
INST_LATE_DAYS_MAX,POS_DPD_MAX,0.6140897502488004,0.6140897502488004,Spearman rho on observed values
BASEMENTAREA_AVG,ENTRANCES_MODE,0.6136010893998628,0.6136010893998628,Spearman rho on observed values
PREV_ANNUITY_TO_CREDIT_MEAN,PREV_PAYMENT_COUNT_MAX,-0.6135612924497541,0.6135612924497541,Spearman rho on observed values
INST_LATE_DAYS_MAX,POS_DPD_MEAN,0.6131011119499539,0.6131011119499539,Spearman rho on observed values
COMMONAREA_MEDI,TOTALAREA_MODE,0.6129029481194587,0.6129029481194587,Spearman rho on observed values
INST_DUE_SUM,POS_COMPLETED_MONTH_COUNT,0.6128408697374015,0.6128408697374015,Spearman rho on observed values
CC_MONTH_COUNT,PREV_DAYS_SINCE_DECISION_MEAN,0.612801801311281,0.612801801311281,Spearman rho on observed values
PREV_APPLICATION_COUNT,PREV_REFUSED_COUNT,0.6121628825046055,0.6121628825046055,Spearman rho on observed values
PREV_REFUSED_COUNT,PREV_UNIQUE_APPLICATION_COUNT,0.6121628825046055,0.6121628825046055,Spearman rho on observed values
BUREAU_CLOSED_COUNT,BUREAU_DAYS_SINCE_CREDIT_MAX,0.6120603826624127,0.6120603826624127,Spearman rho on observed values
POS_INSTALLMENT_COUNT_MAX,PREV_ANNUITY_TO_CREDIT_MEAN,-0.6119075616623536,0.6119075616623536,Spearman rho on observed values
INST_RECENT_24M_LATE_COUNT,INST_SHORTFALL_MEAN,0.6114184499732358,0.6114184499732358,Spearman rho on observed values
INST_DUE_MEAN,PREV_CREDIT_MAX,0.6103031779136034,0.6103031779136034,Spearman rho on observed values
INST_UNIQUE_NUMBER_COUNT,POS_INSTALLMENT_COUNT_MEAN,0.6101275363469922,0.6101275363469922,Spearman rho on observed values
PREV_APPROVAL_RATE,PREV_CASH_LOAN_COUNT,-0.6096139156442106,0.6096139156442106,Spearman rho on observed values
PREV_ANNUITY_MAX,PREV_CASH_LOAN_COUNT,0.6095299370463273,0.6095299370463273,Spearman rho on observed values
INST_LATE_DAYS_MAX,POS_DPD_MONTH_COUNT,0.6091064850760318,0.6091064850760318,Spearman rho on observed values
INST_LATE_DAYS_SUM,POS_DPD_SUM,0.6085653059022849,0.6085653059022849,Spearman rho on observed values
ENTRANCES_AVG,LIVINGAREA_AVG,0.6085103809294828,0.6085103809294828,Spearman rho on observed values
AMT_REQ_CREDIT_BUREAU_YEAR,PREV_UNIQUE_APPLICATION_COUNT,0.6080674984350195,0.6080674984350195,Spearman rho on observed values
AMT_REQ_CREDIT_BUREAU_YEAR,PREV_APPLICATION_COUNT,0.6080674984350195,0.6080674984350195,Spearman rho on observed values
ENTRANCES_AVG,LIVINGAREA_MEDI,0.607892420934621,0.607892420934621,Spearman rho on observed values
BUREAU_ACTIVE_COUNT,BUREAU_DEBT_MAX,0.6076038173060107,0.6076038173060107,Spearman rho on observed values
INST_LATE_DAYS_MAX,POS_DPD_MONTH_RATE,0.6075899849393311,0.6075899849393311,Spearman rho on observed values
INST_PAID_MEAN,PREV_CREDIT_MAX,0.6071325070635116,0.6071325070635116,Spearman rho on observed values
INST_LATE_DAYS_SUM,POS_DPD_MONTH_COUNT,0.6068788865567651,0.6068788865567651,Spearman rho on observed values
BB_CLOSED_MONTHS,BUREAU_DAYS_SINCE_CREDIT_MAX,0.6065604252717987,0.6065604252717987,Spearman rho on observed values
INST_LATE_DAYS_SUM,POS_DPD_MAX,0.6061075020052443,0.6061075020052443,Spearman rho on observed values
INST_PAID_SUM,POS_COMPLETED_MONTH_COUNT,0.6058664053871026,0.6058664053871026,Spearman rho on observed values
PREV_APPROVED_COUNT,PREV_CONSUMER_LOAN_COUNT,0.6056419728178282,0.6056419728178282,Spearman rho on observed values
INST_LATE_DAYS_SUM,POS_DPD_MEAN,0.605394675598991,0.605394675598991,Spearman rho on observed values
ENTRANCES_MEDI,LIVINGAREA_MEDI,0.6052140582042039,0.6052140582042039,Spearman rho on observed values
BB_CLOSED_MONTHS,BUREAU_UNIQUE_CREDIT_COUNT,0.60463764710066,0.60463764710066,Spearman rho on observed values
BB_CLOSED_MONTHS,BUREAU_CREDIT_COUNT,0.60463764710066,0.60463764710066,Spearman rho on observed values
CC_UTILIZATION_MEAN,INST_VERSION_MEAN,-0.6037036218009663,0.6037036218009663,Spearman rho on observed values
EXT_SOURCE_3,EXT_SOURCE_MIN,0.6028955122491902,0.6028955122491902,Spearman rho on observed values
BB_MONTHS_OBSERVED,BUREAU_DAYS_SINCE_CREDIT_MEAN,0.6028807425640195,0.6028807425640195,Spearman rho on observed values
ENTRANCES_AVG,LIVINGAREA_MODE,0.6024950703302531,0.6024950703302531,Spearman rho on observed values
INST_LATE_DAYS_MEAN,POS_DPD_MEAN,0.6024019473945661,0.6024019473945661,Spearman rho on observed values
INST_LATE_DAYS_SUM,POS_DPD_MONTH_RATE,0.6020193881033631,0.6020193881033631,Spearman rho on observed values
ENTRANCES_MEDI,LIVINGAREA_MODE,0.6014738771692153,0.6014738771692153,Spearman rho on observed values
INST_LATE_DAYS_MEAN,POS_DPD_SUM,0.6009883561201124,0.6009883561201124,Spearman rho on observed values
EXT_SOURCE_3,EXT_SOURCE_MAX,0.6009327896591727,0.6009327896591727,Spearman rho on observed values
INST_LATE_DAYS_MEAN,POS_DPD_MONTH_RATE,0.6006108717323464,0.6006108717323464,Spearman rho on observed values
ENTRANCES_MEDI,LIVINGAREA_AVG,0.600559050634904,0.600559050634904,Spearman rho on observed values
PREV_APPLICATION_AMOUNT_MAX,PREV_APPLICATION_COUNT,0.6001587736490382,0.6001587736490382,Spearman rho on observed values
PREV_APPLICATION_AMOUNT_MAX,PREV_UNIQUE_APPLICATION_COUNT,0.6001587736490382,0.6001587736490382,Spearman rho on observed values
BUREAU_CREDIT_MEAN,BUREAU_DEBT_MEAN,0.6001408729704759,0.6001408729704759,Spearman rho on observed values
PREV_RECENT_12M_COUNT,PREV_UNIQUE_APPLICATION_COUNT,0.5998436221316102,0.5998436221316102,Spearman rho on observed values
PREV_APPLICATION_COUNT,PREV_RECENT_12M_COUNT,0.5998436221316102,0.5998436221316102,Spearman rho on observed values
PREV_APPROVAL_RATE,PREV_RECENT_12M_COUNT,-0.5997792861024519,0.5997792861024519,Spearman rho on observed values
INST_DUE_SUM,INST_PAID_MEAN,0.5994664826527102,0.5994664826527102,Spearman rho on observed values
EMPLOYMENT_SENTINEL,FLAG_DOCUMENT_6,0.5994511573427352,0.5994511573427352,Spearman rho on observed values
FLAG_DOCUMENT_6,FLAG_EMP_PHONE,-0.599367267476785,0.599367267476785,Spearman rho on observed values
BUREAU_ACTIVE_COUNT,BUREAU_CREDIT_SUM,0.5992084546195487,0.5992084546195487,Spearman rho on observed values
INST_LATE_DAYS_MEAN,POS_DPD_MAX,0.5991681181118473,0.5991681181118473,Spearman rho on observed values
ENTRANCES_MODE,LIVINGAREA_MODE,0.5984906015754634,0.5984906015754634,Spearman rho on observed values
PREV_APPLICATION_AMOUNT_MEAN,PREV_PAYMENT_COUNT_MEAN,0.5982099983749752,0.5982099983749752,Spearman rho on observed values
INST_LATE_DAYS_MEAN,POS_DPD_MONTH_COUNT,0.5977923913301136,0.5977923913301136,Spearman rho on observed values
BUREAU_CREDIT_MEAN,BUREAU_DEBT_MAX,0.5977307673213836,0.5977307673213836,Spearman rho on observed values
PREV_APPLICATION_AMOUNT_MAX,PREV_PAYMENT_COUNT_MEAN,0.597076879309529,0.597076879309529,Spearman rho on observed values
BUREAU_CREDIT_TYPE_COUNT,BUREAU_UNIQUE_CREDIT_COUNT,0.596707684475799,0.596707684475799,Spearman rho on observed values
BUREAU_CREDIT_COUNT,BUREAU_CREDIT_TYPE_COUNT,0.596707684475799,0.596707684475799,Spearman rho on observed values
COMMONAREA_MODE,TOTALAREA_MODE,0.5954292746158717,0.5954292746158717,Spearman rho on observed values
PREV_CANCELED_COUNT,PREV_DAYS_SINCE_DECISION_MIN,-0.5933053431824549,0.5933053431824549,Spearman rho on observed values
PREV_CREDIT_MEAN,PREV_PAYMENT_COUNT_MEAN,0.5917083065917743,0.5917083065917743,Spearman rho on observed values
INST_RECENT_24M_LATE_COUNT,INST_SHORT_PAYMENT_COUNT,0.5912872816519336,0.5912872816519336,Spearman rho on observed values
ENTRANCES_AVG,TOTALAREA_MODE,0.5904397701673899,0.5904397701673899,Spearman rho on observed values
CC_DRAWING_COUNT_SUM,INST_VERSION_MEAN,-0.5868457368006875,0.5868457368006875,Spearman rho on observed values
BB_MONTHS_OBSERVED,BB_UNKNOWN_MONTHS,0.586511990519586,0.586511990519586,Spearman rho on observed values
PREV_CREDIT_MAX,PREV_PAYMENT_COUNT_MEAN,0.5856635195514965,0.5856635195514965,Spearman rho on observed values
INST_UNIQUE_NUMBER_COUNT,POS_INSTALLMENT_COUNT_MAX,0.5854504728395077,0.5854504728395077,Spearman rho on observed values
PREV_CREDIT_SUM,PREV_RECENT_24M_COUNT,0.5850427086627965,0.5850427086627965,Spearman rho on observed values
COMMONAREA_AVG,LIVINGAREA_AVG,0.5845281706207824,0.5845281706207824,Spearman rho on observed values
BUREAU_CREDIT_MAX,BUREAU_DEBT_MEAN,0.583529077642805,0.583529077642805,Spearman rho on observed values
INST_CONTRACT_COUNT,PREV_CONSUMER_LOAN_COUNT,0.5831621259411093,0.5831621259411093,Spearman rho on observed values
ENTRANCES_MEDI,TOTALAREA_MODE,0.5826375396101999,0.5826375396101999,Spearman rho on observed values
COMMONAREA_AVG,LIVINGAPARTMENTS_AVG,0.5824428642123161,0.5824428642123161,Spearman rho on observed values
INST_PAYMENT_COUNT,POS_INSTALLMENT_COUNT_MAX,0.5821761086279109,0.5821761086279109,Spearman rho on observed values
INST_LATE_DAYS_SUM,INST_RECENT_24M_LATE_COUNT,0.5821372276853388,0.5821372276853388,Spearman rho on observed values
CC_DRAWINGS_SUM,INST_UNIQUE_NUMBER_COUNT,0.5821113086848553,0.5821113086848553,Spearman rho on observed values
INST_LATE_PAYMENT_COUNT,INST_PAYMENT_COUNT,0.5820121658552512,0.5820121658552512,Spearman rho on observed values
PREV_CREDIT_TO_APPLICATION_MEAN,PREV_DOWN_PAYMENT_MEAN,-0.5818998081785864,0.5818998081785864,Spearman rho on observed values
COMMONAREA_AVG,LIVINGAREA_MEDI,0.5816475947169858,0.5816475947169858,Spearman rho on observed values
COMMONAREA_MEDI,LIVINGAPARTMENTS_MEDI,0.5813218291639469,0.5813218291639469,Spearman rho on observed values
COMMONAREA_AVG,LIVINGAPARTMENTS_MEDI,0.5812558295492356,0.5812558295492356,Spearman rho on observed values
COMMONAREA_MEDI,LIVINGAREA_MEDI,0.5808037757996496,0.5808037757996496,Spearman rho on observed values
BUREAU_CREDIT_MEAN,BUREAU_DEBT_SUM,0.5807610018150385,0.5807610018150385,Spearman rho on observed values
CC_DRAWINGS_SUM,INST_VERSION_MEAN,-0.580631200983846,0.580631200983846,Spearman rho on observed values
COMMONAREA_MEDI,LIVINGAREA_AVG,0.58024239461987,0.58024239461987,Spearman rho on observed values
PREV_APPLICATION_COUNT,PREV_PAYMENT_COUNT_MAX,0.5799404068131435,0.5799404068131435,Spearman rho on observed values
PREV_PAYMENT_COUNT_MAX,PREV_UNIQUE_APPLICATION_COUNT,0.5799404068131435,0.5799404068131435,Spearman rho on observed values
INST_CONTRACT_COUNT,PREV_DAYS_SINCE_DECISION_MAX,0.5791897387743843,0.5791897387743843,Spearman rho on observed values
APARTMENTS_AVG,COMMONAREA_AVG,0.5790755747927462,0.5790755747927462,Spearman rho on observed values
POS_CONTRACT_COUNT,POS_OLDEST_MONTH,-0.5789943280017832,0.5789943280017832,Spearman rho on observed values
INST_DAYS_SINCE_DUE_MAX,INST_PAYMENT_COUNT,0.5787359677832586,0.5787359677832586,Spearman rho on observed values
COMMONAREA_MEDI,LIVINGAPARTMENTS_AVG,0.5786329984310538,0.5786329984310538,Spearman rho on observed values
AMT_REQ_CREDIT_BUREAU_YEAR,PREV_RECENT_24M_COUNT,0.5784012332670413,0.5784012332670413,Spearman rho on observed values
INST_CONTRACT_COUNT,INST_DAYS_SINCE_DUE_MAX,0.5776068682934565,0.5776068682934565,Spearman rho on observed values
APARTMENTS_MEDI,COMMONAREA_AVG,0.5766963342524591,0.5766963342524591,Spearman rho on observed values
APARTMENTS_MEDI,COMMONAREA_MEDI,0.5765403580617396,0.5765403580617396,Spearman rho on observed values
APARTMENTS_AVG,COMMONAREA_MEDI,0.5752406920081943,0.5752406920081943,Spearman rho on observed values
COMMONAREA_MODE,LIVINGAPARTMENTS_MODE,0.5735817702667158,0.5735817702667158,Spearman rho on observed values
BUREAU_CREDIT_SUM,BUREAU_CREDIT_TYPE_COUNT,0.5732472787096372,0.5732472787096372,Spearman rho on observed values
POS_MONTH_COUNT,POS_OLDEST_MONTH,-0.5725219455613989,0.5725219455613989,Spearman rho on observed values
FLOORSMAX_MEDI,YEARS_BEGINEXPLUATATION_MEDI,0.5722799440384433,0.5722799440384433,Spearman rho on observed values
FLOORSMAX_MEDI,YEARS_BEGINEXPLUATATION_AVG,0.5722059196865804,0.5722059196865804,Spearman rho on observed values
FLOORSMAX_MEDI,YEARS_BUILD_MEDI,0.5721442455918788,0.5721442455918788,Spearman rho on observed values
COMMONAREA_MODE,LIVINGAREA_MODE,0.5719075279921878,0.5719075279921878,Spearman rho on observed values
FLOORSMAX_MEDI,YEARS_BUILD_AVG,0.5713921121517713,0.5713921121517713,Spearman rho on observed values
ELEVATORS_AVG,FLOORSMIN_AVG,0.5712915751772151,0.5712915751772151,Spearman rho on observed values
FLOORSMAX_MODE,YEARS_BEGINEXPLUATATION_MODE,0.571045558276631,0.571045558276631,Spearman rho on observed values
POS_MONTH_COUNT,PREV_DAYS_SINCE_DECISION_MAX,0.5707381472545641,0.5707381472545641,Spearman rho on observed values
ELEVATORS_MEDI,FLOORSMIN_MEDI,0.5698516908709177,0.5698516908709177,Spearman rho on observed values
AMT_REQ_CREDIT_BUREAU_YEAR,PREV_CANCELED_COUNT,0.5696164799893266,0.5696164799893266,Spearman rho on observed values
ELEVATORS_MEDI,FLOORSMIN_AVG,0.5695160733907341,0.5695160733907341,Spearman rho on observed values
INST_CONTRACT_COUNT,POS_OLDEST_MONTH,-0.5692497873686668,0.5692497873686668,Spearman rho on observed values
APARTMENTS_AVG,ENTRANCES_AVG,0.5692067777115413,0.5692067777115413,Spearman rho on observed values
APARTMENTS_MEDI,ENTRANCES_AVG,0.569125502774394,0.569125502774394,Spearman rho on observed values
POS_CONTRACT_COUNT,PREV_DAYS_SINCE_DECISION_MAX,0.5690933721876135,0.5690933721876135,Spearman rho on observed values
FLOORSMAX_AVG,YEARS_BEGINEXPLUATATION_AVG,0.5686050941393089,0.5686050941393089,Spearman rho on observed values
FLOORSMAX_MODE,YEARS_BEGINEXPLUATATION_MEDI,0.5683712838816131,0.5683712838816131,Spearman rho on observed values
FLOORSMAX_MODE,YEARS_BEGINEXPLUATATION_AVG,0.5680795650865371,0.5680795650865371,Spearman rho on observed values
FLOORSMAX_AVG,YEARS_BUILD_AVG,0.5680148092265428,0.5680148092265428,Spearman rho on observed values
APARTMENTS_MEDI,ENTRANCES_MEDI,0.5674844956089949,0.5674844956089949,Spearman rho on observed values
PREV_APPROVED_COUNT,PREV_CASH_LOAN_COUNT,0.567327448547772,0.567327448547772,Spearman rho on observed values
FLOORSMAX_AVG,YEARS_BUILD_MEDI,0.567194217394667,0.567194217394667,Spearman rho on observed values
FLOORSMAX_AVG,YEARS_BEGINEXPLUATATION_MEDI,0.5670988222485804,0.5670988222485804,Spearman rho on observed values
APARTMENTS_MODE,ENTRANCES_MODE,0.5668933896402287,0.5668933896402287,Spearman rho on observed values
INST_RECENT_24M_LATE_COUNT,INST_SHORT_PAYMENT_RATE,0.5668033712237598,0.5668033712237598,Spearman rho on observed values
ELEVATORS_AVG,FLOORSMIN_MEDI,0.5665646633027578,0.5665646633027578,Spearman rho on observed values
COMMONAREA_MEDI,LIVINGAPARTMENTS_MODE,0.5660853503666684,0.5660853503666684,Spearman rho on observed values
CC_BALANCE_MAX,INST_VERSION_MEAN,-0.5654703743305721,0.5654703743305721,Spearman rho on observed values
BB_MONTHS_OBSERVED,BUREAU_CREDIT_SUM,0.5653725932072492,0.5653725932072492,Spearman rho on observed values
APARTMENTS_MODE,ENTRANCES_MEDI,0.5651391216851109,0.5651391216851109,Spearman rho on observed values
APARTMENTS_MODE,ENTRANCES_AVG,0.564987590140831,0.564987590140831,Spearman rho on observed values
APARTMENTS_MODE,COMMONAREA_MODE,0.5648233556314,0.5648233556314,Spearman rho on observed values
COMMONAREA_AVG,LIVINGAPARTMENTS_MODE,0.5647761748296207,0.5647761748296207,Spearman rho on observed values
CC_RECEIVABLE_MAX,INST_VERSION_MEAN,-0.5646486349975115,0.5646486349975115,Spearman rho on observed values
BUREAU_ACTIVE_COUNT,BUREAU_CREDIT_TYPE_COUNT,0.5643620586612388,0.5643620586612388,Spearman rho on observed values
AMT_REQ_CREDIT_BUREAU_YEAR,PREV_CREDIT_SUM,0.5639983019134664,0.5639983019134664,Spearman rho on observed values
FLOORSMAX_MODE,YEARS_BUILD_MODE,0.5638524386305931,0.5638524386305931,Spearman rho on observed values
FLOORSMAX_MODE,YEARS_BUILD_MEDI,0.5638161912685211,0.5638161912685211,Spearman rho on observed values
ENTRANCES_MODE,LIVINGAREA_MEDI,0.5636927663396541,0.5636927663396541,Spearman rho on observed values
FLOORSMAX_MEDI,YEARS_BUILD_MODE,0.5635300456156985,0.5635300456156985,Spearman rho on observed values
ELEVATORS_MODE,FLOORSMIN_MEDI,0.5635212767998735,0.5635212767998735,Spearman rho on observed values
FLOORSMAX_MEDI,YEARS_BEGINEXPLUATATION_MODE,0.5633819871028406,0.5633819871028406,Spearman rho on observed values
FLOORSMAX_MODE,YEARS_BUILD_AVG,0.5630189954364588,0.5630189954364588,Spearman rho on observed values
ELEVATORS_MODE,FLOORSMIN_AVG,0.5629545565836342,0.5629545565836342,Spearman rho on observed values
BB_UNKNOWN_MONTHS,BUREAU_CREDIT_COUNT,0.5622086854429631,0.5622086854429631,Spearman rho on observed values
BB_UNKNOWN_MONTHS,BUREAU_UNIQUE_CREDIT_COUNT,0.5622086854429631,0.5622086854429631,Spearman rho on observed values
POS_ACTIVE_MONTH_COUNT,PREV_DAYS_SINCE_DECISION_MAX,0.5619132571856462,0.5619132571856462,Spearman rho on observed values
APARTMENTS_AVG,ENTRANCES_MEDI,0.5618254803028443,0.5618254803028443,Spearman rho on observed values
COMMONAREA_MODE,LIVINGAPARTMENTS_MEDI,0.5615094385129894,0.5615094385129894,Spearman rho on observed values
POS_ACTIVE_MONTH_COUNT,PREV_PAYMENT_COUNT_MAX,0.5614020183027331,0.5614020183027331,Spearman rho on observed values
COMMONAREA_MODE,LIVINGAREA_MEDI,0.5613369370302789,0.5613369370302789,Spearman rho on observed values
INST_LATE_DAYS_MEAN,INST_RECENT_24M_LATE_COUNT,0.5611739629040102,0.5611739629040102,Spearman rho on observed values
CC_UTILIZATION_MAX,INST_PAYMENT_COUNT,0.5609170965260818,0.5609170965260818,Spearman rho on observed values
POS_ACTIVE_MONTH_COUNT,POS_OLDEST_MONTH,-0.5606311500748105,0.5606311500748105,Spearman rho on observed values
HOUSETYPE_MODE,WALLSMATERIAL_MODE,0.5606103341030777,0.5606103341030777,Cramer's V
POS_INSTALLMENT_COUNT_MAX,PREV_CREDIT_MEAN,0.5600255248707271,0.5600255248707271,Spearman rho on observed values
INST_DAYS_SINCE_DUE_MAX,POS_CONTRACT_COUNT,0.5598709037509508,0.5598709037509508,Spearman rho on observed values
FLOORSMAX_AVG,YEARS_BEGINEXPLUATATION_MODE,0.5583881191161522,0.5583881191161522,Spearman rho on observed values
APARTMENTS_MEDI,COMMONAREA_MODE,0.5583824277872869,0.5583824277872869,Spearman rho on observed values
FLOORSMAX_AVG,YEARS_BUILD_MODE,0.5583267038853291,0.5583267038853291,Spearman rho on observed values
CC_BALANCE_MEAN,INST_VERSION_MEAN,-0.5581762729408853,0.5581762729408853,Spearman rho on observed values
COMMONAREA_MEDI,LIVINGAREA_MODE,0.5574090479514012,0.5574090479514012,Spearman rho on observed values
AMT_ANNUITY,ANNUITY_TO_INCOME,0.5572135983516568,0.5572135983516568,Spearman rho on observed values
COMMONAREA_MODE,LIVINGAREA_AVG,0.557185200529245,0.557185200529245,Spearman rho on observed values
ENTRANCES_MODE,LIVINGAREA_AVG,0.5567678887327506,0.5567678887327506,Spearman rho on observed values
INST_PAYMENT_COUNT,PREV_DAYS_SINCE_DECISION_MAX,0.5564775232069263,0.5564775232069263,Spearman rho on observed values
COMMONAREA_MODE,LIVINGAPARTMENTS_AVG,0.5564398151606386,0.5564398151606386,Spearman rho on observed values
COMMONAREA_AVG,LIVINGAREA_MODE,0.5559807955880103,0.5559807955880103,Spearman rho on observed values
APARTMENTS_MODE,COMMONAREA_MEDI,0.5553401016222665,0.5553401016222665,Spearman rho on observed values
PREV_ANNUITY_MAX,PREV_UNIQUE_APPLICATION_COUNT,0.5551564228632409,0.5551564228632409,Spearman rho on observed values
PREV_ANNUITY_MAX,PREV_APPLICATION_COUNT,0.5551564228632409,0.5551564228632409,Spearman rho on observed values
BB_CLOSED_MONTHS,BUREAU_DAYS_SINCE_CREDIT_MEAN,0.5546352974288837,0.5546352974288837,Spearman rho on observed values
APARTMENTS_MODE,COMMONAREA_AVG,0.5540493106447152,0.5540493106447152,Spearman rho on observed values
POS_MONTH_COUNT,PREV_PAYMENT_COUNT_MAX,0.553846252146128,0.553846252146128,Spearman rho on observed values
APARTMENTS_AVG,COMMONAREA_MODE,0.5534776540960913,0.5534776540960913,Spearman rho on observed values
INST_DAYS_SINCE_DUE_MAX,POS_MONTH_COUNT,0.5528003058836206,0.5528003058836206,Spearman rho on observed values
BUREAU_ACTIVE_RATE,BUREAU_DEBT_MEAN,0.5526491051556987,0.5526491051556987,Spearman rho on observed values
INST_CONTRACT_COUNT,PREV_CASH_LOAN_COUNT,0.5525317356733805,0.5525317356733805,Spearman rho on observed values
INST_SHORT_PAYMENT_COUNT,POS_DPD_MONTH_COUNT,0.5513907481772011,0.5513907481772011,Spearman rho on observed values
CC_RECEIVABLE_MEAN,INST_VERSION_MEAN,-0.5513839680168884,0.5513839680168884,Spearman rho on observed values
ELEVATORS_MODE,FLOORSMIN_MODE,0.550689836031065,0.550689836031065,Spearman rho on observed values
BUREAU_ACTIVE_COUNT,BUREAU_RECENT_12M_COUNT,0.5493023031260793,0.5493023031260793,Spearman rho on observed values
ENTRANCES_MODE,TOTALAREA_MODE,0.5491898919650726,0.5491898919650726,Spearman rho on observed values
INST_DUE_MEAN,PREV_CREDIT_SUM,0.5491799690004376,0.5491799690004376,Spearman rho on observed values
INST_LATE_DAYS_SUM,INST_PAYMENT_COUNT,0.5480401676905122,0.5480401676905122,Spearman rho on observed values
INST_SHORT_PAYMENT_COUNT,POS_DPD_SUM,0.5475667375904225,0.5475667375904225,Spearman rho on observed values
PREV_DAYS_SINCE_DECISION_MEAN,PREV_DAYS_SINCE_DECISION_MIN,0.5460622286905362,0.5460622286905362,Spearman rho on observed values
INST_PAID_SUM,POS_INSTALLMENT_COUNT_MEAN,0.5449052738191155,0.5449052738191155,Spearman rho on observed values
INST_PAID_MEAN,PREV_CREDIT_SUM,0.5444462375830658,0.5444462375830658,Spearman rho on observed values
INST_DAYS_SINCE_DUE_MAX,POS_ACTIVE_MONTH_COUNT,0.5438058441593364,0.5438058441593364,Spearman rho on observed values
PREV_CASH_LOAN_COUNT,PREV_RECENT_12M_COUNT,0.5435531978871205,0.5435531978871205,Spearman rho on observed values
INST_SHORT_PAYMENT_COUNT,POS_DPD_MAX,0.5430794725541713,0.5430794725541713,Spearman rho on observed values
INST_DUE_SUM,POS_INSTALLMENT_COUNT_MEAN,0.5427387260105078,0.5427387260105078,Spearman rho on observed values
BUREAU_ACTIVE_COUNT,BUREAU_ACTIVE_RATE,0.5426563541366659,0.5426563541366659,Spearman rho on observed values
POS_COMPLETED_MONTH_COUNT,POS_OLDEST_MONTH,-0.5425495681674405,0.5425495681674405,Spearman rho on observed values
CC_RECEIVABLE_MAX,INST_UNIQUE_NUMBER_COUNT,0.5423186714959309,0.5423186714959309,Spearman rho on observed values
BUREAU_CREDIT_COUNT,BUREAU_DAYS_SINCE_CREDIT_MAX,0.5421146057542241,0.5421146057542241,Spearman rho on observed values
BUREAU_DAYS_SINCE_CREDIT_MAX,BUREAU_UNIQUE_CREDIT_COUNT,0.5421146057542241,0.5421146057542241,Spearman rho on observed values
ELEVATORS_MEDI,FLOORSMIN_MODE,0.5420805398124906,0.5420805398124906,Spearman rho on observed values
PREV_APPROVED_COUNT,PREV_DAYS_SINCE_DECISION_MAX,0.5420212663936217,0.5420212663936217,Spearman rho on observed values
INST_SHORT_PAYMENT_COUNT,POS_DPD_MEAN,0.5416202337699585,0.5416202337699585,Spearman rho on observed values
INST_SHORT_PAYMENT_COUNT,POS_DPD_MONTH_RATE,0.5412959640875047,0.5412959640875047,Spearman rho on observed values
INST_LATE_DAYS_MAX,INST_RECENT_24M_LATE_COUNT,0.541101768587836,0.541101768587836,Spearman rho on observed values
ENTRANCES_AVG,LIVINGAPARTMENTS_MODE,0.540262378513174,0.540262378513174,Spearman rho on observed values
CC_BALANCE_MAX,INST_UNIQUE_NUMBER_COUNT,0.5401767411991409,0.5401767411991409,Spearman rho on observed values
INST_LATE_PAYMENT_COUNT,POS_DPD_MONTH_COUNT,0.5397290892745087,0.5397290892745087,Spearman rho on observed values
INST_SHORT_PAYMENT_RATE,POS_DPD_MONTH_COUNT,0.5395482603425811,0.5395482603425811,Spearman rho on observed values
ENTRANCES_AVG,LIVINGAPARTMENTS_AVG,0.5395023682947331,0.5395023682947331,Spearman rho on observed values
ENTRANCES_AVG,LIVINGAPARTMENTS_MEDI,0.5391017174039766,0.5391017174039766,Spearman rho on observed values
INST_SHORT_PAYMENT_RATE,POS_DPD_MONTH_RATE,0.5386564858262115,0.5386564858262115,Spearman rho on observed values
ENTRANCES_MEDI,LIVINGAPARTMENTS_MODE,0.538080886604287,0.538080886604287,Spearman rho on observed values
PREV_CREDIT_SUM,PREV_PAYMENT_COUNT_MEAN,0.537870588033853,0.537870588033853,Spearman rho on observed values
INST_SHORT_PAYMENT_RATE,POS_DPD_SUM,0.5374937889429793,0.5374937889429793,Spearman rho on observed values
INST_SHORT_PAYMENT_RATE,POS_DPD_MEAN,0.5370297561173509,0.5370297561173509,Spearman rho on observed values
POS_COMPLETED_MONTH_COUNT,PREV_CREDIT_SUM,0.5370080365257546,0.5370080365257546,Spearman rho on observed values
CC_DPD_MONTH_COUNT,INST_UNIQUE_NUMBER_COUNT,0.5367326946060875,0.5367326946060875,Spearman rho on observed values
INST_PAYMENT_COUNT,PREV_CREDIT_MAX,0.5366759775207641,0.5366759775207641,Spearman rho on observed values
POS_INSTALLMENT_COUNT_MAX,PREV_CASH_LOAN_COUNT,0.5366672151743105,0.5366672151743105,Spearman rho on observed values
ELEVATORS_AVG,FLOORSMIN_MODE,0.5366604890728811,0.5366604890728811,Spearman rho on observed values
INST_LATE_PAYMENT_COUNT,POS_DPD_SUM,0.5363085693488012,0.5363085693488012,Spearman rho on observed values
CC_LATEST_MONTH,INST_DAYS_SINCE_DUE_MIN,-0.5354150140794495,0.5354150140794495,Spearman rho on observed values
ENTRANCES_MEDI,LIVINGAPARTMENTS_MEDI,0.5350698370214495,0.5350698370214495,Spearman rho on observed values
BUREAU_CREDIT_SUM,BUREAU_DEBT_MEAN,0.5347895890761278,0.5347895890761278,Spearman rho on observed values
POS_INSTALLMENT_COUNT_MEAN,PREV_CREDIT_MAX,0.534611665178189,0.534611665178189,Spearman rho on observed values
POS_FUTURE_INSTALLMENTS_MEAN,PREV_CREDIT_MAX,0.5340298454614986,0.5340298454614986,Spearman rho on observed values
INST_SHORT_PAYMENT_RATE,POS_DPD_MAX,0.5337336272654996,0.5337336272654996,Spearman rho on observed values
PREV_APPROVED_COUNT,PREV_MIDDLE_YIELD_COUNT,0.5334300864194578,0.5334300864194578,Spearman rho on observed values
INST_LATE_PAYMENT_COUNT,POS_DPD_MAX,0.5326469935892848,0.5326469935892848,Spearman rho on observed values
INST_PAYMENT_COUNT,PREV_PAYMENT_COUNT_MAX,0.5321981299993377,0.5321981299993377,Spearman rho on observed values
CC_DRAWING_COUNT_SUM,INST_UNIQUE_NUMBER_COUNT,0.5320408476509557,0.5320408476509557,Spearman rho on observed values
POS_FUTURE_INSTALLMENTS_MEAN,PREV_APPLICATION_AMOUNT_MAX,0.5317372542182631,0.5317372542182631,Spearman rho on observed values
POS_LATEST_MONTH,PREV_DAYS_SINCE_DECISION_MIN,-0.5315428043455168,0.5315428043455168,Spearman rho on observed values
ENTRANCES_MEDI,LIVINGAPARTMENTS_AVG,0.5314225543562624,0.5314225543562624,Spearman rho on observed values
POS_INSTALLMENT_COUNT_MEAN,PREV_CREDIT_MEAN,0.5311930762512861,0.5311930762512861,Spearman rho on observed values
POS_ACTIVE_MONTH_COUNT,POS_INSTALLMENT_COUNT_MEAN,0.531101353542472,0.531101353542472,Spearman rho on observed values
INST_PAYMENT_COUNT,INST_SHORT_PAYMENT_COUNT,0.5310044329941889,0.5310044329941889,Spearman rho on observed values
INST_LATE_PAYMENT_COUNT,POS_DPD_MEAN,0.530974005596845,0.530974005596845,Spearman rho on observed values
INST_LATE_PAYMENT_COUNT,POS_DPD_MONTH_RATE,0.5309034731281914,0.5309034731281914,Spearman rho on observed values
POS_COMPLETED_MONTH_COUNT,PREV_CONSUMER_LOAN_COUNT,0.5291727883431012,0.5291727883431012,Spearman rho on observed values
APARTMENTS_MEDI,ENTRANCES_MODE,0.5290823068515732,0.5290823068515732,Spearman rho on observed values
CC_PAYMENT_TOTAL_SUM,INST_DUE_SUM,0.5290681558555521,0.5290681558555521,Spearman rho on observed values
INST_LATE_PAYMENT_RATE,POS_DPD_MONTH_RATE,0.5282118183867159,0.5282118183867159,Spearman rho on observed values
POS_CONTRACT_COUNT,PREV_CASH_LOAN_COUNT,0.5273416647857267,0.5273416647857267,Spearman rho on observed values
ENTRANCES_MODE,LIVINGAPARTMENTS_MODE,0.5269045420657243,0.5269045420657243,Spearman rho on observed values
PREV_ANNUITY_TO_CREDIT_MEAN,PREV_CREDIT_MEAN,-0.5268176702644947,0.5268176702644947,Spearman rho on observed values
POS_INSTALLMENT_COUNT_MEAN,PREV_APPLICATION_AMOUNT_MAX,0.5264937516080761,0.5264937516080761,Spearman rho on observed values
AMT_ANNUITY,CREDIT_TO_INCOME,0.5262491474872788,0.5262491474872788,Spearman rho on observed values
CC_DPD_DEF_MONTH_COUNT,INST_UNIQUE_NUMBER_COUNT,0.5261961816116072,0.5261961816116072,Spearman rho on observed values
PREV_ANNUITY_MAX,PREV_PAYMENT_COUNT_MAX,0.5258743354785523,0.5258743354785523,Spearman rho on observed values
PREV_CREDIT_SUM,PREV_REFUSED_COUNT,0.5255747727092559,0.5255747727092559,Spearman rho on observed values
INST_LATE_PAYMENT_RATE,POS_DPD_MEAN,0.525415805173997,0.525415805173997,Spearman rho on observed values
INST_PAID_SUM,POS_FUTURE_INSTALLMENTS_MEAN,0.525290513220719,0.525290513220719,Spearman rho on observed values
INST_LATE_PAYMENT_RATE,POS_DPD_MONTH_COUNT,0.5251616272879351,0.5251616272879351,Spearman rho on observed values
CC_DPD_MONTH_COUNT,CC_MONTH_COUNT,0.5243201975582769,0.5243201975582769,Spearman rho on observed values
CC_ACTIVE_MONTH_COUNT,CC_DPD_MONTH_COUNT,0.5242109794747004,0.5242109794747004,Spearman rho on observed values
POS_INSTALLMENT_COUNT_MAX,PREV_APPLICATION_AMOUNT_MEAN,0.5240794526930987,0.5240794526930987,Spearman rho on observed values
PREV_REFUSAL_RATE,PREV_UNIQUE_APPLICATION_COUNT,0.5238583002781034,0.5238583002781034,Spearman rho on observed values
PREV_APPLICATION_COUNT,PREV_REFUSAL_RATE,0.5238583002781034,0.5238583002781034,Spearman rho on observed values
INST_LATE_PAYMENT_RATE,POS_DPD_SUM,0.5237169955733796,0.5237169955733796,Spearman rho on observed values
INST_PAYMENT_COUNT,INST_SHORTFALL_SUM,0.523680068915103,0.523680068915103,Spearman rho on observed values
PREV_APPROVED_COUNT,PREV_CREDIT_MAX,0.5236515771043025,0.5236515771043025,Spearman rho on observed values
INST_SHORTFALL_SUM,POS_DPD_MONTH_COUNT,0.5236043223976835,0.5236043223976835,Spearman rho on observed values
INST_PAYMENT_COUNT,POS_OLDEST_MONTH,-0.5231835139117446,0.5231835139117446,Spearman rho on observed values
POS_COMPLETED_MONTH_COUNT,PREV_DAYS_SINCE_DECISION_MAX,0.5230689342194252,0.5230689342194252,Spearman rho on observed values
POS_CONTRACT_COUNT,PREV_MIDDLE_YIELD_COUNT,0.5224804022950439,0.5224804022950439,Spearman rho on observed values
CC_DPD_MONTH_COUNT,CC_OLDEST_MONTH,-0.5221061664360277,0.5221061664360277,Spearman rho on observed values
CC_DPD_MONTH_RATE,INST_UNIQUE_NUMBER_COUNT,0.5218488642679023,0.5218488642679023,Spearman rho on observed values
PREV_DAYS_SINCE_DECISION_MEAN,PREV_RECENT_24M_COUNT,-0.5209093497482791,0.5209093497482791,Spearman rho on observed values
INST_DAYS_SINCE_DUE_MAX,POS_COMPLETED_MONTH_COUNT,0.5208856521989246,0.5208856521989246,Spearman rho on observed values
POS_FUTURE_INSTALLMENTS_MEAN,PREV_CREDIT_MEAN,0.5208649136659452,0.5208649136659452,Spearman rho on observed values
INST_LATE_PAYMENT_RATE,POS_DPD_MAX,0.5207943105712733,0.5207943105712733,Spearman rho on observed values
APARTMENTS_AVG,ENTRANCES_MODE,0.5202116423124291,0.5202116423124291,Spearman rho on observed values
BUREAU_ACTIVE_COUNT,BUREAU_DAYS_SINCE_CREDIT_MIN,-0.5198346336591727,0.5198346336591727,Spearman rho on observed values
CC_DPD_DEF_MONTH_RATE,INST_UNIQUE_NUMBER_COUNT,0.5195518868304879,0.5195518868304879,Spearman rho on observed values
CC_DPD_MAX,INST_UNIQUE_NUMBER_COUNT,0.5192512795753315,0.5192512795753315,Spearman rho on observed values
CC_PAYMENT_TOTAL_SUM,INST_PAID_SUM,0.5191309003030182,0.5191309003030182,Spearman rho on observed values
INST_SHORTFALL_SUM,POS_DPD_SUM,0.5189608625010451,0.5189608625010451,Spearman rho on observed values
BUREAU_CLOSED_COUNT,BUREAU_CREDIT_SUM,0.5181996781871395,0.5181996781871395,Spearman rho on observed values
INST_LATE_DAYS_MAX,INST_PAYMENT_COUNT,0.5178774490762048,0.5178774490762048,Spearman rho on observed values
INST_CONTRACT_COUNT,PREV_MIDDLE_YIELD_COUNT,0.5163555240941281,0.5163555240941281,Spearman rho on observed values
POS_MONTH_COUNT,PREV_CASH_LOAN_COUNT,0.5161675048352091,0.5161675048352091,Spearman rho on observed values
CC_DPD_DEF_MONTH_COUNT,CC_MONTH_COUNT,0.5158833377580159,0.5158833377580159,Spearman rho on observed values
CC_DPD_MEAN,INST_UNIQUE_NUMBER_COUNT,0.5158188475521204,0.5158188475521204,Spearman rho on observed values
INST_SHORTFALL_MEAN,POS_DPD_MONTH_COUNT,0.5156559823722366,0.5156559823722366,Spearman rho on observed values
INST_LATE_PAYMENT_COUNT,INST_RECENT_12M_LATE_COUNT,0.5153957790845068,0.5153957790845068,Spearman rho on observed values
INST_DUE_SUM,POS_FUTURE_INSTALLMENTS_MEAN,0.515270682908135,0.515270682908135,Spearman rho on observed values
BUREAU_ACTIVE_RATE,BUREAU_CLOSED_COUNT,-0.5152523403670447,0.5152523403670447,Spearman rho on observed values
INST_SHORTFALL_SUM,POS_DPD_MAX,0.51507633877446,0.51507633877446,Spearman rho on observed values
POS_COMPLETED_MONTH_COUNT,POS_FUTURE_INSTALLMENTS_MIN,-0.514405424798041,0.514405424798041,Spearman rho on observed values
BUREAU_ACTIVE_COUNT,BUREAU_DEBT_MEAN,0.5143461010063113,0.5143461010063113,Spearman rho on observed values
CC_ACTIVE_MONTH_COUNT,CC_DPD_DEF_MONTH_COUNT,0.5140402267686511,0.5140402267686511,Spearman rho on observed values
INST_PAYMENT_COUNT,PREV_CASH_LOAN_COUNT,0.5138266496987777,0.5138266496987777,Spearman rho on observed values
PREV_MIDDLE_YIELD_COUNT,PREV_UNIQUE_APPLICATION_COUNT,0.5136147773022268,0.5136147773022268,Spearman rho on observed values
PREV_APPLICATION_COUNT,PREV_MIDDLE_YIELD_COUNT,0.5136147773022268,0.5136147773022268,Spearman rho on observed values
INST_UNIQUE_NUMBER_COUNT,PREV_PAYMENT_COUNT_MAX,0.5135958707517227,0.5135958707517227,Spearman rho on observed values
CC_DPD_DEF_MONTH_COUNT,CC_OLDEST_MONTH,-0.5133474001564564,0.5133474001564564,Spearman rho on observed values
INST_SHORTFALL_SUM,POS_DPD_MONTH_RATE,0.5133447881486196,0.5133447881486196,Spearman rho on observed values
INST_SHORTFALL_SUM,POS_DPD_MEAN,0.5129741646968895,0.5129741646968895,Spearman rho on observed values
FLOORSMIN_AVG,LIVINGAREA_AVG,0.5125796179806862,0.5125796179806862,Spearman rho on observed values
INST_SHORTFALL_MEAN,POS_DPD_MONTH_RATE,0.5124038037248622,0.5124038037248622,Spearman rho on observed values
INST_SHORTFALL_MEAN,POS_DPD_SUM,0.5122034604644722,0.5122034604644722,Spearman rho on observed values
POS_ACTIVE_MONTH_COUNT,PREV_CASH_LOAN_COUNT,0.5119243899888916,0.5119243899888916,Spearman rho on observed values
FLOORSMIN_AVG,LIVINGAREA_MEDI,0.5116212055898021,0.5116212055898021,Spearman rho on observed values
FLOORSMIN_MEDI,LIVINGAREA_MEDI,0.5109233167318216,0.5109233167318216,Spearman rho on observed values
POS_CONTRACT_COUNT,PREV_HIGH_YIELD_COUNT,0.5106870333265885,0.5106870333265885,Spearman rho on observed values
INST_SHORTFALL_MEAN,POS_DPD_MEAN,0.5103761507294657,0.5103761507294657,Spearman rho on observed values
PREV_DAYS_SINCE_DECISION_MEAN,PREV_RECENT_12M_COUNT,-0.5102826689767075,0.5102826689767075,Spearman rho on observed values
POS_ACTIVE_MONTH_COUNT,PREV_CREDIT_MAX,0.5102545955965775,0.5102545955965775,Spearman rho on observed values
POS_MONTH_COUNT,PREV_CREDIT_MAX,0.5098518596406103,0.5098518596406103,Spearman rho on observed values
FLOORSMIN_MEDI,LIVINGAREA_AVG,0.5098217673858871,0.5098217673858871,Spearman rho on observed values
AMT_REQ_CREDIT_BUREAU_YEAR,INST_PAID_SUM,0.509180686967278,0.509180686967278,Spearman rho on observed values
PREV_APPLICATION_COUNT,PREV_CONSUMER_LOAN_COUNT,0.5089385170639568,0.5089385170639568,Spearman rho on observed values
PREV_CONSUMER_LOAN_COUNT,PREV_UNIQUE_APPLICATION_COUNT,0.5089385170639568,0.5089385170639568,Spearman rho on observed values
CC_UTILIZATION_MEAN,INST_UNIQUE_NUMBER_COUNT,0.5088086727529936,0.5088086727529936,Spearman rho on observed values
INST_SHORTFALL_MEAN,POS_DPD_MAX,0.508802543643418,0.508802543643418,Spearman rho on observed values
CC_DPD_MEAN,INST_LATE_DAYS_MAX,0.5066939437298763,0.5066939437298763,Spearman rho on observed values
CC_DPD_DEF_MONTH_RATE,CC_MONTH_COUNT,0.50663198958724,0.50663198958724,Spearman rho on observed values
BUREAU_DAYS_SINCE_CREDIT_MEAN,BUREAU_DAYS_SINCE_CREDIT_MIN,0.5065277677999138,0.5065277677999138,Spearman rho on observed values
POS_OLDEST_MONTH,PREV_APPROVED_COUNT,-0.5065219366098435,0.5065219366098435,Spearman rho on observed values
PREV_APPROVED_COUNT,PREV_HIGH_YIELD_COUNT,0.5062780283837954,0.5062780283837954,Spearman rho on observed values
CC_ACTIVE_MONTH_COUNT,CC_DPD_MONTH_RATE,0.5059775882940272,0.5059775882940272,Spearman rho on observed values
CC_DPD_MONTH_RATE,CC_MONTH_COUNT,0.5054578159907303,0.5054578159907303,Spearman rho on observed values
AMT_REQ_CREDIT_BUREAU_YEAR,INST_DUE_SUM,0.5053920165351132,0.5053920165351132,Spearman rho on observed values
CC_ACTIVE_MONTH_COUNT,CC_DPD_DEF_MONTH_RATE,0.5052310927547463,0.5052310927547463,Spearman rho on observed values
POS_LATEST_MONTH,PREV_RECENT_24M_COUNT,0.5047078574624768,0.5047078574624768,Spearman rho on observed values
INST_CONTRACT_COUNT,PREV_HIGH_YIELD_COUNT,0.5045664986811027,0.5045664986811027,Spearman rho on observed values
CC_DPD_DEF_MONTH_RATE,CC_OLDEST_MONTH,-0.5041170934322985,0.5041170934322985,Spearman rho on observed values
POS_INSTALLMENT_COUNT_MEAN,POS_MONTH_COUNT,0.5039757315390051,0.5039757315390051,Spearman rho on observed values
CC_DPD_MONTH_RATE,INST_LATE_DAYS_MAX,0.5038484716767839,0.5038484716767839,Spearman rho on observed values
AMT_REQ_CREDIT_BUREAU_YEAR,PREV_CREDIT_MAX,0.5034220043937255,0.5034220043937255,Spearman rho on observed values
CC_ACTIVE_MONTH_COUNT,CC_DPD_MAX,0.5033421426355187,0.5033421426355187,Spearman rho on observed values
INST_DAYS_SINCE_DUE_MAX,PREV_APPROVED_COUNT,0.5032868285463018,0.5032868285463018,Spearman rho on observed values
CC_DPD_MONTH_RATE,CC_OLDEST_MONTH,-0.5032687225051615,0.5032687225051615,Spearman rho on observed values
CC_DPD_MAX,CC_MONTH_COUNT,0.5031625128449009,0.5031625128449009,Spearman rho on observed values
CC_DPD_MAX,INST_LATE_DAYS_MAX,0.5027989278802547,0.5027989278802547,Spearman rho on observed values
INST_CONTRACT_COUNT,PREV_CREDIT_MAX,0.5026672162629703,0.5026672162629703,Spearman rho on observed values
INST_CONTRACT_COUNT,INST_UNIQUE_NUMBER_COUNT,0.5023480749896223,0.5023480749896223,Spearman rho on observed values
PREV_APPLICATION_AMOUNT_MAX,PREV_APPROVED_COUNT,0.5022422097437577,0.5022422097437577,Spearman rho on observed values
CC_ACTIVE_MONTH_COUNT,PREV_DAYS_SINCE_DECISION_MAX,0.5019003315771595,0.5019003315771595,Spearman rho on observed values
CC_DPD_MONTH_COUNT,INST_LATE_DAYS_MAX,0.5018757998148918,0.5018757998148918,Spearman rho on observed values
INST_PAYMENT_COUNT,INST_SHORTFALL_MAX,0.5013324537103167,0.5013324537103167,Spearman rho on observed values
CC_DPD_MAX,CC_OLDEST_MONTH,-0.5010959489476279,0.5010959489476279,Spearman rho on observed values
INST_UNIQUE_NUMBER_COUNT,PREV_CREDIT_SUM,0.5006753251688135,0.5006753251688135,Spearman rho on observed values
