importance_rank,feature,source_group,data_type,definition,model_use,intuitive_risk_direction,intuitive_reason,observed_model_direction,direct_mean_abs_shap_log_odds,missing_indicator_mean_abs_shap_log_odds,total_mean_abs_shap_log_odds,direct_gain,missing_indicator_gain,total_gain,split_count,missing_rate,missing_effect_log_odds,value_shap_spearman,value_target_spearman,upper_minus_lower_shap,upper_minus_lower_event_rate_pp,category_effect_detail,shap_share,gain_share,importance_tier,strongest_related_feature,strongest_absolute_association,association_method,related_features_ge_0_50,substitutability_assessment
1,EXT_SOURCE_MEAN,External scores,numeric,Mean of the available external credit-score signals.,median imputation + missingness indicator when needed + LightGBM splits,higher -> less risk,"Stronger score, resources, tenure, down payment, or repayment completeness should reduce risk.",higher -> less risk,0.3918872516292937,0.0,0.3918872516292937,147271.45757961273,0.0,147271.45757961273,466,0.0004986233659245127,0.0,-0.9897093041968054,-0.20550188889212342,-1.1736447011251352,-14.601769911504425,{},0.12568414188036456,0.23778315155226679,Tier 1 - dominant,EXT_SOURCE_MIN,0.9001805048343823,Spearman rho,"[{""feature"": ""EXT_SOURCE_MIN"", ""absolute_association"": 0.900181, ""method"": ""Spearman rho""}, {""feature"": ""EXT_SOURCE_MAX"", ""absolute_association"": 0.792086, ""method"": ""Spearman rho""}, {""feature"": ""EXT_SOURCE_1"", ""absolute_association"": 0.744457, ""method"": ""Spearman rho""}, {""feature"": ""EXT_SOURCE_2"", ""absolute_association"": 0.72213, ""method"": ""Spearman rho""}, {""feature"": ""EXT_SOURCE_3"", ""absolute_association"": 0.696456, ""method"": ""Spearman rho""}]",high redundancy candidate; validate with grouped ablation before removing
2,EMPLOYMENT_YEARS,Application derived,numeric,Reported employment tenure converted from days to years.,median imputation + missingness indicator when needed + LightGBM splits,higher -> less risk,"Stronger score, resources, tenure, down payment, or repayment completeness should reduce risk.",higher -> less risk,0.09595612107058625,0.00038122788404556184,0.09633734895463181,12002.61821269989,20.437700271606445,12023.055912971497,454,0.18082684761636353,0.0014948094112756573,-0.9392995891121949,-0.07264764904839938,-0.3029409647010398,-5.271939524290394,{},0.030896838271855263,0.019412316366394424,Tier 1 - dominant,,,,[],low measured redundancy; not a demonstrated substitute
3,AMT_ANNUITY,Application financial,numeric,Loan annuity,median imputation + missingness indicator when needed + LightGBM splits,context-dependent,No defensible monotonic sign follows from the field alone.,higher -> more risk,0.09547105507064672,0.0,0.09547105507064672,10005.397147655487,0.0,10005.397147655487,483,2.167927677932664e-05,0.0,0.9340055405770097,-0.0012366370729676038,0.28230261530791534,0.08795122366959118,{},0.03061900478027777,0.01615462293510247,Tier 1 - dominant,AMT_CREDIT,0.8282564060243621,Spearman rho,"[{""feature"": ""AMT_CREDIT"", ""absolute_association"": 0.828256, ""method"": ""Spearman rho""}, {""feature"": ""AMT_GOODS_PRICE"", ""absolute_association"": 0.825974, ""method"": ""Spearman rho""}, {""feature"": ""ANNUITY_TO_INCOME"", ""absolute_association"": 0.557214, ""method"": ""Spearman rho""}, {""feature"": ""CREDIT_TO_INCOME"", ""absolute_association"": 0.526249, ""method"": ""Spearman rho""}]",partial substitute candidate; important interactions may still differ
4,EXT_SOURCE_MAX,External scores,numeric,Maximum of the available external credit-score signals.,median imputation + missingness indicator when needed + LightGBM splits,higher -> less risk,"Stronger score, resources, tenure, down payment, or repayment completeness should reduce risk.",higher -> less risk,0.09503145347786121,0.0,0.09503145347786121,27488.724848508835,0.0,27488.724848508835,359,0.0004986233659245127,0.0,-0.9287169388038675,-0.1746617681293833,-0.24683064901051457,-12.377646343450808,{},0.03047801793079803,0.04438304430509274,Tier 1 - dominant,EXT_SOURCE_MEAN,0.7920861354069185,Spearman rho,"[{""feature"": ""EXT_SOURCE_MEAN"", ""absolute_association"": 0.792086, ""method"": ""Spearman rho""}, {""feature"": ""EXT_SOURCE_1"", ""absolute_association"": 0.650073, ""method"": ""Spearman rho""}, {""feature"": ""EXT_SOURCE_2"", ""absolute_association"": 0.616349, ""method"": ""Spearman rho""}, {""feature"": ""EXT_SOURCE_3"", ""absolute_association"": 0.600933, ""method"": ""Spearman rho""}]",partial substitute candidate; important interactions may still differ
5,CREDIT_TO_ANNUITY,Application derived,numeric,Requested credit divided by proposed annual annuity; a term proxy.,median imputation + missingness indicator when needed + LightGBM splits,context-dependent,No defensible monotonic sign follows from the field alone.,higher -> less risk,0.09110649670390976,0.0,0.09110649670390976,18665.89742255211,0.0,18665.89742255211,725,2.167927677932664e-05,0.0,-0.376031302823497,-0.03726485979246989,-0.07248334246609349,-2.879504947407098,{},0.029219225198958275,0.030137787651666463,Tier 1 - dominant,AMT_CREDIT,0.6734385194858261,Spearman rho,"[{""feature"": ""AMT_CREDIT"", ""absolute_association"": 0.673439, ""method"": ""Spearman rho""}, {""feature"": ""AMT_GOODS_PRICE"", ""absolute_association"": 0.654209, ""method"": ""Spearman rho""}, {""feature"": ""CREDIT_TO_INCOME"", ""absolute_association"": 0.640636, ""method"": ""Spearman rho""}]","related signal, but too weak to treat as a substitute"
6,NAME_EDUCATION_TYPE,Application categorical,categorical,Level of highest education the client achieved,most-frequent imputation + ordinal encoding + LightGBM splits,category-dependent,Risk varies by category; no numeric ordering is assumed.,category-dependent,0.08406446109162508,0.0,0.08406446109162508,6602.092536449432,0.0,6602.092536449432,139,0.0,,,,,,"{""eligible_categories"": 4, ""highest_risk_category"": ""Secondary / secondary special"", ""highest_risk_event_rate"": 0.090577488965179, ""highest_risk_mean_shap"": 0.057652071442088906, ""lowest_risk_category"": ""Higher education"", ""lowest_risk_event_rate"": 0.05170139804800844, ""lowest_risk_mean_shap"": -0.16565718577247068}",0.026960738352700252,0.010659678365089846,Tier 1 - dominant,,,,[],low measured redundancy; not a demonstrated substitute
7,PREV_CREDIT_TO_APPLICATION_MEAN,Previous applications,numeric,Previous applications aggregate: credit to application mean.,median imputation + missingness indicator when needed + LightGBM splits,context-dependent,The aggregate can be beneficial or adverse depending on the underlying behavior and interactions.,higher -> more risk,0.06831597511697159,2.09728817037213e-05,0.0683369479986753,10197.103684902191,5.252920150756836,10202.356605052948,340,0.05729832852776032,0.00015754750580222794,0.8870502758033204,0.06396776097370965,0.19141087856320116,4.433814736454787,{},0.02191668810921478,0.01647263187775638,Tier 1 - dominant,PREV_DOWN_PAYMENT_RATE_MEAN,0.6436033730664609,Spearman rho,"[{""feature"": ""PREV_DOWN_PAYMENT_RATE_MEAN"", ""absolute_association"": 0.643603, ""method"": ""Spearman rho""}, {""feature"": ""PREV_DOWN_PAYMENT_MEAN"", ""absolute_association"": 0.5819, ""method"": ""Spearman rho""}]","related signal, but too weak to treat as a substitute"
8,INST_PAID_SUM,Installment repayments,numeric,Installment repayments aggregate: paid sum.,median imputation + missingness indicator when needed + LightGBM splits,context-dependent,A larger count can mean deeper history or greater credit exposure; composition and recency matter.,higher -> less risk,0.06689487865668178,0.0,0.06689487865668178,7708.310654163361,0.0,7708.310654163361,280,0.05268064257376374,0.0,-0.9295715073215738,-0.049453702378304355,-0.20203915927798338,-3.304347826086958,{},0.021454194759336978,0.012445768043682446,Tier 1 - dominant,INST_DUE_SUM,0.9951434294931292,Spearman rho,"[{""feature"": ""INST_DUE_SUM"", ""absolute_association"": 0.995143, ""method"": ""Spearman rho""}, {""feature"": ""PREV_CREDIT_SUM"", ""absolute_association"": 0.83382, ""method"": ""Spearman rho""}, {""feature"": ""PREV_CREDIT_MAX"", ""absolute_association"": 0.795752, ""method"": ""Spearman rho""}, {""feature"": ""INST_PAYMENT_COUNT"", ""absolute_association"": 0.781141, ""method"": ""Spearman rho""}, {""feature"": ""PREV_APPLICATION_AMOUNT_MAX"", ""absolute_association"": 0.773773, ""method"": ""Spearman rho""}]",high redundancy candidate; validate with grouped ablation before removing
9,PREV_HIGH_YIELD_COUNT,Previous applications,numeric,Previous applications aggregate: high yield count.,median imputation + missingness indicator when needed + LightGBM splits,higher -> more risk,"More arrears, burden, utilization, refusals, or missingness should raise risk.",higher -> more risk,0.05504356763045247,0.0,0.05504356763045247,3038.7099232673645,0.0,3038.7099232673645,168,0.054328267608992564,0.0,0.9246639868394423,0.031158762371318198,0.15012240179545627,1.8215363971821539,{},0.01765330087902788,0.0049062733138025665,Tier 1 - dominant,POS_CONTRACT_COUNT,0.5106870333265885,Spearman rho,"[{""feature"": ""POS_CONTRACT_COUNT"", ""absolute_association"": 0.510687, ""method"": ""Spearman rho""}, {""feature"": ""PREV_APPROVED_COUNT"", ""absolute_association"": 0.506278, ""method"": ""Spearman rho""}, {""feature"": ""INST_CONTRACT_COUNT"", ""absolute_association"": 0.504566, ""method"": ""Spearman rho""}]","related signal, but too weak to treat as a substitute"
10,CREDIT_TO_GOODS,Application derived,numeric,Requested credit divided by goods price.,median imputation + missingness indicator when needed + LightGBM splits,context-dependent,No defensible monotonic sign follows from the field alone.,higher -> more risk,0.054496180883966794,0.0,0.054496180883966794,8126.803742408752,0.0,8126.803742408752,287,0.000845491794393739,0.0,0.9185590524501844,0.06972116754914225,0.13343121512607412,4.3168700618808495,{},0.017477745707935415,0.01312146316520344,Tier 1 - dominant,DOWN_PAYMENT_RATE,1.0,Spearman rho,"[{""feature"": ""DOWN_PAYMENT_RATE"", ""absolute_association"": 1.0, ""method"": ""Spearman rho""}]",high redundancy candidate; validate with grouped ablation before removing
11,EXT_SOURCE_1,External scores,numeric,Normalized score from external data source,median imputation + missingness indicator when needed + LightGBM splits,higher -> less risk,"Stronger score, resources, tenure, down payment, or repayment completeness should reduce risk.",higher -> less risk,0.012784835705216059,0.03936170753122771,0.05214654323644377,3667.2543444633484,2584.3468403816223,6251.601184844971,283,0.5633143278340235,0.08001160875959842,-0.8383887342125244,-0.152846606392754,-0.05892148044536814,-10.663224781572678,{},0.016724181538060146,0.010093778227031731,Tier 1 - dominant,EXT_SOURCE_MEAN,0.744456621921906,Spearman rho,"[{""feature"": ""EXT_SOURCE_MEAN"", ""absolute_association"": 0.744457, ""method"": ""Spearman rho""}, {""feature"": ""EXT_SOURCE_MAX"", ""absolute_association"": 0.650073, ""method"": ""Spearman rho""}, {""feature"": ""EXT_SOURCE_MIN"", ""absolute_association"": 0.615768, ""method"": ""Spearman rho""}]","related signal, but too weak to treat as a substitute"
12,EXT_SOURCE_MIN,External scores,numeric,Minimum of the available external credit-score signals.,median imputation + missingness indicator when needed + LightGBM splits,higher -> less risk,"Stronger score, resources, tenure, down payment, or repayment completeness should reduce risk.",higher -> less risk,0.051926273731732024,0.0,0.051926273731732024,23126.614185333252,0.0,23126.614185333252,374,0.0004986233659245127,0.0,-0.3141004043049466,-0.18446683735872238,-0.11529994558110722,-13.219173845264113,{},0.01665353779150547,0.0373400202326996,Tier 1 - dominant,EXT_SOURCE_MEAN,0.9001805048343823,Spearman rho,"[{""feature"": ""EXT_SOURCE_MEAN"", ""absolute_association"": 0.900181, ""method"": ""Spearman rho""}, {""feature"": ""EXT_SOURCE_STD"", ""absolute_association"": 0.662701, ""method"": ""Spearman rho""}, {""feature"": ""EXT_SOURCE_2"", ""absolute_association"": 0.622938, ""method"": ""Spearman rho""}, {""feature"": ""EXT_SOURCE_1"", ""absolute_association"": 0.615768, ""method"": ""Spearman rho""}, {""feature"": ""EXT_SOURCE_3"", ""absolute_association"": 0.602896, ""method"": ""Spearman rho""}]",high redundancy candidate; validate with grouped ablation before removing
13,POS_INSTALLMENT_COUNT_MAX,POS/cash loan history,numeric,POS/cash loan history aggregate: installment count max.,median imputation + missingness indicator when needed + LightGBM splits,context-dependent,The aggregate can be beneficial or adverse depending on the underlying behavior and interactions.,higher -> more risk,0.0493917464564906,0.0,0.0493917464564906,3465.589776277542,0.0,3465.589776277542,182,0.060463502937542005,0.0,0.7472601472216962,0.003703748384365843,0.09496662959929042,0.0326528902547335,{},0.015840676734309278,0.005595509629183342,Tier 1 - dominant,POS_INSTALLMENT_COUNT_MEAN,0.905400842035533,Spearman rho,"[{""feature"": ""POS_INSTALLMENT_COUNT_MEAN"", ""absolute_association"": 0.905401, ""method"": ""Spearman rho""}, {""feature"": ""POS_FUTURE_INSTALLMENTS_MEAN"", ""absolute_association"": 0.899458, ""method"": ""Spearman rho""}, {""feature"": ""PREV_PAYMENT_COUNT_MAX"", ""absolute_association"": 0.840565, ""method"": ""Spearman rho""}, {""feature"": ""PREV_PAYMENT_COUNT_MEAN"", ""absolute_association"": 0.747839, ""method"": ""Spearman rho""}, {""feature"": ""INST_PAID_SUM"", ""absolute_association"": 0.680693, ""method"": ""Spearman rho""}]",high redundancy candidate; validate with grouped ablation before removing
14,POS_FUTURE_INSTALLMENTS_MEAN,POS/cash loan history,numeric,POS/cash loan history aggregate: future installments mean.,median imputation + missingness indicator when needed + LightGBM splits,context-dependent,The aggregate can be beneficial or adverse depending on the underlying behavior and interactions.,higher -> more risk,0.04852186546670799,0.0,0.04852186546670799,6577.3401918411255,0.0,6577.3401918411255,338,0.060463502937542005,0.0,0.8315352680860574,0.019256485656559855,0.13756433095570966,1.4893178694305689,{},0.015561692803894795,0.010619713455351044,Tier 1 - dominant,POS_INSTALLMENT_COUNT_MEAN,0.9441372645324281,Spearman rho,"[{""feature"": ""POS_INSTALLMENT_COUNT_MEAN"", ""absolute_association"": 0.944137, ""method"": ""Spearman rho""}, {""feature"": ""POS_INSTALLMENT_COUNT_MAX"", ""absolute_association"": 0.899458, ""method"": ""Spearman rho""}, {""feature"": ""PREV_PAYMENT_COUNT_MEAN"", ""absolute_association"": 0.752344, ""method"": ""Spearman rho""}, {""feature"": ""PREV_PAYMENT_COUNT_MAX"", ""absolute_association"": 0.742041, ""method"": ""Spearman rho""}, {""feature"": ""PREV_ANNUITY_TO_CREDIT_MEAN"", ""absolute_association"": 0.702325, ""method"": ""Spearman rho""}]",high redundancy candidate; validate with grouped ablation before removing
15,DOWN_PAYMENT_RATE,Application derived,numeric,Implied down payment divided by goods price.,median imputation + missingness indicator when needed + LightGBM splits,higher -> less risk,"Stronger score, resources, tenure, down payment, or repayment completeness should reduce risk.",higher -> less risk,0.045910677152446594,0.0,0.045910677152446594,6146.362581253052,0.0,6146.362581253052,173,0.000845491794393739,0.0,-0.924683655669731,-0.06972116754914225,-0.1163295046371017,-4.3168700618808495,{},0.014724245397270744,0.009923860937977138,Tier 1 - dominant,CREDIT_TO_GOODS,1.0,Spearman rho,"[{""feature"": ""CREDIT_TO_GOODS"", ""absolute_association"": 1.0, ""method"": ""Spearman rho""}]",high redundancy candidate; validate with grouped ablation before removing
16,INST_RECENT_12M_LATE_COUNT,Installment repayments,numeric,Installment repayments aggregate: recent 12m late count.,median imputation + missingness indicator when needed + LightGBM splits,higher -> more risk,"More arrears, burden, utilization, refusals, or missingness should raise risk.",higher -> more risk,0.04586826122510355,0.0,0.04586826122510355,4520.438403129578,0.0,4520.438403129578,142,0.05263728402020509,0.0,0.7090954924361998,0.06380065572156496,0.029633023976402658,0.8916780900501492,{},0.014710641970754553,0.007298658596578234,Tier 1 - dominant,INST_RECENT_24M_LATE_COUNT,0.7947406192841244,Spearman rho,"[{""feature"": ""INST_RECENT_24M_LATE_COUNT"", ""absolute_association"": 0.794741, ""method"": ""Spearman rho""}, {""feature"": ""INST_LATE_PAYMENT_COUNT"", ""absolute_association"": 0.515396, ""method"": ""Spearman rho""}]",partial substitute candidate; important interactions may still differ
17,POS_LATEST_MONTH,POS/cash loan history,numeric,POS/cash loan history aggregate: latest month.,median imputation + missingness indicator when needed + LightGBM splits,context-dependent,No defensible monotonic sign follows from the field alone.,higher -> less risk,0.04473786181313076,0.0,0.04473786181313076,3370.7956902980804,0.0,3370.7956902980804,204,0.06035510655364537,0.0,-0.8666301985001412,-0.019999648487420765,-0.11460682047017635,-1.0583949136735618,{},0.014348105859959446,0.005442455962959336,Tier 1 - dominant,INST_DAYS_SINCE_DUE_MIN,0.7868033641069262,Spearman rho,"[{""feature"": ""INST_DAYS_SINCE_DUE_MIN"", ""absolute_association"": 0.786803, ""method"": ""Spearman rho""}, {""feature"": ""PREV_DAYS_SINCE_DECISION_MIN"", ""absolute_association"": 0.531543, ""method"": ""Spearman rho""}, {""feature"": ""PREV_RECENT_24M_COUNT"", ""absolute_association"": 0.504708, ""method"": ""Spearman rho""}]",partial substitute candidate; important interactions may still differ
18,BUREAU_DEBT_TO_CREDIT,Credit bureau,numeric,Credit bureau aggregate: debt to credit.,median imputation + missingness indicator when needed + LightGBM splits,higher -> more risk,"More arrears, burden, utilization, refusals, or missingness should raise risk.",higher -> more risk,0.040417340392642394,0.0034780165337818425,0.04389535692642424,7479.934592962265,360.2078056335449,7840.14239859581,297,0.17024736054805212,0.011595677019169807,0.8216259246532112,0.08334302598775367,0.1262286582639522,5.592988198088342,{},0.014077901857978055,0.012658622375275076,Tier 1 - dominant,BUREAU_DEBT_MEAN,0.8772038822344674,Spearman rho,"[{""feature"": ""BUREAU_DEBT_MEAN"", ""absolute_association"": 0.877204, ""method"": ""Spearman rho""}, {""feature"": ""BUREAU_DEBT_SUM"", ""absolute_association"": 0.804252, ""method"": ""Spearman rho""}, {""feature"": ""BUREAU_DEBT_MAX"", ""absolute_association"": 0.803058, ""method"": ""Spearman rho""}, {""feature"": ""BUREAU_ACTIVE_RATE"", ""absolute_association"": 0.623485, ""method"": ""Spearman rho""}]",partial substitute candidate; important interactions may still differ
19,EXT_SOURCE_3,External scores,numeric,Normalized score from external data source,median imputation + missingness indicator when needed + LightGBM splits,higher -> less risk,"Stronger score, resources, tenure, down payment, or repayment completeness should reduce risk.",higher -> less risk,0.03650526649783591,0.006070961461423358,0.04257622795925927,15150.431948900223,666.068452835083,15816.500401735306,356,0.19799683482559022,-0.021236471816175616,-0.7060374024314732,-0.17111348925090689,-0.1019360637558201,-11.833638485549047,{},0.013654837337306958,0.02553717722267555,Tier 1 - dominant,EXT_SOURCE_MEAN,0.6964560429121541,Spearman rho,"[{""feature"": ""EXT_SOURCE_MEAN"", ""absolute_association"": 0.696456, ""method"": ""Spearman rho""}, {""feature"": ""EXT_SOURCE_MIN"", ""absolute_association"": 0.602896, ""method"": ""Spearman rho""}, {""feature"": ""EXT_SOURCE_MAX"", ""absolute_association"": 0.600933, ""method"": ""Spearman rho""}]","related signal, but too weak to treat as a substitute"
20,INST_RECENT_24M_LATE_COUNT,Installment repayments,numeric,Installment repayments aggregate: recent 24m late count.,median imputation + missingness indicator when needed + LightGBM splits,higher -> more risk,"More arrears, burden, utilization, refusals, or missingness should raise risk.",higher -> more risk,0.04146968924882993,0.0,0.04146968924882993,5507.464836597443,0.0,5507.464836597443,132,0.05263728402020509,0.0,0.8159345203555032,0.0703160977373943,0.09998454832042716,3.9720438578636594,{},0.013299953712745284,0.008892302469414274,Tier 2 - material,INST_RECENT_12M_LATE_COUNT,0.7947406192841244,Spearman rho,"[{""feature"": ""INST_RECENT_12M_LATE_COUNT"", ""absolute_association"": 0.794741, ""method"": ""Spearman rho""}, {""feature"": ""INST_LATE_PAYMENT_COUNT"", ""absolute_association"": 0.661994, ""method"": ""Spearman rho""}, {""feature"": ""INST_LATE_PAYMENT_RATE"", ""absolute_association"": 0.631211, ""method"": ""Spearman rho""}, {""feature"": ""INST_SHORTFALL_MAX"", ""absolute_association"": 0.629273, ""method"": ""Spearman rho""}, {""feature"": ""INST_SHORTFALL_SUM"", ""absolute_association"": 0.626804, ""method"": ""Spearman rho""}]",partial substitute candidate; important interactions may still differ
21,OWN_CAR_AGE,Application financial,numeric,Age of client's car,median imputation + missingness indicator when needed + LightGBM splits,context-dependent,No defensible monotonic sign follows from the field alone.,higher -> more risk,0.033871109157239496,0.0066054239182543285,0.04047653307549382,2668.009690761566,527.2984566688538,3195.30814743042,165,0.6594619203503371,0.014678881211181272,0.8452453859718686,0.05063311538426231,0.14747559266342042,3.0859432743539146,{},0.012981433574925101,0.005159115377573479,Tier 2 - material,,,,[],low measured redundancy; not a demonstrated substitute
22,PREV_REFUSAL_RATE,Previous applications,numeric,Previous applications aggregate: refusal rate.,median imputation + missingness indicator when needed + LightGBM splits,higher -> more risk,"More arrears, burden, utilization, refusals, or missingness should raise risk.",higher -> more risk,0.03881039098595474,0.0,0.03881039098595474,7786.14767408371,0.0,7786.14767408371,246,0.054328267608992564,0.0,0.8050660634154694,0.06893510342063155,0.10458180101602099,4.2513866991535325,{},0.012447076721253917,0.012571442985781067,Tier 2 - material,PREV_REFUSED_COUNT,0.9770780702220578,Spearman rho,"[{""feature"": ""PREV_REFUSED_COUNT"", ""absolute_association"": 0.977078, ""method"": ""Spearman rho""}, {""feature"": ""PREV_APPROVAL_RATE"", ""absolute_association"": 0.689952, ""method"": ""Spearman rho""}, {""feature"": ""PREV_APPLICATION_COUNT"", ""absolute_association"": 0.523858, ""method"": ""Spearman rho""}, {""feature"": ""PREV_UNIQUE_APPLICATION_COUNT"", ""absolute_association"": 0.523858, ""method"": ""Spearman rho""}]",high redundancy candidate; validate with grouped ablation before removing
23,POS_ACTIVE_MONTH_COUNT,POS/cash loan history,numeric,POS/cash loan history aggregate: active month count.,median imputation + missingness indicator when needed + LightGBM splits,context-dependent,A larger count can mean deeper history or greater credit exposure; composition and recency matter.,higher -> less risk,0.03735625811095359,0.0,0.03735625811095359,3888.12064409256,0.0,3888.12064409256,159,0.06035510655364537,0.0,-0.9034251661832203,-0.05319161472798813,-0.10160412993572852,-3.8014300223681823,{},0.01198071441471114,0.006277724112752612,Tier 2 - material,POS_MONTH_COUNT,0.9963741875372633,Spearman rho,"[{""feature"": ""POS_MONTH_COUNT"", ""absolute_association"": 0.996374, ""method"": ""Spearman rho""}, {""feature"": ""POS_CONTRACT_COUNT"", ""absolute_association"": 0.841083, ""method"": ""Spearman rho""}, {""feature"": ""INST_PAYMENT_COUNT"", ""absolute_association"": 0.830628, ""method"": ""Spearman rho""}, {""feature"": ""INST_CONTRACT_COUNT"", ""absolute_association"": 0.81926, ""method"": ""Spearman rho""}, {""feature"": ""PREV_APPROVED_COUNT"", ""absolute_association"": 0.790898, ""method"": ""Spearman rho""}]",high redundancy candidate; validate with grouped ablation before removing
24,PREV_ANNUITY_MEAN,Previous applications,numeric,Previous applications aggregate: annuity mean.,median imputation + missingness indicator when needed + LightGBM splits,context-dependent,The aggregate can be beneficial or adverse depending on the underlying behavior and interactions.,higher -> less risk,0.03707081800008488,0.0,0.03707081800008488,3485.1220450401306,0.0,3485.1220450401306,260,0.05552062783185553,0.0,-0.9398980014630023,-0.03252115104257795,-0.10885681343100503,-2.148365773044436,{},0.011889169473548558,0.005627046252094971,Tier 2 - material,PREV_ANNUITY_MAX,0.9037182273979999,Spearman rho,"[{""feature"": ""PREV_ANNUITY_MAX"", ""absolute_association"": 0.903718, ""method"": ""Spearman rho""}, {""feature"": ""PREV_CREDIT_MEAN"", ""absolute_association"": 0.837165, ""method"": ""Spearman rho""}, {""feature"": ""PREV_APPLICATION_AMOUNT_MEAN"", ""absolute_association"": 0.829882, ""method"": ""Spearman rho""}, {""feature"": ""INST_DUE_MEAN"", ""absolute_association"": 0.784553, ""method"": ""Spearman rho""}, {""feature"": ""PREV_APPLICATION_AMOUNT_MAX"", ""absolute_association"": 0.784535, ""method"": ""Spearman rho""}]",high redundancy candidate; validate with grouped ablation before removing
25,NAME_INCOME_TYPE,Application categorical,categorical,"Clients income type (businessman, working, maternity leave,)",most-frequent imputation + ordinal encoding + LightGBM splits,category-dependent,Risk varies by category; no numeric ordering is assumed.,category-dependent,0.03545941523094624,0.0,0.03545941523094624,2775.8272910118103,0.0,2775.8272910118103,89,0.0,,,,,,"{""eligible_categories"": 4, ""highest_risk_category"": ""Working"", ""highest_risk_event_rate"": 0.09564962033812979, ""highest_risk_mean_shap"": 0.03327145001661258, ""lowest_risk_category"": ""State servant"", ""lowest_risk_event_rate"": 0.0616822429906542, ""lowest_risk_mean_shap"": -0.06153115169602974}",0.011372368344088968,0.004481825414573418,Tier 2 - material,,,,[],low measured redundancy; not a demonstrated substitute
26,AMT_GOODS_PRICE,Application financial,numeric,For consumer loans it is the price of the goods for which the loan is given,median imputation + missingness indicator when needed + LightGBM splits,context-dependent,No defensible monotonic sign follows from the field alone.,higher -> less risk,0.03255371293297466,0.0,0.03255371293297466,5240.364693403244,0.0,5240.364693403244,251,0.000845491794393739,0.0,-0.36709547146783716,-0.036405813034914955,-0.041146203218724094,-2.9388523878451265,{},0.010440465868665186,0.008461045015508485,Tier 2 - material,AMT_CREDIT,0.9851301201888157,Spearman rho,"[{""feature"": ""AMT_CREDIT"", ""absolute_association"": 0.98513, ""method"": ""Spearman rho""}, {""feature"": ""AMT_ANNUITY"", ""absolute_association"": 0.825974, ""method"": ""Spearman rho""}, {""feature"": ""CREDIT_TO_INCOME"", ""absolute_association"": 0.735133, ""method"": ""Spearman rho""}, {""feature"": ""CREDIT_TO_ANNUITY"", ""absolute_association"": 0.654209, ""method"": ""Spearman rho""}]",high redundancy candidate; validate with grouped ablation before removing
27,INST_LATE_PAYMENT_RATE,Installment repayments,numeric,Installment repayments aggregate: late payment rate.,median imputation + missingness indicator when needed + LightGBM splits,higher -> more risk,"More arrears, burden, utilization, refusals, or missingness should raise risk.",higher -> more risk,0.03207733440197684,0.0,0.03207733440197684,5201.754661083221,0.0,5201.754661083221,185,0.05263728402020509,0.0,0.8924227982587667,0.06582899759485239,0.08855029988634419,4.113981608141935,{},0.010287684101384512,0.008398705609642098,Tier 2 - material,INST_LATE_DAYS_MEAN,0.958644975607514,Spearman rho,"[{""feature"": ""INST_LATE_DAYS_MEAN"", ""absolute_association"": 0.958645, ""method"": ""Spearman rho""}, {""feature"": ""INST_LATE_PAYMENT_COUNT"", ""absolute_association"": 0.943765, ""method"": ""Spearman rho""}, {""feature"": ""INST_LATE_DAYS_SUM"", ""absolute_association"": 0.92428, ""method"": ""Spearman rho""}, {""feature"": ""INST_LATE_DAYS_MAX"", ""absolute_association"": 0.896744, ""method"": ""Spearman rho""}, {""feature"": ""INST_SHORT_PAYMENT_RATE"", ""absolute_association"": 0.829137, ""method"": ""Spearman rho""}]",high redundancy candidate; validate with grouped ablation before removing
28,INST_LATE_DAYS_MEAN,Installment repayments,numeric,Installment repayments aggregate: late days mean.,median imputation + missingness indicator when needed + LightGBM splits,higher -> more risk,"More arrears, burden, utilization, refusals, or missingness should raise risk.",higher -> more risk,0.029707851273486883,0.0,0.029707851273486883,4764.585028171539,0.0,4764.585028171539,217,0.05263728402020509,0.0,0.9237158885237919,0.06287320749410649,0.0849936525195867,4.153272011288858,{},0.009527755186968146,0.007692855509526856,Tier 2 - material,INST_LATE_DAYS_SUM,0.9765785984114443,Spearman rho,"[{""feature"": ""INST_LATE_DAYS_SUM"", ""absolute_association"": 0.976579, ""method"": ""Spearman rho""}, {""feature"": ""INST_LATE_DAYS_MAX"", ""absolute_association"": 0.973398, ""method"": ""Spearman rho""}, {""feature"": ""INST_LATE_PAYMENT_RATE"", ""absolute_association"": 0.958645, ""method"": ""Spearman rho""}, {""feature"": ""INST_LATE_PAYMENT_COUNT"", ""absolute_association"": 0.929579, ""method"": ""Spearman rho""}, {""feature"": ""INST_SHORT_PAYMENT_RATE"", ""absolute_association"": 0.842805, ""method"": ""Spearman rho""}]",high redundancy candidate; validate with grouped ablation before removing
29,EXT_SOURCE_2,External scores,numeric,Normalized score from external data source,median imputation + missingness indicator when needed + LightGBM splits,higher -> less risk,"Stronger score, resources, tenure, down payment, or repayment completeness should reduce risk.",higher -> less risk,0.02953272254994321,0.0,0.02953272254994321,6234.307625055313,0.0,6234.307625055313,302,0.0019728141869187242,0.0,-0.8163293011055663,-0.14718077978842445,-0.08584706106972441,-10.418281797971881,{},0.009471588768576943,0.010065856203199521,Tier 2 - material,EXT_SOURCE_MEAN,0.7221303638044825,Spearman rho,"[{""feature"": ""EXT_SOURCE_MEAN"", ""absolute_association"": 0.72213, ""method"": ""Spearman rho""}, {""feature"": ""EXT_SOURCE_MIN"", ""absolute_association"": 0.622938, ""method"": ""Spearman rho""}, {""feature"": ""EXT_SOURCE_MAX"", ""absolute_association"": 0.616349, ""method"": ""Spearman rho""}]","related signal, but too weak to treat as a substitute"
30,BUREAU_DAYS_SINCE_CREDIT_MIN,Credit bureau,numeric,Credit bureau aggregate: days since credit min.,median imputation + missingness indicator when needed + LightGBM splits,context-dependent,The aggregate can be beneficial or adverse depending on the underlying behavior and interactions.,higher -> less risk,0.029341752557792415,0.0,0.029341752557792415,7254.319155454636,0.0,7254.319155454636,436,0.1424762069937347,0.0,-0.20494841789974533,-0.06781054015610063,-0.03789160993838639,-4.672472520186176,{},0.009410341816836146,0.011712757512551249,Tier 2 - material,BUREAU_RECENT_12M_COUNT,0.846083976433508,Spearman rho,"[{""feature"": ""BUREAU_RECENT_12M_COUNT"", ""absolute_association"": 0.846084, ""method"": ""Spearman rho""}, {""feature"": ""BUREAU_RECENT_24M_COUNT"", ""absolute_association"": 0.708895, ""method"": ""Spearman rho""}, {""feature"": ""BUREAU_ACTIVE_COUNT"", ""absolute_association"": 0.519835, ""method"": ""Spearman rho""}, {""feature"": ""BUREAU_DAYS_SINCE_CREDIT_MEAN"", ""absolute_association"": 0.506528, ""method"": ""Spearman rho""}]",partial substitute candidate; important interactions may still differ
31,CC_DRAWINGS_MEAN,Credit card history,numeric,Credit card history aggregate: drawings mean.,median imputation + missingness indicator when needed + LightGBM splits,context-dependent,The aggregate can be beneficial or adverse depending on the underlying behavior and interactions.,higher -> more risk,0.028124113395095948,0.0,0.028124113395095948,4571.53271818161,0.0,4571.53271818161,165,0.7222884644568257,0.0,0.7718697620667301,0.0977916883409749,0.17216794299393848,6.898126044494335,{},0.009019826604495946,0.007381155011424328,Tier 2 - material,CC_DRAWINGS_SUM,0.8919523996584214,Spearman rho,"[{""feature"": ""CC_DRAWINGS_SUM"", ""absolute_association"": 0.891952, ""method"": ""Spearman rho""}, {""feature"": ""CC_BALANCE_MEAN"", ""absolute_association"": 0.873591, ""method"": ""Spearman rho""}, {""feature"": ""CC_RECEIVABLE_MEAN"", ""absolute_association"": 0.868985, ""method"": ""Spearman rho""}, {""feature"": ""CC_BALANCE_MAX"", ""absolute_association"": 0.856303, ""method"": ""Spearman rho""}, {""feature"": ""CC_RECEIVABLE_MAX"", ""absolute_association"": 0.851091, ""method"": ""Spearman rho""}]",partial substitute candidate; important interactions may still differ
32,INST_UNIQUE_NUMBER_COUNT,Installment repayments,numeric,Installment repayments aggregate: unique number count.,median imputation + missingness indicator when needed + LightGBM splits,context-dependent,A larger count can mean deeper history or greater credit exposure; composition and recency matter.,higher -> less risk,0.02705927735647614,0.0,0.02705927735647614,2815.188547372818,0.0,2815.188547372818,216,0.05263728402020509,0.0,-0.8004093310410941,-0.009848589479860032,-0.06638363926035809,-0.9470920079858919,{},0.008678317654662036,0.004545377739921442,Tier 2 - material,INST_PAYMENT_COUNT,0.8739367378841477,Spearman rho,"[{""feature"": ""INST_PAYMENT_COUNT"", ""absolute_association"": 0.873937, ""method"": ""Spearman rho""}, {""feature"": ""CC_ACTIVE_MONTH_COUNT"", ""absolute_association"": 0.76494, ""method"": ""Spearman rho""}, {""feature"": ""CC_MONTH_COUNT"", ""absolute_association"": 0.760128, ""method"": ""Spearman rho""}, {""feature"": ""CC_PAYMENT_TOTAL_SUM"", ""absolute_association"": 0.75137, ""method"": ""Spearman rho""}, {""feature"": ""CC_OLDEST_MONTH"", ""absolute_association"": 0.751291, ""method"": ""Spearman rho""}]",partial substitute candidate; important interactions may still differ
33,PREV_PAYMENT_COUNT_MAX,Previous applications,numeric,Previous applications aggregate: payment count max.,median imputation + missingness indicator when needed + LightGBM splits,context-dependent,The aggregate can be beneficial or adverse depending on the underlying behavior and interactions.,higher -> more risk,0.02670149843442304,0.0,0.02670149843442304,2391.7907366752625,0.0,2391.7907366752625,100,0.05552062783185553,0.0,0.8479472395733286,0.02237933581977763,0.07544036710966173,2.1057161150910497,{},0.008563572567614239,0.0038617634982849014,Tier 2 - material,PREV_PAYMENT_COUNT_MEAN,0.8641537406146391,Spearman rho,"[{""feature"": ""PREV_PAYMENT_COUNT_MEAN"", ""absolute_association"": 0.864154, ""method"": ""Spearman rho""}, {""feature"": ""POS_INSTALLMENT_COUNT_MAX"", ""absolute_association"": 0.840565, ""method"": ""Spearman rho""}, {""feature"": ""PREV_CREDIT_SUM"", ""absolute_association"": 0.768977, ""method"": ""Spearman rho""}, {""feature"": ""PREV_CREDIT_MAX"", ""absolute_association"": 0.76641, ""method"": ""Spearman rho""}, {""feature"": ""PREV_APPLICATION_AMOUNT_MAX"", ""absolute_association"": 0.757018, ""method"": ""Spearman rho""}]",partial substitute candidate; important interactions may still differ
34,CC_UTILIZATION_MAX,Credit card history,numeric,Credit card history aggregate: utilization max.,median imputation + missingness indicator when needed + LightGBM splits,higher -> more risk,"More arrears, burden, utilization, refusals, or missingness should raise risk.",higher -> more risk,0.026154971363601606,4.586592166948252e-05,0.02620083728527109,5190.780551433563,21.357800483703613,5212.138351917267,214,0.7248899776703449,-0.00010864010480871004,0.882256841969418,0.09838466621227053,0.20209653493750684,6.749523894181947,{},0.008403002999090676,0.008415471022111307,Tier 2 - material,CC_UTILIZATION_MEAN,0.8590216533040501,Spearman rho,"[{""feature"": ""CC_UTILIZATION_MEAN"", ""absolute_association"": 0.859022, ""method"": ""Spearman rho""}, {""feature"": ""CC_BALANCE_SUM"", ""absolute_association"": 0.834158, ""method"": ""Spearman rho""}, {""feature"": ""CC_BALANCE_MEAN"", ""absolute_association"": 0.771782, ""method"": ""Spearman rho""}, {""feature"": ""CC_RECEIVABLE_MEAN"", ""absolute_association"": 0.769745, ""method"": ""Spearman rho""}, {""feature"": ""CC_PAYMENT_TOTAL_SUM"", ""absolute_association"": 0.747525, ""method"": ""Spearman rho""}]",partial substitute candidate; important interactions may still differ
35,ID_AGE_YEARS,Application derived,numeric,Years since the applicant's identity document was changed.,median imputation + missingness indicator when needed + LightGBM splits,context-dependent,No defensible monotonic sign follows from the field alone.,higher -> less risk,0.02459828533968131,0.0,0.02459828533968131,5343.875503063202,0.0,5343.875503063202,447,0.0,,-0.6242947986529179,-0.05256800809129002,-0.07738885657240586,-3.8312833078869972,{},0.007889040462001846,0.008628172624246696,Tier 2 - material,,,,[],low measured redundancy; not a demonstrated substitute
36,BUREAU_DEBT_MEAN,Credit bureau,numeric,Credit bureau aggregate: debt mean.,median imputation + missingness indicator when needed + LightGBM splits,context-dependent,The aggregate can be beneficial or adverse depending on the underlying behavior and interactions.,higher -> more risk,0.02396860810394336,0.0005657550133750428,0.0245343631173184,2907.5830879211426,58.41429901123047,2965.997386932373,186,0.1664968456652286,0.0018565239201080387,0.7714699916602173,0.05072836540616218,0.05609588235516805,3.368941723763012,{},0.007868539642872452,0.004788872316139823,Tier 2 - material,BUREAU_DEBT_MAX,0.9488599602095923,Spearman rho,"[{""feature"": ""BUREAU_DEBT_MAX"", ""absolute_association"": 0.94886, ""method"": ""Spearman rho""}, {""feature"": ""BUREAU_DEBT_SUM"", ""absolute_association"": 0.940203, ""method"": ""Spearman rho""}, {""feature"": ""BUREAU_DEBT_TO_CREDIT"", ""absolute_association"": 0.877204, ""method"": ""Spearman rho""}, {""feature"": ""BUREAU_CREDIT_MEAN"", ""absolute_association"": 0.600141, ""method"": ""Spearman rho""}, {""feature"": ""BUREAU_CREDIT_MAX"", ""absolute_association"": 0.583529, ""method"": ""Spearman rho""}]",high redundancy candidate; validate with grouped ablation before removing
37,FLAG_WORK_PHONE,Application verified flags,numeric,"Did client provide home phone (1=YES, 0=NO)",median imputation + missingness indicator when needed + LightGBM splits,context-dependent,No defensible monotonic sign follows from the field alone.,higher -> more risk,0.02436450938873146,0.0,0.02436450938873146,1473.659211397171,0.0,1473.659211397171,83,0.0,,0.6897214913655959,0.030927522188728563,0.07584909424438413,2.109576091885618,{},0.007814064994784577,0.002379356715544289,Tier 2 - material,,,,[],low measured redundancy; not a demonstrated substitute
38,APPLICATION_MISSING_COUNT,Application derived,numeric,Count of missing application and joined-history fields.,median imputation + missingness indicator when needed + LightGBM splits,higher -> more risk,"More arrears, burden, utilization, refusals, or missingness should raise risk.",higher -> more risk,0.023275586802836038,0.0,0.023275586802836038,4290.680474996567,0.0,4290.680474996567,335,0.0,,0.8734692488319723,0.022246234059275224,0.06564357868442956,1.6320720109036402,{},0.007464831126590577,0.006927693542361581,Tier 2 - material,,,,[],low measured redundancy; not a demonstrated substitute
39,FLAG_DOCUMENT_3,Application documents,numeric,Did client provide document 3,median imputation + missingness indicator when needed + LightGBM splits,context-dependent,No defensible monotonic sign follows from the field alone.,higher -> more risk,0.02240638853366747,0.0,0.02240638853366747,2099.2448210716248,0.0,2099.2448210716248,52,0.0,,0.7855551388185777,0.0421280840078961,0.0544728139581115,2.5268427888185925,{},0.00718606615495611,0.0033894215324401485,Tier 2 - material,,,,[],low measured redundancy; not a demonstrated substitute
40,AMT_CREDIT,Application financial,numeric,Credit amount of the loan,median imputation + missingness indicator when needed + LightGBM splits,context-dependent,No defensible monotonic sign follows from the field alone.,higher -> more risk,0.022401743360732956,0.0,0.022401743360732956,4450.840501070023,0.0,4450.840501070023,254,0.0,,0.8454039886366279,-0.022174598808736068,0.06482789527936497,-1.2769615517082222,{},0.007184576378057951,0.007186286458995494,Tier 2 - material,AMT_GOODS_PRICE,0.9851301201888157,Spearman rho,"[{""feature"": ""AMT_GOODS_PRICE"", ""absolute_association"": 0.98513, ""method"": ""Spearman rho""}, {""feature"": ""AMT_ANNUITY"", ""absolute_association"": 0.828256, ""method"": ""Spearman rho""}, {""feature"": ""CREDIT_TO_INCOME"", ""absolute_association"": 0.752966, ""method"": ""Spearman rho""}, {""feature"": ""CREDIT_TO_ANNUITY"", ""absolute_association"": 0.673439, ""method"": ""Spearman rho""}]",high redundancy candidate; validate with grouped ablation before removing
41,REGISTRATION_YEARS,Application derived,numeric,Years since the applicant's registration date.,median imputation + missingness indicator when needed + LightGBM splits,context-dependent,No defensible monotonic sign follows from the field alone.,higher -> less risk,0.021472276384488342,0.0,0.021472276384488342,4660.310562849045,0.0,4660.310562849045,363,0.0,,-0.667466662856121,-0.03682428459238668,-0.06674370387903149,-2.5961447753782507,{},0.006886482324654175,0.00752449490932429,Tier 2 - material,,,,[],low measured redundancy; not a demonstrated substitute
42,INST_PAYMENT_RATIO,Installment repayments,numeric,Installment repayments aggregate: payment ratio.,median imputation + missingness indicator when needed + LightGBM splits,higher -> less risk,"Stronger score, resources, tenure, down payment, or repayment completeness should reduce risk.",higher -> less risk,0.021124874479298547,0.0,0.021124874479298547,3724.9442212581635,0.0,3724.9442212581635,184,0.05268064257376374,0.0,-0.9167457664574856,-0.0527420127622384,-0.05432120799834113,-3.4653918816115374,{},0.006775065303151557,0.006014260949433182,Tier 2 - material,INST_SHORT_PAYMENT_RATE,0.7827912313721199,Spearman rho,"[{""feature"": ""INST_SHORT_PAYMENT_RATE"", ""absolute_association"": 0.782791, ""method"": ""Spearman rho""}, {""feature"": ""INST_SHORTFALL_MEAN"", ""absolute_association"": 0.768193, ""method"": ""Spearman rho""}, {""feature"": ""INST_SHORT_PAYMENT_COUNT"", ""absolute_association"": 0.745409, ""method"": ""Spearman rho""}, {""feature"": ""INST_SHORTFALL_SUM"", ""absolute_association"": 0.736177, ""method"": ""Spearman rho""}, {""feature"": ""INST_SHORTFALL_MAX"", ""absolute_association"": 0.701665, ""method"": ""Spearman rho""}]",partial substitute candidate; important interactions may still differ
43,EXT_SOURCE_STD,External scores,numeric,Dispersion among the available external credit-score signals.,median imputation + missingness indicator when needed + LightGBM splits,context-dependent,"Greater disagreement among external scores can indicate uncertainty, but has no universal risk sign.",higher -> more risk,0.02037774553802103,0.0004969954903095701,0.0208747410283306,7049.812313079834,52.127169132232666,7101.939482212067,270,0.1218158562230364,0.002423519026732444,0.5158749149399904,0.04595187775888744,0.041816182839241524,3.011750765280932,{},0.006694843739398778,0.011466726682602171,Tier 2 - material,EXT_SOURCE_MIN,0.6627011105092678,Spearman rho,"[{""feature"": ""EXT_SOURCE_MIN"", ""absolute_association"": 0.662701, ""method"": ""Spearman rho""}]","related signal, but too weak to treat as a substitute"
44,PREV_DOWN_PAYMENT_MEAN,Previous applications,numeric,Previous applications aggregate: down payment mean.,median imputation + missingness indicator when needed + LightGBM splits,context-dependent,The aggregate can be beneficial or adverse depending on the underlying behavior and interactions.,higher -> less risk,0.02052806282427782,2.2757063585047783e-05,0.020550819887862868,3267.8542535305023,7.089260101318359,3274.9435136318207,214,0.11034751880677261,-0.00010257597332873,-0.8395415386177858,-0.04417767412901103,-0.0578078369436812,-2.9115376424682364,{},0.006590957352670619,0.00528769391316753,Tier 2 - material,PREV_DOWN_PAYMENT_RATE_MEAN,0.8859511375801234,Spearman rho,"[{""feature"": ""PREV_DOWN_PAYMENT_RATE_MEAN"", ""absolute_association"": 0.885951, ""method"": ""Spearman rho""}, {""feature"": ""PREV_CREDIT_TO_APPLICATION_MEAN"", ""absolute_association"": 0.5819, ""method"": ""Spearman rho""}]",partial substitute candidate; important interactions may still differ
45,POS_MONTH_COUNT,POS/cash loan history,numeric,POS/cash loan history aggregate: month count.,median imputation + missingness indicator when needed + LightGBM splits,context-dependent,A larger count can mean deeper history or greater credit exposure; composition and recency matter.,higher -> less risk,0.019644205774513375,0.0,0.019644205774513375,3250.2393040657043,0.0,3250.2393040657043,163,0.06035510655364537,0.0,-0.9434191428379387,-0.05262527413351117,-0.059352526335841885,-3.86498617566162,{},0.006300192556471669,0.005247806721828616,Tier 2 - material,POS_ACTIVE_MONTH_COUNT,0.9963741875372633,Spearman rho,"[{""feature"": ""POS_ACTIVE_MONTH_COUNT"", ""absolute_association"": 0.996374, ""method"": ""Spearman rho""}, {""feature"": ""POS_CONTRACT_COUNT"", ""absolute_association"": 0.860339, ""method"": ""Spearman rho""}, {""feature"": ""INST_CONTRACT_COUNT"", ""absolute_association"": 0.836963, ""method"": ""Spearman rho""}, {""feature"": ""INST_PAYMENT_COUNT"", ""absolute_association"": 0.828088, ""method"": ""Spearman rho""}, {""feature"": ""PREV_APPROVED_COUNT"", ""absolute_association"": 0.807603, ""method"": ""Spearman rho""}]",high redundancy candidate; validate with grouped ablation before removing
46,PREV_PAYMENT_COUNT_MEAN,Previous applications,numeric,Previous applications aggregate: payment count mean.,median imputation + missingness indicator when needed + LightGBM splits,context-dependent,The aggregate can be beneficial or adverse depending on the underlying behavior and interactions.,higher -> more risk,0.01954386751508287,0.0,0.01954386751508287,3837.6712641716003,0.0,3837.6712641716003,240,0.05552062783185553,0.0,0.7651325656872069,0.021255724352872263,0.05094644677054623,1.6243531660931996,{},0.006268012565972203,0.006196269004284099,Tier 2 - material,PREV_PAYMENT_COUNT_MAX,0.8641537406146391,Spearman rho,"[{""feature"": ""PREV_PAYMENT_COUNT_MAX"", ""absolute_association"": 0.864154, ""method"": ""Spearman rho""}, {""feature"": ""POS_INSTALLMENT_COUNT_MEAN"", ""absolute_association"": 0.768234, ""method"": ""Spearman rho""}, {""feature"": ""POS_FUTURE_INSTALLMENTS_MEAN"", ""absolute_association"": 0.752344, ""method"": ""Spearman rho""}, {""feature"": ""POS_INSTALLMENT_COUNT_MAX"", ""absolute_association"": 0.747839, ""method"": ""Spearman rho""}, {""feature"": ""PREV_ANNUITY_TO_CREDIT_MEAN"", ""absolute_association"": 0.672793, ""method"": ""Spearman rho""}]",partial substitute candidate; important interactions may still differ
47,DEF_30_CNT_SOCIAL_CIRCLE,Application financial,numeric,How many observation of client's social surroundings defaulted on 30 DPD (days past due) ,median imputation + missingness indicator when needed + LightGBM splits,context-dependent,No defensible monotonic sign follows from the field alone.,higher -> more risk,0.018736459745491346,0.0,0.018736459745491346,1489.9532234668732,0.0,1489.9532234668732,71,0.003338608624016303,0.0,0.5556974100741409,0.027435039613364114,0.010544644912997014,0.26855163067190796,{},0.006009064737874331,0.002405664878748758,Tier 2 - material,DEF_60_CNT_SOCIAL_CIRCLE,0.8485865374273541,Spearman rho,"[{""feature"": ""DEF_60_CNT_SOCIAL_CIRCLE"", ""absolute_association"": 0.848587, ""method"": ""Spearman rho""}]",partial substitute candidate; important interactions may still differ
48,INST_DAYS_SINCE_DUE_MIN,Installment repayments,numeric,Installment repayments aggregate: days since due min.,median imputation + missingness indicator when needed + LightGBM splits,context-dependent,The aggregate can be beneficial or adverse depending on the underlying behavior and interactions.,higher -> more risk,0.01842030865433778,0.0,0.01842030865433778,3527.344452381134,0.0,3527.344452381134,266,0.05263728402020509,0.0,0.6259014200641285,0.005234614936233561,0.0456197517790549,0.516102771933738,{},0.0059076703229476515,0.00569521816570722,Tier 2 - material,POS_LATEST_MONTH,0.7868033641069262,Spearman rho,"[{""feature"": ""POS_LATEST_MONTH"", ""absolute_association"": 0.786803, ""method"": ""Spearman rho""}, {""feature"": ""CC_LATEST_MONTH"", ""absolute_association"": 0.535415, ""method"": ""Spearman rho""}]",partial substitute candidate; important interactions may still differ
49,INST_DUE_SUM,Installment repayments,numeric,Installment repayments aggregate: due sum.,median imputation + missingness indicator when needed + LightGBM splits,context-dependent,A larger count can mean deeper history or greater credit exposure; composition and recency matter.,higher -> less risk,0.018275180172564295,0.0,0.018275180172564295,2782.8356008529663,0.0,2782.8356008529663,161,0.05263728402020509,0.0,-0.9070987622362187,-0.044142888842123404,-0.05350195456048028,-2.846681922196796,{},0.005861125433777959,0.0044931409676919444,Tier 2 - material,INST_PAID_SUM,0.9951434294931292,Spearman rho,"[{""feature"": ""INST_PAID_SUM"", ""absolute_association"": 0.995143, ""method"": ""Spearman rho""}, {""feature"": ""PREV_CREDIT_SUM"", ""absolute_association"": 0.831049, ""method"": ""Spearman rho""}, {""feature"": ""INST_PAYMENT_COUNT"", ""absolute_association"": 0.796013, ""method"": ""Spearman rho""}, {""feature"": ""PREV_CREDIT_MAX"", ""absolute_association"": 0.789798, ""method"": ""Spearman rho""}, {""feature"": ""PREV_APPLICATION_AMOUNT_MAX"", ""absolute_association"": 0.767217, ""method"": ""Spearman rho""}]",high redundancy candidate; validate with grouped ablation before removing
50,BUREAU_LIMIT_SUM,Credit bureau,numeric,Credit bureau aggregate: limit sum.,median imputation + missingness indicator when needed + LightGBM splits,context-dependent,A larger count can mean deeper history or greater credit exposure; composition and recency matter.,higher -> more risk,0.006022676210015237,0.012206096117964676,0.01822877232797991,1171.2538719177246,669.6312983036041,1840.8851702213287,136,0.21031066403624776,0.035723257650998014,0.18428691680097012,0.03171710500443795,0.0008269924848446541,0.5331334591438961,{},0.005846241739299877,0.0029722763977156103,Tier 2 - material,,,,[],low measured redundancy; not a demonstrated substitute
51,AMT_REQ_CREDIT_BUREAU_QRT,Application credit enquiries,numeric,Number of enquiries to Credit Bureau about the client 3 month before application (excluding one month before application),median imputation + missingness indicator when needed + LightGBM splits,context-dependent,No defensible monotonic sign follows from the field alone.,higher -> less risk,0.017284364350126546,0.0,0.017284364350126546,851.1905846595764,0.0,851.1905846595764,66,0.13432479892470786,0.0,-0.6724245616375876,-0.0075986167390030505,-0.011982794471837395,-0.12095043007428197,{},0.005543355881727372,0.0013743245508557346,Tier 2 - material,,,,[],low measured redundancy; not a demonstrated substitute
52,INST_PAID_MEAN,Installment repayments,numeric,Installment repayments aggregate: paid mean.,median imputation + missingness indicator when needed + LightGBM splits,context-dependent,The aggregate can be beneficial or adverse depending on the underlying behavior and interactions.,higher -> less risk,0.017248812447319076,0.0,0.017248812447319076,4057.084011077881,0.0,4057.084011077881,204,0.05268064257376374,0.0,-0.7042806193528192,-0.04436006818181389,-0.04933495197445257,-3.194508009153317,{},0.0055319538512249924,0.006550530823292113,Tier 2 - material,INST_DUE_MEAN,0.9879651654550523,Spearman rho,"[{""feature"": ""INST_DUE_MEAN"", ""absolute_association"": 0.987965, ""method"": ""Spearman rho""}, {""feature"": ""PREV_ANNUITY_MEAN"", ""absolute_association"": 0.770925, ""method"": ""Spearman rho""}, {""feature"": ""PREV_ANNUITY_MAX"", ""absolute_association"": 0.703792, ""method"": ""Spearman rho""}, {""feature"": ""PREV_APPLICATION_AMOUNT_MEAN"", ""absolute_association"": 0.665342, ""method"": ""Spearman rho""}, {""feature"": ""PREV_CREDIT_MEAN"", ""absolute_association"": 0.645965, ""method"": ""Spearman rho""}]",high redundancy candidate; validate with grouped ablation before removing
53,INST_VERSION_MEAN,Installment repayments,numeric,Installment repayments aggregate: version mean.,median imputation + missingness indicator when needed + LightGBM splits,context-dependent,The aggregate can be beneficial or adverse depending on the underlying behavior and interactions.,higher -> less risk,0.016531972396105606,0.0,0.016531972396105606,3069.288191795349,0.0,3069.288191795349,229,0.05263728402020509,0.0,-0.6617693953719224,-0.024657816676342266,-0.0424612396897739,-1.2493323138363586,{},0.005302052454005091,0.004955644707140377,Tier 2 - material,CC_BALANCE_SUM,0.6750655890208033,Spearman rho,"[{""feature"": ""CC_BALANCE_SUM"", ""absolute_association"": 0.675066, ""method"": ""Spearman rho""}, {""feature"": ""CC_PAYMENT_TOTAL_SUM"", ""absolute_association"": 0.671908, ""method"": ""Spearman rho""}, {""feature"": ""CC_UTILIZATION_MAX"", ""absolute_association"": 0.664088, ""method"": ""Spearman rho""}, {""feature"": ""CC_UTILIZATION_MEAN"", ""absolute_association"": 0.603704, ""method"": ""Spearman rho""}, {""feature"": ""CC_DRAWING_COUNT_SUM"", ""absolute_association"": 0.586846, ""method"": ""Spearman rho""}]","related signal, but too weak to treat as a substitute"
54,CC_DRAWING_COUNT_SUM,Credit card history,numeric,Credit card history aggregate: drawing count sum.,median imputation + missingness indicator when needed + LightGBM splits,context-dependent,A larger count can mean deeper history or greater credit exposure; composition and recency matter.,higher -> more risk,0.015842119148998038,0.0,0.015842119148998038,1435.9257864952087,0.0,1435.9257864952087,121,0.7222884644568257,0.0,0.9258849458475082,0.09140174610472697,0.12205416522705156,6.631361646042455,{},0.005080806131177231,0.002318432672016038,Tier 2 - material,CC_DRAWINGS_SUM,0.8848137560355058,Spearman rho,"[{""feature"": ""CC_DRAWINGS_SUM"", ""absolute_association"": 0.884814, ""method"": ""Spearman rho""}, {""feature"": ""CC_DRAWINGS_MEAN"", ""absolute_association"": 0.845827, ""method"": ""Spearman rho""}, {""feature"": ""CC_BALANCE_MEAN"", ""absolute_association"": 0.831477, ""method"": ""Spearman rho""}, {""feature"": ""CC_RECEIVABLE_MEAN"", ""absolute_association"": 0.828622, ""method"": ""Spearman rho""}, {""feature"": ""CC_BALANCE_MAX"", ""absolute_association"": 0.813546, ""method"": ""Spearman rho""}]",partial substitute candidate; important interactions may still differ
55,CC_UTILIZATION_MEAN,Credit card history,numeric,Credit card history aggregate: utilization mean.,median imputation + missingness indicator when needed + LightGBM splits,higher -> more risk,"More arrears, burden, utilization, refusals, or missingness should raise risk.",higher -> more risk,0.0156863020428144,0.0,0.0156863020428144,4747.736252069473,0.0,4747.736252069473,138,0.7248899776703449,0.0,0.8949403095996031,0.11958401470452225,0.10670221853778973,8.924122066258844,{},0.0050308332392305,0.007665651629377968,Tier 2 - material,CC_BALANCE_MEAN,0.9115431791000868,Spearman rho,"[{""feature"": ""CC_BALANCE_MEAN"", ""absolute_association"": 0.911543, ""method"": ""Spearman rho""}, {""feature"": ""CC_RECEIVABLE_MEAN"", ""absolute_association"": 0.909383, ""method"": ""Spearman rho""}, {""feature"": ""CC_UTILIZATION_MAX"", ""absolute_association"": 0.859022, ""method"": ""Spearman rho""}, {""feature"": ""CC_BALANCE_SUM"", ""absolute_association"": 0.846063, ""method"": ""Spearman rho""}, {""feature"": ""CC_BALANCE_MAX"", ""absolute_association"": 0.801295, ""method"": ""Spearman rho""}]",high redundancy candidate; validate with grouped ablation before removing
56,ANNUITY_TO_INCOME,Application derived,numeric,Proposed annual annuity divided by reported annual income.,median imputation + missingness indicator when needed + LightGBM splits,higher -> more risk,"More arrears, burden, utilization, refusals, or missingness should raise risk.",higher -> more risk,0.01560257427357758,0.0,0.01560257427357758,4075.4388012886047,0.0,4075.4388012886047,279,2.167927677932664e-05,0.0,0.8274949501806849,0.01611940844942236,0.04353389980596266,1.091884035192081,{},0.0050039804830248925,0.006580166300078423,Tier 2 - material,CREDIT_TO_INCOME,0.7884402269834322,Spearman rho,"[{""feature"": ""CREDIT_TO_INCOME"", ""absolute_association"": 0.78844, ""method"": ""Spearman rho""}, {""feature"": ""AMT_ANNUITY"", ""absolute_association"": 0.557214, ""method"": ""Spearman rho""}]",partial substitute candidate; important interactions may still differ
57,INST_DAYS_SINCE_DUE_MAX,Installment repayments,numeric,Installment repayments aggregate: days since due max.,median imputation + missingness indicator when needed + LightGBM splits,context-dependent,The aggregate can be beneficial or adverse depending on the underlying behavior and interactions.,higher -> less risk,0.015252679475899589,0.0,0.015252679475899589,3439.135384082794,0.0,3439.135384082794,185,0.05263728402020509,0.0,-0.8861989455231175,-0.05716676574441246,-0.04492192676218373,-4.154012152082,{},0.004891763953368139,0.0055527966089427,Tier 2 - material,POS_OLDEST_MONTH,0.9471106603147141,Spearman rho,"[{""feature"": ""POS_OLDEST_MONTH"", ""absolute_association"": 0.947111, ""method"": ""Spearman rho""}, {""feature"": ""PREV_DAYS_SINCE_DECISION_MAX"", ""absolute_association"": 0.910227, ""method"": ""Spearman rho""}, {""feature"": ""PREV_DAYS_SINCE_DECISION_MEAN"", ""absolute_association"": 0.753709, ""method"": ""Spearman rho""}, {""feature"": ""CC_MONTH_COUNT"", ""absolute_association"": 0.645283, ""method"": ""Spearman rho""}, {""feature"": ""CC_OLDEST_MONTH"", ""absolute_association"": 0.645213, ""method"": ""Spearman rho""}]",high redundancy candidate; validate with grouped ablation before removing
58,INST_LATE_DAYS_MAX,Installment repayments,numeric,Installment repayments aggregate: late days max.,median imputation + missingness indicator when needed + LightGBM splits,higher -> more risk,"More arrears, burden, utilization, refusals, or missingness should raise risk.",higher -> more risk,0.01463577553191408,0.0,0.01463577553191408,1765.6979990005493,0.0,1765.6979990005493,113,0.05263728402020509,0.0,0.775058057017067,0.05276676078472881,0.037828882447424474,3.270765730109308,{},0.0046939135703815155,0.002850879877147379,Tier 2 - material,INST_LATE_DAYS_SUM,0.9864589164839359,Spearman rho,"[{""feature"": ""INST_LATE_DAYS_SUM"", ""absolute_association"": 0.986459, ""method"": ""Spearman rho""}, {""feature"": ""INST_LATE_DAYS_MEAN"", ""absolute_association"": 0.973398, ""method"": ""Spearman rho""}, {""feature"": ""INST_LATE_PAYMENT_COUNT"", ""absolute_association"": 0.923089, ""method"": ""Spearman rho""}, {""feature"": ""INST_LATE_PAYMENT_RATE"", ""absolute_association"": 0.896744, ""method"": ""Spearman rho""}, {""feature"": ""INST_SHORT_PAYMENT_COUNT"", ""absolute_association"": 0.827577, ""method"": ""Spearman rho""}]",high redundancy candidate; validate with grouped ablation before removing
59,BUREAU_DAYS_SINCE_CREDIT_MEAN,Credit bureau,numeric,Credit bureau aggregate: days since credit mean.,median imputation + missingness indicator when needed + LightGBM splits,context-dependent,The aggregate can be beneficial or adverse depending on the underlying behavior and interactions.,higher -> less risk,0.014449392779459034,0.0,0.014449392779459034,3850.4179105758667,0.0,3850.4179105758667,287,0.1424762069937347,0.0,-0.654601909786053,-0.09844303686538769,-0.02649768929199884,-6.932122952113043,{},0.004634137815476959,0.006216849623254956,Tier 3 - supporting,BUREAU_DAYS_SINCE_CREDIT_MAX,0.8278952816785144,Spearman rho,"[{""feature"": ""BUREAU_DAYS_SINCE_CREDIT_MAX"", ""absolute_association"": 0.827895, ""method"": ""Spearman rho""}, {""feature"": ""BB_MONTHS_OBSERVED"", ""absolute_association"": 0.602881, ""method"": ""Spearman rho""}, {""feature"": ""BB_CLOSED_MONTHS"", ""absolute_association"": 0.554635, ""method"": ""Spearman rho""}, {""feature"": ""BUREAU_DAYS_SINCE_CREDIT_MIN"", ""absolute_association"": 0.506528, ""method"": ""Spearman rho""}]",partial substitute candidate; important interactions may still differ
60,PREV_DAYS_SINCE_DECISION_MIN,Previous applications,numeric,Previous applications aggregate: days since decision min.,median imputation + missingness indicator when needed + LightGBM splits,context-dependent,The aggregate can be beneficial or adverse depending on the underlying behavior and interactions.,higher -> less risk,0.014113266956836184,0.0,0.014113266956836184,3094.91432929039,0.0,3094.91432929039,246,0.054328267608992564,0.0,-0.7045739348562078,-0.014332812575920473,-0.03189903963939325,-0.9930958610829849,{},0.004526337203427076,0.004997020434900717,Tier 3 - supporting,PREV_RECENT_12M_COUNT,0.8150146286806255,Spearman rho,"[{""feature"": ""PREV_RECENT_12M_COUNT"", ""absolute_association"": 0.815015, ""method"": ""Spearman rho""}, {""feature"": ""PREV_RECENT_24M_COUNT"", ""absolute_association"": 0.728135, ""method"": ""Spearman rho""}, {""feature"": ""PREV_CANCELED_COUNT"", ""absolute_association"": 0.593305, ""method"": ""Spearman rho""}, {""feature"": ""PREV_DAYS_SINCE_DECISION_MEAN"", ""absolute_association"": 0.546062, ""method"": ""Spearman rho""}, {""feature"": ""POS_LATEST_MONTH"", ""absolute_association"": 0.531543, ""method"": ""Spearman rho""}]",partial substitute candidate; important interactions may still differ
61,BUREAU_ACTIVE_COUNT,Credit bureau,numeric,Credit bureau aggregate: active count.,median imputation + missingness indicator when needed + LightGBM splits,context-dependent,A larger count can mean deeper history or greater credit exposure; composition and recency matter.,higher -> more risk,0.012880239074789322,0.0010615858796554265,0.01394182495444475,2384.026590824127,44.060001373291016,2428.086592197418,142,0.1424762069937347,0.004205990188645424,0.5460836594592273,0.05247746708305746,0.029333449075746552,2.853702551663695,{},0.0044713531720169345,0.003920366455410374,Tier 3 - supporting,BUREAU_RECENT_24M_COUNT,0.6913786378542935,Spearman rho,"[{""feature"": ""BUREAU_RECENT_24M_COUNT"", ""absolute_association"": 0.691379, ""method"": ""Spearman rho""}, {""feature"": ""BUREAU_CREDIT_COUNT"", ""absolute_association"": 0.688452, ""method"": ""Spearman rho""}, {""feature"": ""BUREAU_UNIQUE_CREDIT_COUNT"", ""absolute_association"": 0.688452, ""method"": ""Spearman rho""}, {""feature"": ""BUREAU_DEBT_SUM"", ""absolute_association"": 0.658612, ""method"": ""Spearman rho""}, {""feature"": ""BUREAU_DEBT_MAX"", ""absolute_association"": 0.607604, ""method"": ""Spearman rho""}]","related signal, but too weak to treat as a substitute"
62,EXT_SOURCE_COUNT,External scores,numeric,Number of non-missing external credit-score signals.,median imputation + missingness indicator when needed + LightGBM splits,higher -> less risk,"Stronger score, resources, tenure, down payment, or repayment completeness should reduce risk.",higher -> less risk,0.013838181083188003,0.0,0.013838181083188003,1037.3718729019165,0.0,1037.3718729019165,30,0.0,,-0.7937681718137463,-0.023601795552685028,-0.030262491913027087,-1.083641578958769,{},0.004438113022035262,0.0016749311599428519,Tier 3 - supporting,,,,[],low measured redundancy; not a demonstrated substitute
63,BB_CLOSED_MONTHS,Bureau monthly status,numeric,Bureau monthly status aggregate: closed months.,median imputation + missingness indicator when needed + LightGBM splits,context-dependent,No defensible monotonic sign follows from the field alone.,higher -> more risk,0.004354981941181391,0.009397612930665645,0.013752594871847035,572.4200193881989,350.5854682922363,923.0054876804352,77,0.6979209573568625,0.02211829709922975,0.5941681741295691,-0.05488366150649378,0.016451686903113816,-3.946228551022679,{},0.004410664235466016,0.0014902762379604064,Tier 3 - supporting,BB_MONTHS_OBSERVED,0.8317324837726342,Spearman rho,"[{""feature"": ""BB_MONTHS_OBSERVED"", ""absolute_association"": 0.831732, ""method"": ""Spearman rho""}, {""feature"": ""BUREAU_CLOSED_COUNT"", ""absolute_association"": 0.712388, ""method"": ""Spearman rho""}, {""feature"": ""BUREAU_DAYS_SINCE_CREDIT_MAX"", ""absolute_association"": 0.60656, ""method"": ""Spearman rho""}, {""feature"": ""BUREAU_CREDIT_COUNT"", ""absolute_association"": 0.604638, ""method"": ""Spearman rho""}, {""feature"": ""BUREAU_UNIQUE_CREDIT_COUNT"", ""absolute_association"": 0.604638, ""method"": ""Spearman rho""}]",partial substitute candidate; important interactions may still differ
64,BUREAU_CREDIT_SUM,Credit bureau,numeric,Credit bureau aggregate: credit sum.,median imputation + missingness indicator when needed + LightGBM splits,context-dependent,A larger count can mean deeper history or greater credit exposure; composition and recency matter.,mixed / weak marginal direction,0.01294908395917263,0.0,0.01294908395917263,3084.524975538254,0.0,3084.524975538254,226,0.14249788627051402,0.0,-0.019776216229723843,-0.021623466236502017,-0.01341221307977228,-1.6685205784204669,{},0.004152966188052824,0.0049802458791356335,Tier 3 - supporting,BUREAU_CREDIT_MAX,0.9321369493197718,Spearman rho,"[{""feature"": ""BUREAU_CREDIT_MAX"", ""absolute_association"": 0.932137, ""method"": ""Spearman rho""}, {""feature"": ""BUREAU_CREDIT_MEAN"", ""absolute_association"": 0.808762, ""method"": ""Spearman rho""}, {""feature"": ""BUREAU_CREDIT_COUNT"", ""absolute_association"": 0.67587, ""method"": ""Spearman rho""}, {""feature"": ""BUREAU_UNIQUE_CREDIT_COUNT"", ""absolute_association"": 0.67587, ""method"": ""Spearman rho""}, {""feature"": ""BUREAU_DEBT_SUM"", ""absolute_association"": 0.674263, ""method"": ""Spearman rho""}]",high redundancy candidate; validate with grouped ablation before removing
65,BUREAU_ACTIVE_RATE,Credit bureau,numeric,Credit bureau aggregate: active rate.,median imputation + missingness indicator when needed + LightGBM splits,context-dependent,The aggregate can be beneficial or adverse depending on the underlying behavior and interactions.,higher -> more risk,0.01211642565586998,0.0007347531703959915,0.012851178826265972,2195.9009833335876,23.206300735473633,2219.1072840690613,149,0.1424762069937347,0.0027603618543012376,0.690340727467049,0.07276883567149493,0.022614387559873803,5.084414176631815,{},0.004121566537862885,0.0035829503714478023,Tier 3 - supporting,BUREAU_DEBT_TO_CREDIT,0.6234854338617397,Spearman rho,"[{""feature"": ""BUREAU_DEBT_TO_CREDIT"", ""absolute_association"": 0.623485, ""method"": ""Spearman rho""}, {""feature"": ""BUREAU_DEBT_MEAN"", ""absolute_association"": 0.552649, ""method"": ""Spearman rho""}, {""feature"": ""BUREAU_ACTIVE_COUNT"", ""absolute_association"": 0.542656, ""method"": ""Spearman rho""}, {""feature"": ""BUREAU_CLOSED_COUNT"", ""absolute_association"": 0.515252, ""method"": ""Spearman rho""}]","related signal, but too weak to treat as a substitute"
66,BUREAU_DEBT_MAX,Credit bureau,numeric,Credit bureau aggregate: debt max.,median imputation + missingness indicator when needed + LightGBM splits,context-dependent,The aggregate can be beneficial or adverse depending on the underlying behavior and interactions.,higher -> more risk,0.010628236551199136,0.0018575657656280894,0.012485802316827225,2501.340936899185,230.3339023590088,2731.674839258194,203,0.1664968456652286,0.006179178169340722,0.448245214225913,0.03959458971842104,0.007450386050946944,2.950634365991256,{},0.004004384790150684,0.0044105372688642685,Tier 3 - supporting,BUREAU_DEBT_SUM,0.9882681907192696,Spearman rho,"[{""feature"": ""BUREAU_DEBT_SUM"", ""absolute_association"": 0.988268, ""method"": ""Spearman rho""}, {""feature"": ""BUREAU_DEBT_MEAN"", ""absolute_association"": 0.94886, ""method"": ""Spearman rho""}, {""feature"": ""BUREAU_DEBT_TO_CREDIT"", ""absolute_association"": 0.803058, ""method"": ""Spearman rho""}, {""feature"": ""BUREAU_CREDIT_SUM"", ""absolute_association"": 0.662167, ""method"": ""Spearman rho""}, {""feature"": ""BUREAU_CREDIT_MAX"", ""absolute_association"": 0.661604, ""method"": ""Spearman rho""}]",high redundancy candidate; validate with grouped ablation before removing
67,PREV_APPROVAL_RATE,Previous applications,numeric,Previous applications aggregate: approval rate.,median imputation + missingness indicator when needed + LightGBM splits,higher -> less risk,"Stronger score, resources, tenure, down payment, or repayment completeness should reduce risk.",higher -> less risk,0.012366407427259859,0.0,0.012366407427259859,3338.5150117874146,0.0,3338.5150117874146,163,0.054328267608992564,0.0,-0.8112581750493606,-0.057776234445747726,-0.03168144755264118,-3.985578242858155,{},0.0039660930514483226,0.005390335873998023,Tier 3 - supporting,PREV_CANCELED_COUNT,0.7105088426841146,Spearman rho,"[{""feature"": ""PREV_CANCELED_COUNT"", ""absolute_association"": 0.710509, ""method"": ""Spearman rho""}, {""feature"": ""PREV_REFUSED_COUNT"", ""absolute_association"": 0.691574, ""method"": ""Spearman rho""}, {""feature"": ""PREV_REFUSAL_RATE"", ""absolute_association"": 0.689952, ""method"": ""Spearman rho""}, {""feature"": ""PREV_RECENT_24M_COUNT"", ""absolute_association"": 0.656023, ""method"": ""Spearman rho""}, {""feature"": ""PREV_APPLICATION_COUNT"", ""absolute_association"": 0.631027, ""method"": ""Spearman rho""}]","related signal, but too weak to treat as a substitute"
68,DEF_60_CNT_SOCIAL_CIRCLE,Application financial,numeric,How many observation of client's social surroundings defaulted on 60 (days past due) DPD,median imputation + missingness indicator when needed + LightGBM splits,context-dependent,No defensible monotonic sign follows from the field alone.,higher -> more risk,0.012149207948107265,0.0,0.012149207948107265,1120.3755419254303,0.0,1120.3755419254303,64,0.003338608624016303,0.0,0.48675192543060697,0.026086628557388282,0.0066558424068795296,0.21770900142004806,{},0.0038964339083129933,0.0018089481265376377,Tier 3 - supporting,DEF_30_CNT_SOCIAL_CIRCLE,0.8485865374273541,Spearman rho,"[{""feature"": ""DEF_30_CNT_SOCIAL_CIRCLE"", ""absolute_association"": 0.848587, ""method"": ""Spearman rho""}]",partial substitute candidate; important interactions may still differ
69,BUREAU_CREDIT_MAX,Credit bureau,numeric,Credit bureau aggregate: credit max.,median imputation + missingness indicator when needed + LightGBM splits,context-dependent,The aggregate can be beneficial or adverse depending on the underlying behavior and interactions.,mixed / weak marginal direction,0.011957594896731778,0.0,0.011957594896731778,3284.574219226837,0.0,3284.574219226837,233,0.14249788627051402,0.0,0.14200735049193017,-0.016390063088784056,-0.016323178045696194,-1.2122632582031265,{},0.0038349807177968922,0.005303243562540811,Tier 3 - supporting,BUREAU_CREDIT_SUM,0.9321369493197718,Spearman rho,"[{""feature"": ""BUREAU_CREDIT_SUM"", ""absolute_association"": 0.932137, ""method"": ""Spearman rho""}, {""feature"": ""BUREAU_CREDIT_MEAN"", ""absolute_association"": 0.917261, ""method"": ""Spearman rho""}, {""feature"": ""BUREAU_DEBT_MAX"", ""absolute_association"": 0.661604, ""method"": ""Spearman rho""}, {""feature"": ""BUREAU_DEBT_SUM"", ""absolute_association"": 0.651004, ""method"": ""Spearman rho""}, {""feature"": ""BUREAU_DEBT_MEAN"", ""absolute_association"": 0.583529, ""method"": ""Spearman rho""}]",high redundancy candidate; validate with grouped ablation before removing
70,PHONE_CHANGE_YEARS,Application derived,numeric,Years since the applicant last changed phone details.,median imputation + missingness indicator when needed + LightGBM splits,context-dependent,No defensible monotonic sign follows from the field alone.,higher -> less risk,0.01166836030899405,0.0,0.01166836030899405,3342.879677295685,0.0,3342.879677295685,296,0.0,,-0.6251972255055649,-0.05792164791742255,-0.03327195465323325,-4.0591222706254655,{},0.0037422188307724966,0.005397383023099993,Tier 3 - supporting,,,,[],low measured redundancy; not a demonstrated substitute
71,NAME_CONTRACT_TYPE,Application categorical,categorical,Identification if loan is cash or revolving,most-frequent imputation + ordinal encoding + LightGBM splits,category-dependent,Risk varies by category; no numeric ordering is assumed.,category-dependent,0.010874210957112204,0.0,0.010874210957112204,603.4489421844482,0.0,603.4489421844482,31,0.0,,,,,,"{""eligible_categories"": 2, ""highest_risk_category"": ""Cash loans"", ""highest_risk_event_rate"": 0.08392963982290295, ""highest_risk_mean_shap"": 0.004267866683272555, ""lowest_risk_category"": ""Revolving loans"", ""lowest_risk_event_rate"": 0.049976969138645785, ""lowest_risk_mean_shap"": -0.07445000448138481}",0.003487523176853816,0.0009743231555641473,Tier 3 - supporting,,,,[],low measured redundancy; not a demonstrated substitute
72,INST_PAYMENT_COUNT,Installment repayments,numeric,Installment repayments aggregate: payment count.,median imputation + missingness indicator when needed + LightGBM splits,context-dependent,A larger count can mean deeper history or greater credit exposure; composition and recency matter.,higher -> less risk,0.010237117879903833,0.0,0.010237117879903833,2071.1244506835938,0.0,2071.1244506835938,156,0.05263728402020509,0.0,-0.8499016703435768,-0.02994347392874908,-0.028721823403875985,-2.119030965273526,{},0.003283197834873568,0.003344018639010725,Tier 3 - supporting,INST_UNIQUE_NUMBER_COUNT,0.8739367378841477,Spearman rho,"[{""feature"": ""INST_UNIQUE_NUMBER_COUNT"", ""absolute_association"": 0.873937, ""method"": ""Spearman rho""}, {""feature"": ""POS_ACTIVE_MONTH_COUNT"", ""absolute_association"": 0.830628, ""method"": ""Spearman rho""}, {""feature"": ""POS_MONTH_COUNT"", ""absolute_association"": 0.828088, ""method"": ""Spearman rho""}, {""feature"": ""INST_CONTRACT_COUNT"", ""absolute_association"": 0.806535, ""method"": ""Spearman rho""}, {""feature"": ""INST_DUE_SUM"", ""absolute_association"": 0.796013, ""method"": ""Spearman rho""}]",partial substitute candidate; important interactions may still differ
73,POS_DPD_DEF_MAX,POS/cash loan history,numeric,POS/cash loan history aggregate: dpd def max.,median imputation + missingness indicator when needed + LightGBM splits,higher -> more risk,"More arrears, burden, utilization, refusals, or missingness should raise risk.",higher -> more risk,0.010204026106594755,0.0,0.010204026106594755,1402.7528893947601,0.0,1402.7528893947601,73,0.06035510655364537,0.0,0.47898746744475507,0.044719725367828846,0.005701593145882095,0.4730972679581738,{},0.0032725848049412107,0.0022648720150611787,Tier 3 - supporting,POS_DPD_DEF_MEAN,0.9986796889851947,Spearman rho,"[{""feature"": ""POS_DPD_DEF_MEAN"", ""absolute_association"": 0.99868, ""method"": ""Spearman rho""}, {""feature"": ""POS_DPD_DEF_MONTH_COUNT"", ""absolute_association"": 0.994795, ""method"": ""Spearman rho""}, {""feature"": ""POS_DPD_DEF_MONTH_RATE"", ""absolute_association"": 0.994409, ""method"": ""Spearman rho""}, {""feature"": ""POS_DPD_MONTH_COUNT"", ""absolute_association"": 0.810855, ""method"": ""Spearman rho""}, {""feature"": ""POS_DPD_MONTH_RATE"", ""absolute_association"": 0.808606, ""method"": ""Spearman rho""}]",high redundancy candidate; validate with grouped ablation before removing
74,BUREAU_CREDIT_MEAN,Credit bureau,numeric,Credit bureau aggregate: credit mean.,median imputation + missingness indicator when needed + LightGBM splits,context-dependent,The aggregate can be beneficial or adverse depending on the underlying behavior and interactions.,higher -> more risk,0.009962457270060988,0.0,0.009962457270060988,2938.5073392391205,0.0,2938.5073392391205,235,0.14249788627051402,0.0,0.15880082491995845,-0.019740975659684273,-0.011873450281695853,-1.435938922034584,{},0.003195110041986929,0.004744487135981678,Tier 3 - supporting,BUREAU_CREDIT_MAX,0.9172606591139053,Spearman rho,"[{""feature"": ""BUREAU_CREDIT_MAX"", ""absolute_association"": 0.917261, ""method"": ""Spearman rho""}, {""feature"": ""BUREAU_CREDIT_SUM"", ""absolute_association"": 0.808762, ""method"": ""Spearman rho""}, {""feature"": ""BUREAU_DEBT_MEAN"", ""absolute_association"": 0.600141, ""method"": ""Spearman rho""}, {""feature"": ""BUREAU_DEBT_MAX"", ""absolute_association"": 0.597731, ""method"": ""Spearman rho""}, {""feature"": ""BUREAU_DEBT_SUM"", ""absolute_association"": 0.580761, ""method"": ""Spearman rho""}]",high redundancy candidate; validate with grouped ablation before removing
75,PREV_ANNUITY_TO_CREDIT_MEAN,Previous applications,numeric,Previous applications aggregate: annuity to credit mean.,median imputation + missingness indicator when needed + LightGBM splits,context-dependent,The aggregate can be beneficial or adverse depending on the underlying behavior and interactions.,higher -> less risk,0.009921893173895559,0.0,0.009921893173895559,2692.902030944824,0.0,2692.902030944824,228,0.05552062783185553,0.0,-0.7868160507555397,-0.03810145622269233,-0.02784352891747749,-3.277634961439589,{},0.003182100525610705,0.004347935046364358,Tier 3 - supporting,POS_INSTALLMENT_COUNT_MEAN,0.7254710412839975,Spearman rho,"[{""feature"": ""POS_INSTALLMENT_COUNT_MEAN"", ""absolute_association"": 0.725471, ""method"": ""Spearman rho""}, {""feature"": ""POS_FUTURE_INSTALLMENTS_MEAN"", ""absolute_association"": 0.702325, ""method"": ""Spearman rho""}, {""feature"": ""PREV_PAYMENT_COUNT_MEAN"", ""absolute_association"": 0.672793, ""method"": ""Spearman rho""}, {""feature"": ""PREV_PAYMENT_COUNT_MAX"", ""absolute_association"": 0.613561, ""method"": ""Spearman rho""}, {""feature"": ""POS_INSTALLMENT_COUNT_MAX"", ""absolute_association"": 0.611908, ""method"": ""Spearman rho""}]","related signal, but too weak to treat as a substitute"
76,POS_OLDEST_MONTH,POS/cash loan history,numeric,POS/cash loan history aggregate: oldest month.,median imputation + missingness indicator when needed + LightGBM splits,context-dependent,No defensible monotonic sign follows from the field alone.,higher -> more risk,0.009804519850989617,0.0,0.009804519850989617,1792.9256291389465,0.0,1792.9256291389465,108,0.06035510655364537,0.0,0.8399351054755577,0.05315637549022027,0.026022092072522887,3.7919154462242197,{},0.003144457133773517,0.002894841360316022,Tier 3 - supporting,INST_DAYS_SINCE_DUE_MAX,0.9471106603147141,Spearman rho,"[{""feature"": ""INST_DAYS_SINCE_DUE_MAX"", ""absolute_association"": 0.947111, ""method"": ""Spearman rho""}, {""feature"": ""PREV_DAYS_SINCE_DECISION_MAX"", ""absolute_association"": 0.912482, ""method"": ""Spearman rho""}, {""feature"": ""PREV_DAYS_SINCE_DECISION_MEAN"", ""absolute_association"": 0.757326, ""method"": ""Spearman rho""}, {""feature"": ""POS_CONTRACT_COUNT"", ""absolute_association"": 0.578994, ""method"": ""Spearman rho""}, {""feature"": ""POS_MONTH_COUNT"", ""absolute_association"": 0.572522, ""method"": ""Spearman rho""}]",high redundancy candidate; validate with grouped ablation before removing
77,YEARS_BEGINEXPLUATATION_MODE,Application property,numeric,"Normalized information about building where the client lives, What is average (_AVG suffix), modus (_MODE suffix), median (_MEDI suffix) apartment size, common area, living area, age of building, number of elevators, number of entrances, state of the building, number of floor",median imputation + missingness indicator when needed + LightGBM splits,context-dependent,No defensible monotonic sign follows from the field alone.,higher -> less risk,0.009631519521768106,0.0,0.009631519521768106,831.089373588562,0.0,831.089373588562,66,0.4897999002753268,0.0,-0.5984677035821471,-0.025570779402371315,-0.043258389309601956,-1.5300427707867574,{},0.003088973323486689,0.001341869318884534,Tier 3 - supporting,YEARS_BEGINEXPLUATATION_MEDI,0.9871804082725838,Spearman rho,"[{""feature"": ""YEARS_BEGINEXPLUATATION_MEDI"", ""absolute_association"": 0.98718, ""method"": ""Spearman rho""}, {""feature"": ""YEARS_BEGINEXPLUATATION_AVG"", ""absolute_association"": 0.986179, ""method"": ""Spearman rho""}, {""feature"": ""YEARS_BUILD_MODE"", ""absolute_association"": 0.979587, ""method"": ""Spearman rho""}, {""feature"": ""YEARS_BUILD_MEDI"", ""absolute_association"": 0.969938, ""method"": ""Spearman rho""}, {""feature"": ""YEARS_BUILD_AVG"", ""absolute_association"": 0.9693, ""method"": ""Spearman rho""}]",high redundancy candidate; validate with grouped ablation before removing
78,POS_DPD_DEF_MEAN,POS/cash loan history,numeric,POS/cash loan history aggregate: dpd def mean.,median imputation + missingness indicator when needed + LightGBM splits,higher -> more risk,"More arrears, burden, utilization, refusals, or missingness should raise risk.",higher -> more risk,0.009392002954334594,0.0,0.009392002954334594,2477.309302330017,0.0,2477.309302330017,92,0.06035510655364537,0.0,0.5478658644781871,0.04640204161399226,0.005671468888405745,0.4730972679581738,{},0.003012156754131971,0.003999840994031993,Tier 3 - supporting,POS_DPD_DEF_MAX,0.9986796889851947,Spearman rho,"[{""feature"": ""POS_DPD_DEF_MAX"", ""absolute_association"": 0.99868, ""method"": ""Spearman rho""}, {""feature"": ""POS_DPD_DEF_MONTH_RATE"", ""absolute_association"": 0.997868, ""method"": ""Spearman rho""}, {""feature"": ""POS_DPD_DEF_MONTH_COUNT"", ""absolute_association"": 0.996245, ""method"": ""Spearman rho""}, {""feature"": ""POS_DPD_MONTH_RATE"", ""absolute_association"": 0.812139, ""method"": ""Spearman rho""}, {""feature"": ""POS_DPD_MONTH_COUNT"", ""absolute_association"": 0.812079, ""method"": ""Spearman rho""}]",high redundancy candidate; validate with grouped ablation before removing
79,CREDIT_TO_INCOME,Application derived,numeric,Requested credit divided by reported annual income.,median imputation + missingness indicator when needed + LightGBM splits,higher -> more risk,"More arrears, burden, utilization, refusals, or missingness should raise risk.",higher -> more risk,0.009185875325893154,0.0,0.009185875325893154,2948.4128675460815,0.0,2948.4128675460815,233,0.0,,0.799142799414616,-0.008928031817571206,0.02462204407378516,-0.4400508747149992,{},0.002946048520218295,0.004760480511597901,Tier 3 - supporting,ANNUITY_TO_INCOME,0.7884402269834322,Spearman rho,"[{""feature"": ""ANNUITY_TO_INCOME"", ""absolute_association"": 0.78844, ""method"": ""Spearman rho""}, {""feature"": ""AMT_CREDIT"", ""absolute_association"": 0.752966, ""method"": ""Spearman rho""}, {""feature"": ""AMT_GOODS_PRICE"", ""absolute_association"": 0.735133, ""method"": ""Spearman rho""}, {""feature"": ""CREDIT_TO_ANNUITY"", ""absolute_association"": 0.640636, ""method"": ""Spearman rho""}, {""feature"": ""AMT_ANNUITY"", ""absolute_association"": 0.526249, ""method"": ""Spearman rho""}]",partial substitute candidate; important interactions may still differ
80,PREV_DAYS_SINCE_DECISION_MEAN,Previous applications,numeric,Previous applications aggregate: days since decision mean.,median imputation + missingness indicator when needed + LightGBM splits,context-dependent,The aggregate can be beneficial or adverse depending on the underlying behavior and interactions.,mixed / weak marginal direction,0.009121717967510266,0.0,0.009121717967510266,2954.5746784210205,0.0,2954.5746784210205,218,0.054328267608992564,0.0,-0.0017726155444175054,-0.05177949161470498,-0.00495513579423412,-3.733492005130487,{},0.002925472289427067,0.004770429315209898,Tier 3 - supporting,PREV_DAYS_SINCE_DECISION_MAX,0.8221349052570461,Spearman rho,"[{""feature"": ""PREV_DAYS_SINCE_DECISION_MAX"", ""absolute_association"": 0.822135, ""method"": ""Spearman rho""}, {""feature"": ""POS_OLDEST_MONTH"", ""absolute_association"": 0.757326, ""method"": ""Spearman rho""}, {""feature"": ""INST_DAYS_SINCE_DUE_MAX"", ""absolute_association"": 0.753709, ""method"": ""Spearman rho""}, {""feature"": ""CC_ACTIVE_MONTH_COUNT"", ""absolute_association"": 0.617574, ""method"": ""Spearman rho""}, {""feature"": ""CC_OLDEST_MONTH"", ""absolute_association"": 0.616465, ""method"": ""Spearman rho""}]",partial substitute candidate; important interactions may still differ
81,BUREAU_CLOSED_COUNT,Credit bureau,numeric,Credit bureau aggregate: closed count.,median imputation + missingness indicator when needed + LightGBM splits,context-dependent,A larger count can mean deeper history or greater credit exposure; composition and recency matter.,higher -> less risk,0.009009408757276073,0.0,0.009009408757276073,998.1171350479126,0.0,998.1171350479126,67,0.1424762069937347,0.0,-0.7643096661353097,-0.04531376902541253,-0.02642321050635828,-2.705482337245507,{},0.0028894530347693564,0.001611550818404253,Tier 3 - supporting,BUREAU_CREDIT_COUNT,0.885539033415226,Spearman rho,"[{""feature"": ""BUREAU_CREDIT_COUNT"", ""absolute_association"": 0.885539, ""method"": ""Spearman rho""}, {""feature"": ""BUREAU_UNIQUE_CREDIT_COUNT"", ""absolute_association"": 0.885539, ""method"": ""Spearman rho""}, {""feature"": ""BB_MONTHS_OBSERVED"", ""absolute_association"": 0.818021, ""method"": ""Spearman rho""}, {""feature"": ""BB_CLOSED_MONTHS"", ""absolute_association"": 0.712388, ""method"": ""Spearman rho""}, {""feature"": ""BUREAU_DAYS_SINCE_CREDIT_MAX"", ""absolute_association"": 0.61206, ""method"": ""Spearman rho""}]",partial substitute candidate; important interactions may still differ
82,FLAG_OWN_CAR,Application verified flags,categorical,Flag if the client owns a car,most-frequent imputation + ordinal encoding + LightGBM splits,category-dependent,Risk varies by category; no numeric ordering is assumed.,category-dependent,0.008996486068651941,0.0,0.008996486068651941,351.06857347488403,0.0,351.06857347488403,27,0.0,,,,,,"{""eligible_categories"": 2, ""highest_risk_category"": ""N"", ""highest_risk_event_rate"": 0.08491403399191295, ""highest_risk_mean_shap"": 0.006613495019936257, ""lowest_risk_category"": ""Y"", ""lowest_risk_event_rate"": 0.07263814616755793, ""lowest_risk_mean_shap"": -0.013322918903774834}",0.002885308533962661,0.0005668321152229338,Tier 3 - supporting,,,,[],low measured redundancy; not a demonstrated substitute
83,PREV_CREDIT_MAX,Previous applications,numeric,Previous applications aggregate: credit max.,median imputation + missingness indicator when needed + LightGBM splits,context-dependent,The aggregate can be beneficial or adverse depending on the underlying behavior and interactions.,higher -> more risk,0.008918897519118384,0.0,0.008918897519118384,1919.3102703094482,0.0,1919.3102703094482,161,0.054328267608992564,0.0,0.7301029835645694,-0.009809169431260686,0.021189228251034736,-0.6828716918918689,{},0.0028604247179484267,0.003098900848686866,Tier 3 - supporting,PREV_APPLICATION_AMOUNT_MAX,0.969189171768414,Spearman rho,"[{""feature"": ""PREV_APPLICATION_AMOUNT_MAX"", ""absolute_association"": 0.969189, ""method"": ""Spearman rho""}, {""feature"": ""PREV_CREDIT_SUM"", ""absolute_association"": 0.940693, ""method"": ""Spearman rho""}, {""feature"": ""PREV_CREDIT_MEAN"", ""absolute_association"": 0.891559, ""method"": ""Spearman rho""}, {""feature"": ""PREV_ANNUITY_MAX"", ""absolute_association"": 0.890179, ""method"": ""Spearman rho""}, {""feature"": ""PREV_APPLICATION_AMOUNT_MEAN"", ""absolute_association"": 0.828062, ""method"": ""Spearman rho""}]",high redundancy candidate; validate with grouped ablation before removing
84,FLAG_PHONE,Application verified flags,numeric,"Did client provide home phone (1=YES, 0=NO)",median imputation + missingness indicator when needed + LightGBM splits,context-dependent,No defensible monotonic sign follows from the field alone.,higher -> less risk,0.008899283555972583,0.0,0.008899283555972583,254.70393896102905,0.0,254.70393896102905,34,0.0,,-0.6975140258054199,-0.02049957531580162,-0.019755991797303,-1.2400815293828347,{},0.0028541342246583183,0.00041124265566659126,Tier 3 - supporting,,,,[],low measured redundancy; not a demonstrated substitute
85,BUREAU_DAYS_SINCE_CREDIT_MAX,Credit bureau,numeric,Credit bureau aggregate: days since credit max.,median imputation + missingness indicator when needed + LightGBM splits,context-dependent,The aggregate can be beneficial or adverse depending on the underlying behavior and interactions.,higher -> more risk,0.008740171924875742,0.0,0.008740171924875742,2634.888216495514,0.0,2634.888216495514,236,0.1424762069937347,0.0,0.3774049236409889,-0.07856107794179804,0.01114219227156874,-5.613321501719855,{},0.0028031047289693166,0.0042542664709320265,Tier 3 - supporting,BUREAU_DAYS_SINCE_CREDIT_MEAN,0.8278952816785144,Spearman rho,"[{""feature"": ""BUREAU_DAYS_SINCE_CREDIT_MEAN"", ""absolute_association"": 0.827895, ""method"": ""Spearman rho""}, {""feature"": ""BB_MONTHS_OBSERVED"", ""absolute_association"": 0.725262, ""method"": ""Spearman rho""}, {""feature"": ""BUREAU_CLOSED_COUNT"", ""absolute_association"": 0.61206, ""method"": ""Spearman rho""}, {""feature"": ""BB_CLOSED_MONTHS"", ""absolute_association"": 0.60656, ""method"": ""Spearman rho""}, {""feature"": ""BUREAU_CREDIT_COUNT"", ""absolute_association"": 0.542115, ""method"": ""Spearman rho""}]",partial substitute candidate; important interactions may still differ
86,BUREAU_RECENT_24M_COUNT,Credit bureau,numeric,Credit bureau aggregate: recent 24m count.,median imputation + missingness indicator when needed + LightGBM splits,context-dependent,A larger count can mean deeper history or greater credit exposure; composition and recency matter.,higher -> more risk,0.008577215161103163,0.0,0.008577215161103163,1861.0545196533203,0.0,1861.0545196533203,101,0.1424762069937347,0.0,0.5921001319700021,0.06535680500900784,0.02094189061170174,3.6029492503661844,{},0.0027508420413386104,0.00300484164526268,Tier 3 - supporting,BUREAU_RECENT_12M_COUNT,0.7350663329927236,Spearman rho,"[{""feature"": ""BUREAU_RECENT_12M_COUNT"", ""absolute_association"": 0.735066, ""method"": ""Spearman rho""}, {""feature"": ""BUREAU_DAYS_SINCE_CREDIT_MIN"", ""absolute_association"": 0.708895, ""method"": ""Spearman rho""}, {""feature"": ""BUREAU_ACTIVE_COUNT"", ""absolute_association"": 0.691379, ""method"": ""Spearman rho""}, {""feature"": ""BUREAU_CREDIT_COUNT"", ""absolute_association"": 0.62531, ""method"": ""Spearman rho""}, {""feature"": ""BUREAU_UNIQUE_CREDIT_COUNT"", ""absolute_association"": 0.62531, ""method"": ""Spearman rho""}]","related signal, but too weak to treat as a substitute"
87,BB_MONTHS_OBSERVED,Bureau monthly status,numeric,Bureau monthly status aggregate: months observed.,median imputation + missingness indicator when needed + LightGBM splits,context-dependent,No defensible monotonic sign follows from the field alone.,higher -> less risk,0.008576685650437819,0.0,0.008576685650437819,1215.1283876895905,0.0,1215.1283876895905,115,0.6979209573568625,0.0,-0.843807281885424,-0.05699435727773813,-0.056357655824883196,-4.0005063234955065,{},0.0027506722192958835,0.001961935206686336,Tier 3 - supporting,BB_CLOSED_MONTHS,0.8317324837726342,Spearman rho,"[{""feature"": ""BB_CLOSED_MONTHS"", ""absolute_association"": 0.831732, ""method"": ""Spearman rho""}, {""feature"": ""BUREAU_CLOSED_COUNT"", ""absolute_association"": 0.818021, ""method"": ""Spearman rho""}, {""feature"": ""BUREAU_CREDIT_COUNT"", ""absolute_association"": 0.812003, ""method"": ""Spearman rho""}, {""feature"": ""BUREAU_UNIQUE_CREDIT_COUNT"", ""absolute_association"": 0.812003, ""method"": ""Spearman rho""}, {""feature"": ""BUREAU_DAYS_SINCE_CREDIT_MAX"", ""absolute_association"": 0.725262, ""method"": ""Spearman rho""}]",partial substitute candidate; important interactions may still differ
88,AMT_INCOME_TOTAL,Application financial,numeric,Income of the client,median imputation + missingness indicator when needed + LightGBM splits,higher -> less risk,"Stronger score, resources, tenure, down payment, or repayment completeness should reduce risk.",higher -> more risk,0.008570131721644308,0.0,0.008570131721644308,1902.1976552009583,0.0,1902.1976552009583,175,0.0,,0.6566488533601806,-0.014693451876277006,0.018461706398634294,-1.0186096615167783,{},0.002748570275655378,0.0030712709764857435,Tier 3 - supporting,,,,[],low measured redundancy; not a demonstrated substitute
89,CC_BALANCE_MAX,Credit card history,numeric,Credit card history aggregate: balance max.,median imputation + missingness indicator when needed + LightGBM splits,context-dependent,The aggregate can be beneficial or adverse depending on the underlying behavior and interactions.,higher -> more risk,0.008118367636954154,0.0,0.008118367636954154,1238.0664880275726,0.0,1238.0664880275726,84,0.7222884644568257,0.0,0.78285122832784,0.07166628911584111,0.060637040419625955,5.794359301522495,{},0.002603682731902459,0.001998970854181296,Tier 3 - supporting,CC_RECEIVABLE_MAX,0.9984912738756383,Spearman rho,"[{""feature"": ""CC_RECEIVABLE_MAX"", ""absolute_association"": 0.998491, ""method"": ""Spearman rho""}, {""feature"": ""CC_BALANCE_MEAN"", ""absolute_association"": 0.944929, ""method"": ""Spearman rho""}, {""feature"": ""CC_RECEIVABLE_MEAN"", ""absolute_association"": 0.942596, ""method"": ""Spearman rho""}, {""feature"": ""CC_DRAWINGS_SUM"", ""absolute_association"": 0.920607, ""method"": ""Spearman rho""}, {""feature"": ""CC_BALANCE_SUM"", ""absolute_association"": 0.890348, ""method"": ""Spearman rho""}]",high redundancy candidate; validate with grouped ablation before removing
90,PREV_DAYS_SINCE_DECISION_MAX,Previous applications,numeric,Previous applications aggregate: days since decision max.,median imputation + missingness indicator when needed + LightGBM splits,context-dependent,The aggregate can be beneficial or adverse depending on the underlying behavior and interactions.,higher -> less risk,0.00755554876791685,0.0,0.00755554876791685,2420.7947754859924,0.0,2420.7947754859924,184,0.054328267608992564,0.0,-0.4974884321954429,-0.05125686505804726,-0.017245867599781528,-3.576205985466195,{},0.0024231782467605315,0.003908593154686118,Tier 3 - supporting,POS_OLDEST_MONTH,0.9124821414017351,Spearman rho,"[{""feature"": ""POS_OLDEST_MONTH"", ""absolute_association"": 0.912482, ""method"": ""Spearman rho""}, {""feature"": ""INST_DAYS_SINCE_DUE_MAX"", ""absolute_association"": 0.910227, ""method"": ""Spearman rho""}, {""feature"": ""PREV_DAYS_SINCE_DECISION_MEAN"", ""absolute_association"": 0.822135, ""method"": ""Spearman rho""}, {""feature"": ""INST_CONTRACT_COUNT"", ""absolute_association"": 0.57919, ""method"": ""Spearman rho""}, {""feature"": ""POS_MONTH_COUNT"", ""absolute_association"": 0.570738, ""method"": ""Spearman rho""}]",high redundancy candidate; validate with grouped ablation before removing
91,ELEVATORS_AVG,Application property,numeric,"Normalized information about building where the client lives, What is average (_AVG suffix), modus (_MODE suffix), median (_MEDI suffix) apartment size, common area, living area, age of building, number of elevators, number of entrances, state of the building, number of floor",median imputation + missingness indicator when needed + LightGBM splits,context-dependent,No defensible monotonic sign follows from the field alone.,higher -> less risk,0.006662848475332151,0.0004252633998804903,0.007088111875212641,442.37586212158203,57.62288951873779,499.9987516403198,36,0.5358683634313959,0.0007410653142620835,-0.8374280764467059,-0.03184640509534511,-0.02359879829901628,-1.833978025582115,{},0.0022732641975065724,0.0008072934218972032,Tier 3 - supporting,ELEVATORS_MEDI,0.9907645159615391,Spearman rho,"[{""feature"": ""ELEVATORS_MEDI"", ""absolute_association"": 0.990765, ""method"": ""Spearman rho""}, {""feature"": ""ELEVATORS_MODE"", ""absolute_association"": 0.968704, ""method"": ""Spearman rho""}, {""feature"": ""FLOORSMAX_AVG"", ""absolute_association"": 0.847763, ""method"": ""Spearman rho""}, {""feature"": ""FLOORSMAX_MEDI"", ""absolute_association"": 0.840231, ""method"": ""Spearman rho""}, {""feature"": ""FLOORSMAX_MODE"", ""absolute_association"": 0.818672, ""method"": ""Spearman rho""}]",high redundancy candidate; validate with grouped ablation before removing
92,BUREAU_DEBT_SUM,Credit bureau,numeric,Credit bureau aggregate: debt sum.,median imputation + missingness indicator when needed + LightGBM splits,context-dependent,A larger count can mean deeper history or greater credit exposure; composition and recency matter.,higher -> more risk,0.006755667381987874,0.000192913384839305,0.006948580766827179,1721.987864971161,16.982500076293945,1738.9703650474548,121,0.1664968456652286,0.000686308683898773,0.5607066660634773,0.04584147075309071,0.019136365101525672,3.3273270754067914,{},0.0022285144702568786,0.0028077256832570487,Tier 3 - supporting,BUREAU_DEBT_MAX,0.9882681907192696,Spearman rho,"[{""feature"": ""BUREAU_DEBT_MAX"", ""absolute_association"": 0.988268, ""method"": ""Spearman rho""}, {""feature"": ""BUREAU_DEBT_MEAN"", ""absolute_association"": 0.940203, ""method"": ""Spearman rho""}, {""feature"": ""BUREAU_DEBT_TO_CREDIT"", ""absolute_association"": 0.804252, ""method"": ""Spearman rho""}, {""feature"": ""BUREAU_CREDIT_SUM"", ""absolute_association"": 0.674263, ""method"": ""Spearman rho""}, {""feature"": ""BUREAU_ACTIVE_COUNT"", ""absolute_association"": 0.658612, ""method"": ""Spearman rho""}]",high redundancy candidate; validate with grouped ablation before removing
93,POS_RECENT_12M_DPD_COUNT,POS/cash loan history,numeric,POS/cash loan history aggregate: recent 12m dpd count.,median imputation + missingness indicator when needed + LightGBM splits,higher -> more risk,"More arrears, burden, utilization, refusals, or missingness should raise risk.",higher -> more risk,0.006646982092699077,0.0,0.006646982092699077,1343.4098451137543,0.0,1343.4098451137543,62,0.06035510655364537,0.0,0.31136922792624283,0.037706567297489675,0.0035804846707111824,0.19244000419290225,{},0.00213178723457251,0.002169057277271847,Tier 3 - supporting,,,,[],low measured redundancy; not a demonstrated substitute
94,PREV_MIDDLE_YIELD_COUNT,Previous applications,numeric,Previous applications aggregate: middle yield count.,median imputation + missingness indicator when needed + LightGBM splits,context-dependent,A larger count can mean deeper history or greater credit exposure; composition and recency matter.,higher -> more risk,0.0063671341544473065,0.0,0.0063671341544473065,496.0311818122864,0.0,496.0311818122864,64,0.054328267608992564,0.0,0.6815024706256854,-0.023515719059127742,0.015681388536000852,-1.4718626010843034,{},0.002042035787364336,0.0008008874198570354,Tier 3 - supporting,PREV_APPROVED_COUNT,0.5334300864194578,Spearman rho,"[{""feature"": ""PREV_APPROVED_COUNT"", ""absolute_association"": 0.53343, ""method"": ""Spearman rho""}, {""feature"": ""POS_CONTRACT_COUNT"", ""absolute_association"": 0.52248, ""method"": ""Spearman rho""}, {""feature"": ""INST_CONTRACT_COUNT"", ""absolute_association"": 0.516356, ""method"": ""Spearman rho""}, {""feature"": ""PREV_APPLICATION_COUNT"", ""absolute_association"": 0.513615, ""method"": ""Spearman rho""}, {""feature"": ""PREV_UNIQUE_APPLICATION_COUNT"", ""absolute_association"": 0.513615, ""method"": ""Spearman rho""}]","related signal, but too weak to treat as a substitute"
95,CC_LIMIT_MEAN,Credit card history,numeric,Credit card history aggregate: limit mean.,median imputation + missingness indicator when needed + LightGBM splits,context-dependent,The aggregate can be beneficial or adverse depending on the underlying behavior and interactions.,higher -> less risk,0.00626435818656075,0.0,0.00626435818656075,1041.2559652328491,0.0,1041.2559652328491,82,0.7222884644568257,0.0,-0.6582745633563093,-0.013388662042546486,-0.04783174873910952,-1.1097621151084467,{},0.002009073987060699,0.0016812023799779349,Tier 3 - supporting,CC_LIMIT_MAX,0.9178893775074286,Spearman rho,"[{""feature"": ""CC_LIMIT_MAX"", ""absolute_association"": 0.917889, ""method"": ""Spearman rho""}]",high redundancy candidate; validate with grouped ablation before removing
96,POS_CONTRACT_COUNT,POS/cash loan history,numeric,POS/cash loan history aggregate: contract count.,median imputation + missingness indicator when needed + LightGBM splits,context-dependent,A larger count can mean deeper history or greater credit exposure; composition and recency matter.,higher -> less risk,0.005903142836070869,0.0,0.005903142836070869,1234.5820717811584,0.0,1234.5820717811584,38,0.06035510655364537,0.0,-0.8206588425436333,-0.058250764373047076,-0.016379372276262728,-4.03358877022133,{},0.0018932267856741098,0.001993344947505222,Tier 3 - supporting,INST_CONTRACT_COUNT,0.9618063424017831,Spearman rho,"[{""feature"": ""INST_CONTRACT_COUNT"", ""absolute_association"": 0.961806, ""method"": ""Spearman rho""}, {""feature"": ""PREV_APPROVED_COUNT"", ""absolute_association"": 0.931444, ""method"": ""Spearman rho""}, {""feature"": ""POS_COMPLETED_MONTH_COUNT"", ""absolute_association"": 0.863942, ""method"": ""Spearman rho""}, {""feature"": ""POS_MONTH_COUNT"", ""absolute_association"": 0.860339, ""method"": ""Spearman rho""}, {""feature"": ""POS_ACTIVE_MONTH_COUNT"", ""absolute_association"": 0.841083, ""method"": ""Spearman rho""}]",high redundancy candidate; validate with grouped ablation before removing
97,WALLSMATERIAL_MODE,Application property,categorical,"Normalized information about building where the client lives, What is average (_AVG suffix), modus (_MODE suffix), median (_MEDI suffix) apartment size, common area, living area, age of building, number of elevators, number of entrances, state of the building, number of floor",most-frequent imputation + ordinal encoding + LightGBM splits,category-dependent,Risk varies by category; no numeric ordering is assumed.,category-dependent,0.00586753446132772,0.0,0.00586753446132772,235.7025797367096,0.0,235.7025797367096,29,0.510980553688729,,,,,,"{""eligible_categories"": 8, ""highest_risk_category"": ""Wooden"", ""highest_risk_event_rate"": 0.0850253807106599, ""highest_risk_mean_shap"": 0.01350504762027453, ""lowest_risk_category"": ""Monolithic"", ""lowest_risk_event_rate"": 0.04797047970479705, ""lowest_risk_mean_shap"": -0.0068925367593640095}",0.0018818066437717121,0.00038056323445088866,Tier 3 - supporting,EMERGENCYSTATE_MODE,0.6820071949904412,Cramer's V,"[{""feature"": ""EMERGENCYSTATE_MODE"", ""absolute_association"": 0.682007, ""method"": ""Cramer's V""}, {""feature"": ""HOUSETYPE_MODE"", ""absolute_association"": 0.56061, ""method"": ""Cramer's V""}]","related signal, but too weak to treat as a substitute"
98,LANDAREA_AVG,Application property,numeric,"Normalized information about building where the client lives, What is average (_AVG suffix), modus (_MODE suffix), median (_MEDI suffix) apartment size, common area, living area, age of building, number of elevators, number of entrances, state of the building, number of floor",median imputation + missingness indicator when needed + LightGBM splits,context-dependent,No defensible monotonic sign follows from the field alone.,higher -> less risk,0.0055832644675841,0.00027045384678005757,0.005853718314364158,907.0159385204315,62.68685007095337,969.7027885913849,91,0.5957682051726755,-0.00036716904548729945,-0.657732773409419,-0.006052929104357291,-0.01960355734776132,-0.3502079076928122,{},0.0018773755974235882,0.0015656732738971737,Tier 3 - supporting,LANDAREA_MEDI,0.9961775019828459,Spearman rho,"[{""feature"": ""LANDAREA_MEDI"", ""absolute_association"": 0.996178, ""method"": ""Spearman rho""}, {""feature"": ""LANDAREA_MODE"", ""absolute_association"": 0.965389, ""method"": ""Spearman rho""}]",high redundancy candidate; validate with grouped ablation before removing
99,FLAG_EMP_PHONE,Application verified flags,numeric,"Did client provide work phone (1=YES, 0=NO)",median imputation + missingness indicator when needed + LightGBM splits,context-dependent,No defensible monotonic sign follows from the field alone.,higher -> more risk,0.005744282912051756,0.0,0.005744282912051756,609.7872428894043,0.0,609.7872428894043,29,0.0,,0.3717235318692005,0.042277366804921224,0.013269454040299852,2.9923766143076223,{},0.001842278016234656,0.000984556918045215,Tier 3 - supporting,EMPLOYMENT_SENTINEL,0.9998658180032235,Spearman rho,"[{""feature"": ""EMPLOYMENT_SENTINEL"", ""absolute_association"": 0.999866, ""method"": ""Spearman rho""}, {""feature"": ""FLAG_DOCUMENT_6"", ""absolute_association"": 0.599367, ""method"": ""Spearman rho""}]",high redundancy candidate; validate with grouped ablation before removing
100,CC_PAYMENT_TOTAL_SUM,Credit card history,numeric,Credit card history aggregate: payment total sum.,median imputation + missingness indicator when needed + LightGBM splits,context-dependent,A larger count can mean deeper history or greater credit exposure; composition and recency matter.,higher -> less risk,0.005503660671794122,0.0,0.005503660671794122,974.2513127326965,0.0,974.2513127326965,73,0.7222884644568257,0.0,-0.8139235221458171,0.0165237273131513,-0.040389816685517846,2.029980068858567,{},0.0017651068409581519,0.0015730172794703376,Tier 3 - supporting,CC_DRAWINGS_SUM,0.9161163614925478,Spearman rho,"[{""feature"": ""CC_DRAWINGS_SUM"", ""absolute_association"": 0.916116, ""method"": ""Spearman rho""}, {""feature"": ""CC_BALANCE_SUM"", ""absolute_association"": 0.894484, ""method"": ""Spearman rho""}, {""feature"": ""CC_RECEIVABLE_MAX"", ""absolute_association"": 0.831003, ""method"": ""Spearman rho""}, {""feature"": ""CC_BALANCE_MAX"", ""absolute_association"": 0.830968, ""method"": ""Spearman rho""}, {""feature"": ""CC_DRAWING_COUNT_SUM"", ""absolute_association"": 0.813361, ""method"": ""Spearman rho""}]",high redundancy candidate; validate with grouped ablation before removing
101,EMPLOYMENT_SENTINEL,Application derived,numeric,Whether the source employment-days value used its unknown sentinel.,median imputation + missingness indicator when needed + LightGBM splits,context-dependent,No defensible monotonic sign follows from the field alone.,higher -> less risk,0.005408292751104847,0.0,0.005408292751104847,1122.0365419387817,0.0,1122.0365419387817,27,0.0,,-0.5974907928818507,-0.042262648661639084,-0.017390926566179257,-2.9914745940218883,{},0.001734520912926779,0.0018116299620025277,Tier 3 - supporting,FLAG_EMP_PHONE,0.9998658180032235,Spearman rho,"[{""feature"": ""FLAG_EMP_PHONE"", ""absolute_association"": 0.999866, ""method"": ""Spearman rho""}, {""feature"": ""FLAG_DOCUMENT_6"", ""absolute_association"": 0.599451, ""method"": ""Spearman rho""}]",high redundancy candidate; validate with grouped ablation before removing
102,PREV_APPLICATION_AMOUNT_MAX,Previous applications,numeric,Previous applications aggregate: application amount max.,median imputation + missingness indicator when needed + LightGBM splits,context-dependent,The aggregate can be beneficial or adverse depending on the underlying behavior and interactions.,higher -> more risk,0.005176974609876892,0.0,0.005176974609876892,1578.474979877472,0.0,1578.474979877472,117,0.054328267608992564,0.0,0.4227829110157658,-0.016364430387599244,0.005269982953179323,-1.4366001121819196,{},0.001660333702292282,0.002548591298886044,Tier 3 - supporting,PREV_CREDIT_MAX,0.969189171768414,Spearman rho,"[{""feature"": ""PREV_CREDIT_MAX"", ""absolute_association"": 0.969189, ""method"": ""Spearman rho""}, {""feature"": ""PREV_CREDIT_SUM"", ""absolute_association"": 0.916278, ""method"": ""Spearman rho""}, {""feature"": ""PREV_ANNUITY_MAX"", ""absolute_association"": 0.887066, ""method"": ""Spearman rho""}, {""feature"": ""PREV_APPLICATION_AMOUNT_MEAN"", ""absolute_association"": 0.877518, ""method"": ""Spearman rho""}, {""feature"": ""PREV_CREDIT_MEAN"", ""absolute_association"": 0.872997, ""method"": ""Spearman rho""}]",high redundancy candidate; validate with grouped ablation before removing
103,APARTMENTS_MODE,Application property,numeric,"Normalized information about building where the client lives, What is average (_AVG suffix), modus (_MODE suffix), median (_MEDI suffix) apartment size, common area, living area, age of building, number of elevators, number of entrances, state of the building, number of floor",median imputation + missingness indicator when needed + LightGBM splits,context-dependent,No defensible monotonic sign follows from the field alone.,higher -> less risk,0.0047884935286215576,0.0,0.0047884935286215576,1005.5758810043335,0.0,1005.5758810043335,88,0.510785440197715,0.0,-0.16234607734642115,-0.02314274194962126,0.001269347942049772,-1.408489836347783,{},0.001535741970534394,0.0016235936415642447,Tier 3 - supporting,APARTMENTS_MEDI,0.9700137949334358,Spearman rho,"[{""feature"": ""APARTMENTS_MEDI"", ""absolute_association"": 0.970014, ""method"": ""Spearman rho""}, {""feature"": ""APARTMENTS_AVG"", ""absolute_association"": 0.963154, ""method"": ""Spearman rho""}, {""feature"": ""LIVINGAPARTMENTS_MODE"", ""absolute_association"": 0.960956, ""method"": ""Spearman rho""}, {""feature"": ""LIVINGAPARTMENTS_MEDI"", ""absolute_association"": 0.93572, ""method"": ""Spearman rho""}, {""feature"": ""LIVINGAPARTMENTS_AVG"", ""absolute_association"": 0.931145, ""method"": ""Spearman rho""}]",high redundancy candidate; validate with grouped ablation before removing
104,PREV_CREDIT_SUM,Previous applications,numeric,Previous applications aggregate: credit sum.,median imputation + missingness indicator when needed + LightGBM splits,context-dependent,A larger count can mean deeper history or greater credit exposure; composition and recency matter.,higher -> more risk,0.004735416506841357,0.0,0.004735416506841357,2180.766022205353,0.0,2180.766022205353,149,0.054328267608992564,0.0,0.24137331146192947,-0.008864360866367412,-0.00021285192668531313,-0.678525582248303,{},0.0015187193705179986,0.003521044919907643,Tier 3 - supporting,PREV_CREDIT_MAX,0.9406930138225216,Spearman rho,"[{""feature"": ""PREV_CREDIT_MAX"", ""absolute_association"": 0.940693, ""method"": ""Spearman rho""}, {""feature"": ""PREV_APPLICATION_AMOUNT_MAX"", ""absolute_association"": 0.916278, ""method"": ""Spearman rho""}, {""feature"": ""PREV_ANNUITY_MAX"", ""absolute_association"": 0.857606, ""method"": ""Spearman rho""}, {""feature"": ""INST_PAID_SUM"", ""absolute_association"": 0.83382, ""method"": ""Spearman rho""}, {""feature"": ""INST_DUE_SUM"", ""absolute_association"": 0.831049, ""method"": ""Spearman rho""}]",high redundancy candidate; validate with grouped ablation before removing
105,INST_SHORT_PAYMENT_RATE,Installment repayments,numeric,Installment repayments aggregate: short payment rate.,median imputation + missingness indicator when needed + LightGBM splits,higher -> more risk,"More arrears, burden, utilization, refusals, or missingness should raise risk.",higher -> more risk,0.004436548159017213,0.0,0.004436548159017213,2091.024730205536,0.0,2091.024730205536,136,0.05263728402020509,0.0,0.5352179158420771,0.056680340857837096,0.009661828934282496,3.62945537757437,{},0.0014228677915872998,0.0033761494487362987,Tier 3 - supporting,INST_SHORTFALL_MEAN,0.9786687986657326,Spearman rho,"[{""feature"": ""INST_SHORTFALL_MEAN"", ""absolute_association"": 0.978669, ""method"": ""Spearman rho""}, {""feature"": ""INST_SHORT_PAYMENT_COUNT"", ""absolute_association"": 0.965988, ""method"": ""Spearman rho""}, {""feature"": ""INST_SHORTFALL_SUM"", ""absolute_association"": 0.950421, ""method"": ""Spearman rho""}, {""feature"": ""INST_SHORTFALL_MAX"", ""absolute_association"": 0.914173, ""method"": ""Spearman rho""}, {""feature"": ""INST_LATE_DAYS_MEAN"", ""absolute_association"": 0.842805, ""method"": ""Spearman rho""}]",high redundancy candidate; validate with grouped ablation before removing
106,PREV_DOWN_PAYMENT_RATE_MEAN,Previous applications,numeric,Previous applications aggregate: down payment rate mean.,median imputation + missingness indicator when needed + LightGBM splits,higher -> less risk,"Stronger score, resources, tenure, down payment, or repayment completeness should reduce risk.",mixed / weak marginal direction,0.004104763511766969,9.303959644238227e-05,0.004197803108209351,1474.2451004981995,10.881400108337402,1485.1265006065369,141,0.11034751880677261,0.00044477333564218964,-0.07355654591681789,-0.03101902782945272,-0.005555070768125024,-2.190930365963918,{},0.0013462986592304381,0.002397871696062427,Tier 3 - supporting,PREV_DOWN_PAYMENT_MEAN,0.8859511375801234,Spearman rho,"[{""feature"": ""PREV_DOWN_PAYMENT_MEAN"", ""absolute_association"": 0.885951, ""method"": ""Spearman rho""}, {""feature"": ""PREV_CREDIT_TO_APPLICATION_MEAN"", ""absolute_association"": 0.643603, ""method"": ""Spearman rho""}]",partial substitute candidate; important interactions may still differ
107,PREV_APPLICATION_AMOUNT_MEAN,Previous applications,numeric,Previous applications aggregate: application amount mean.,median imputation + missingness indicator when needed + LightGBM splits,context-dependent,The aggregate can be beneficial or adverse depending on the underlying behavior and interactions.,higher -> less risk,0.004036419576183316,0.0,0.004036419576183316,1741.6043901443481,0.0,1741.6043901443481,151,0.054328267608992564,0.0,-0.4372396109446127,-0.028153023496013122,-0.007943794157933599,-2.0812274073862715,{},0.0012945405307075394,0.002811978556142947,Tier 3 - supporting,PREV_CREDIT_MEAN,0.9493341480019866,Spearman rho,"[{""feature"": ""PREV_CREDIT_MEAN"", ""absolute_association"": 0.949334, ""method"": ""Spearman rho""}, {""feature"": ""PREV_APPLICATION_AMOUNT_MAX"", ""absolute_association"": 0.877518, ""method"": ""Spearman rho""}, {""feature"": ""PREV_ANNUITY_MEAN"", ""absolute_association"": 0.829882, ""method"": ""Spearman rho""}, {""feature"": ""PREV_CREDIT_MAX"", ""absolute_association"": 0.828062, ""method"": ""Spearman rho""}, {""feature"": ""PREV_ANNUITY_MAX"", ""absolute_association"": 0.794181, ""method"": ""Spearman rho""}]",high redundancy candidate; validate with grouped ablation before removing
108,CC_OLDEST_MONTH,Credit card history,numeric,Credit card history aggregate: oldest month.,median imputation + missingness indicator when needed + LightGBM splits,context-dependent,No defensible monotonic sign follows from the field alone.,higher -> more risk,0.004019862305716543,0.0,0.004019862305716543,883.8708865642548,0.0,883.8708865642548,55,0.7222884644568257,0.0,0.7500215931348735,0.05412514266682567,0.027387214516827206,3.935927651818219,{},0.0012892303647813817,0.0014270898681024466,Tier 3 - supporting,CC_MONTH_COUNT,0.9979299038565534,Spearman rho,"[{""feature"": ""CC_MONTH_COUNT"", ""absolute_association"": 0.99793, ""method"": ""Spearman rho""}, {""feature"": ""CC_ACTIVE_MONTH_COUNT"", ""absolute_association"": 0.987193, ""method"": ""Spearman rho""}, {""feature"": ""INST_UNIQUE_NUMBER_COUNT"", ""absolute_association"": 0.751291, ""method"": ""Spearman rho""}, {""feature"": ""INST_PAYMENT_COUNT"", ""absolute_association"": 0.710036, ""method"": ""Spearman rho""}, {""feature"": ""INST_DAYS_SINCE_DUE_MAX"", ""absolute_association"": 0.645213, ""method"": ""Spearman rho""}]",high redundancy candidate; validate with grouped ablation before removing
109,INST_LATE_DAYS_SUM,Installment repayments,numeric,Installment repayments aggregate: late days sum.,median imputation + missingness indicator when needed + LightGBM splits,higher -> more risk,"More arrears, burden, utilization, refusals, or missingness should raise risk.",higher -> more risk,0.004019812661011338,0.0,0.004019812661011338,1270.180103778839,0.0,1270.180103778839,101,0.05263728402020509,0.0,0.7171510469969172,0.050378952997941394,0.00997263734013736,2.9881470859068187,{},0.0012892144429769682,0.0020508212051357348,Tier 3 - supporting,INST_LATE_DAYS_MAX,0.9864589164839359,Spearman rho,"[{""feature"": ""INST_LATE_DAYS_MAX"", ""absolute_association"": 0.986459, ""method"": ""Spearman rho""}, {""feature"": ""INST_LATE_DAYS_MEAN"", ""absolute_association"": 0.976579, ""method"": ""Spearman rho""}, {""feature"": ""INST_LATE_PAYMENT_COUNT"", ""absolute_association"": 0.964274, ""method"": ""Spearman rho""}, {""feature"": ""INST_LATE_PAYMENT_RATE"", ""absolute_association"": 0.92428, ""method"": ""Spearman rho""}, {""feature"": ""INST_SHORT_PAYMENT_COUNT"", ""absolute_association"": 0.861404, ""method"": ""Spearman rho""}]",high redundancy candidate; validate with grouped ablation before removing
110,POS_INSTALLMENT_COUNT_MEAN,POS/cash loan history,numeric,POS/cash loan history aggregate: installment count mean.,median imputation + missingness indicator when needed + LightGBM splits,context-dependent,The aggregate can be beneficial or adverse depending on the underlying behavior and interactions.,higher -> more risk,0.003985276198426873,0.0,0.003985276198426873,1932.0371675491333,0.0,1932.0371675491333,165,0.060463502937542005,0.0,0.4808457760854055,0.01696867448727557,0.004555873333107368,1.1859692634184267,{},0.0012781380794426476,0.003119449580836802,Tier 3 - supporting,POS_FUTURE_INSTALLMENTS_MEAN,0.9441372645324281,Spearman rho,"[{""feature"": ""POS_FUTURE_INSTALLMENTS_MEAN"", ""absolute_association"": 0.944137, ""method"": ""Spearman rho""}, {""feature"": ""POS_INSTALLMENT_COUNT_MAX"", ""absolute_association"": 0.905401, ""method"": ""Spearman rho""}, {""feature"": ""PREV_PAYMENT_COUNT_MEAN"", ""absolute_association"": 0.768234, ""method"": ""Spearman rho""}, {""feature"": ""PREV_PAYMENT_COUNT_MAX"", ""absolute_association"": 0.749055, ""method"": ""Spearman rho""}, {""feature"": ""PREV_ANNUITY_TO_CREDIT_MEAN"", ""absolute_association"": 0.725471, ""method"": ""Spearman rho""}]",high redundancy candidate; validate with grouped ablation before removing
111,PREV_CREDIT_MEAN,Previous applications,numeric,Previous applications aggregate: credit mean.,median imputation + missingness indicator when needed + LightGBM splits,context-dependent,The aggregate can be beneficial or adverse depending on the underlying behavior and interactions.,higher -> more risk,0.003973688610148152,0.0,0.003973688610148152,1317.2561202049255,0.0,1317.2561202049255,116,0.054328267608992564,0.0,0.5185810076639847,-0.02001058106829283,0.008146449281796295,-1.3295433706216762,{},0.0012744217654180932,0.002126829711687453,Tier 3 - supporting,PREV_APPLICATION_AMOUNT_MEAN,0.9493341480019866,Spearman rho,"[{""feature"": ""PREV_APPLICATION_AMOUNT_MEAN"", ""absolute_association"": 0.949334, ""method"": ""Spearman rho""}, {""feature"": ""PREV_CREDIT_MAX"", ""absolute_association"": 0.891559, ""method"": ""Spearman rho""}, {""feature"": ""PREV_APPLICATION_AMOUNT_MAX"", ""absolute_association"": 0.872997, ""method"": ""Spearman rho""}, {""feature"": ""PREV_ANNUITY_MEAN"", ""absolute_association"": 0.837165, ""method"": ""Spearman rho""}, {""feature"": ""PREV_ANNUITY_MAX"", ""absolute_association"": 0.820852, ""method"": ""Spearman rho""}]",high redundancy candidate; validate with grouped ablation before removing
112,BB_DELINQUENT_MONTH_RATE,Bureau monthly status,numeric,Bureau monthly status aggregate: delinquent month rate.,median imputation + missingness indicator when needed + LightGBM splits,higher -> more risk,"More arrears, burden, utilization, refusals, or missingness should raise risk.",higher -> more risk,0.003966607854673673,0.0,0.003966607854673673,943.8101172447205,0.0,943.8101172447205,81,0.6979209573568625,0.0,0.7412940632786753,0.06537840854903514,0.02886237192427253,4.251393994697024,{},0.0012721508605290602,0.0015238672030121303,Tier 3 - supporting,BB_DELINQUENT_MONTHS,0.9801602124890298,Spearman rho,"[{""feature"": ""BB_DELINQUENT_MONTHS"", ""absolute_association"": 0.98016, ""method"": ""Spearman rho""}, {""feature"": ""BB_MAX_DELINQUENCY_LEVEL"", ""absolute_association"": 0.970919, ""method"": ""Spearman rho""}, {""feature"": ""BB_RECENT_12M_DELINQUENT_MONTHS"", ""absolute_association"": 0.69118, ""method"": ""Spearman rho""}]",high redundancy candidate; validate with grouped ablation before removing
113,PREV_ANNUITY_MAX,Previous applications,numeric,Previous applications aggregate: annuity max.,median imputation + missingness indicator when needed + LightGBM splits,context-dependent,The aggregate can be beneficial or adverse depending on the underlying behavior and interactions.,higher -> less risk,0.0039033144840578985,0.0,0.0039033144840578985,1714.2558608055115,0.0,1714.2558608055115,130,0.05552062783185553,0.0,-0.16365487020091815,-0.027782538543404813,-0.005492641411215712,-1.9188395152405446,{},0.0012518517236230083,0.0027678218702284836,Tier 3 - supporting,PREV_ANNUITY_MEAN,0.9037182273979999,Spearman rho,"[{""feature"": ""PREV_ANNUITY_MEAN"", ""absolute_association"": 0.903718, ""method"": ""Spearman rho""}, {""feature"": ""PREV_CREDIT_MAX"", ""absolute_association"": 0.890179, ""method"": ""Spearman rho""}, {""feature"": ""PREV_APPLICATION_AMOUNT_MAX"", ""absolute_association"": 0.887066, ""method"": ""Spearman rho""}, {""feature"": ""PREV_CREDIT_SUM"", ""absolute_association"": 0.857606, ""method"": ""Spearman rho""}, {""feature"": ""PREV_CREDIT_MEAN"", ""absolute_association"": 0.820852, ""method"": ""Spearman rho""}]",high redundancy candidate; validate with grouped ablation before removing
114,INST_SHORTFALL_MEAN,Installment repayments,numeric,Installment repayments aggregate: shortfall mean.,median imputation + missingness indicator when needed + LightGBM splits,higher -> more risk,"More arrears, burden, utilization, refusals, or missingness should raise risk.",higher -> more risk,0.0038977829743942365,0.0,0.0038977829743942365,1311.97208070755,0.0,1311.97208070755,102,0.05263728402020509,0.0,0.5224424641212015,0.051899719894621596,0.009807727477238041,3.373162471395881,{},0.0012500776851910617,0.002118298149731985,Tier 3 - supporting,INST_SHORTFALL_SUM,0.9802961239293079,Spearman rho,"[{""feature"": ""INST_SHORTFALL_SUM"", ""absolute_association"": 0.980296, ""method"": ""Spearman rho""}, {""feature"": ""INST_SHORT_PAYMENT_RATE"", ""absolute_association"": 0.978669, ""method"": ""Spearman rho""}, {""feature"": ""INST_SHORTFALL_MAX"", ""absolute_association"": 0.965748, ""method"": ""Spearman rho""}, {""feature"": ""INST_SHORT_PAYMENT_COUNT"", ""absolute_association"": 0.958903, ""method"": ""Spearman rho""}, {""feature"": ""INST_LATE_DAYS_SUM"", ""absolute_association"": 0.819828, ""method"": ""Spearman rho""}]",high redundancy candidate; validate with grouped ablation before removing
115,COMMONAREA_AVG,Application property,numeric,"Normalized information about building where the client lives, What is average (_AVG suffix), modus (_MODE suffix), median (_MEDI suffix) apartment size, common area, living area, age of building, number of elevators, number of entrances, state of the building, number of floor",median imputation + missingness indicator when needed + LightGBM splits,context-dependent,No defensible monotonic sign follows from the field alone.,higher -> less risk,0.0033311551795423863,0.00030518141614584187,0.0036363365956882283,387.0345969200134,74.19517946243286,461.2297763824463,46,0.7005007912936024,0.0006886293301139485,-0.1791056412467401,-0.012953367648684962,-0.014955640249848696,-0.6262081487239002,{},0.0011662278951844272,0.0007446973882137206,Tier 3 - supporting,COMMONAREA_MEDI,0.9965110270700236,Spearman rho,"[{""feature"": ""COMMONAREA_MEDI"", ""absolute_association"": 0.996511, ""method"": ""Spearman rho""}, {""feature"": ""COMMONAREA_MODE"", ""absolute_association"": 0.968584, ""method"": ""Spearman rho""}, {""feature"": ""TOTALAREA_MODE"", ""absolute_association"": 0.616198, ""method"": ""Spearman rho""}, {""feature"": ""LIVINGAREA_AVG"", ""absolute_association"": 0.584528, ""method"": ""Spearman rho""}, {""feature"": ""LIVINGAPARTMENTS_AVG"", ""absolute_association"": 0.582443, ""method"": ""Spearman rho""}]",high redundancy candidate; validate with grouped ablation before removing
116,BUREAU_RECENT_12M_COUNT,Credit bureau,numeric,Credit bureau aggregate: recent 12m count.,median imputation + missingness indicator when needed + LightGBM splits,context-dependent,A larger count can mean deeper history or greater credit exposure; composition and recency matter.,higher -> more risk,0.003603410153886733,0.0,0.003603410153886733,1026.469081401825,0.0,1026.469081401825,70,0.1424762069937347,0.0,0.5943390374698652,0.07516924657606674,0.009539435981101123,4.8304531820786645,{},0.0011556678895557945,0.0016573276122750522,Tier 3 - supporting,BUREAU_DAYS_SINCE_CREDIT_MIN,0.846083976433508,Spearman rho,"[{""feature"": ""BUREAU_DAYS_SINCE_CREDIT_MIN"", ""absolute_association"": 0.846084, ""method"": ""Spearman rho""}, {""feature"": ""BUREAU_RECENT_24M_COUNT"", ""absolute_association"": 0.735066, ""method"": ""Spearman rho""}, {""feature"": ""BUREAU_ACTIVE_COUNT"", ""absolute_association"": 0.549302, ""method"": ""Spearman rho""}]",partial substitute candidate; important interactions may still differ
117,PREV_RECENT_12M_COUNT,Previous applications,numeric,Previous applications aggregate: recent 12m count.,median imputation + missingness indicator when needed + LightGBM splits,context-dependent,A larger count can mean deeper history or greater credit exposure; composition and recency matter.,higher -> more risk,0.0034942118998655424,0.0,0.0034942118998655424,694.0046143531799,0.0,694.0046143531799,57,0.054328267608992564,0.0,0.7262258035030917,0.02807759309039435,0.006980753086870535,1.5671564746557856,{},0.0011206463653943754,0.0011205335175249822,Tier 3 - supporting,PREV_DAYS_SINCE_DECISION_MIN,0.8150146286806255,Spearman rho,"[{""feature"": ""PREV_DAYS_SINCE_DECISION_MIN"", ""absolute_association"": 0.815015, ""method"": ""Spearman rho""}, {""feature"": ""PREV_RECENT_24M_COUNT"", ""absolute_association"": 0.805459, ""method"": ""Spearman rho""}, {""feature"": ""PREV_CANCELED_COUNT"", ""absolute_association"": 0.737348, ""method"": ""Spearman rho""}, {""feature"": ""PREV_APPLICATION_COUNT"", ""absolute_association"": 0.599844, ""method"": ""Spearman rho""}, {""feature"": ""PREV_UNIQUE_APPLICATION_COUNT"", ""absolute_association"": 0.599844, ""method"": ""Spearman rho""}]",partial substitute candidate; important interactions may still differ
118,APARTMENTS_AVG,Application property,numeric,"Normalized information about building where the client lives, What is average (_AVG suffix), modus (_MODE suffix), median (_MEDI suffix) apartment size, common area, living area, age of building, number of elevators, number of entrances, state of the building, number of floor",median imputation + missingness indicator when needed + LightGBM splits,context-dependent,No defensible monotonic sign follows from the field alone.,higher -> less risk,0.0033017043172484475,0.00011605131625880505,0.0034177556335072525,883.5393962860107,33.54410982131958,917.0835061073303,74,0.510785440197715,-7.505772386367157e-05,-0.7530809067315649,-0.022360298802291997,-0.01704065613075048,-1.3635219941209746,{},0.001096125689642187,0.0014807146605507028,Tier 3 - supporting,APARTMENTS_MEDI,0.9940273050269934,Spearman rho,"[{""feature"": ""APARTMENTS_MEDI"", ""absolute_association"": 0.994027, ""method"": ""Spearman rho""}, {""feature"": ""LIVINGAPARTMENTS_AVG"", ""absolute_association"": 0.976029, ""method"": ""Spearman rho""}, {""feature"": ""LIVINGAPARTMENTS_MEDI"", ""absolute_association"": 0.971579, ""method"": ""Spearman rho""}, {""feature"": ""APARTMENTS_MODE"", ""absolute_association"": 0.963154, ""method"": ""Spearman rho""}, {""feature"": ""LIVINGAPARTMENTS_MODE"", ""absolute_association"": 0.94414, ""method"": ""Spearman rho""}]",high redundancy candidate; validate with grouped ablation before removing
119,INST_SHORT_PAYMENT_COUNT,Installment repayments,numeric,Installment repayments aggregate: short payment count.,median imputation + missingness indicator when needed + LightGBM splits,higher -> more risk,"More arrears, burden, utilization, refusals, or missingness should raise risk.",higher -> more risk,0.0034156366732439746,0.0,0.0034156366732439746,434.30322885513306,0.0,434.30322885513306,48,0.05263728402020509,0.0,0.20789162544888892,0.04301257041717373,-0.0049820850962839,2.514730158730158,{},0.0010954461071825345,0.0007012220302815479,Tier 4 - residual,INST_SHORTFALL_SUM,0.9798420821054029,Spearman rho,"[{""feature"": ""INST_SHORTFALL_SUM"", ""absolute_association"": 0.979842, ""method"": ""Spearman rho""}, {""feature"": ""INST_SHORT_PAYMENT_RATE"", ""absolute_association"": 0.965988, ""method"": ""Spearman rho""}, {""feature"": ""INST_SHORTFALL_MEAN"", ""absolute_association"": 0.958903, ""method"": ""Spearman rho""}, {""feature"": ""INST_SHORTFALL_MAX"", ""absolute_association"": 0.93212, ""method"": ""Spearman rho""}, {""feature"": ""INST_LATE_PAYMENT_COUNT"", ""absolute_association"": 0.863611, ""method"": ""Spearman rho""}]",high redundancy candidate; validate with grouped ablation before removing
120,CC_RECEIVABLE_MAX,Credit card history,numeric,Credit card history aggregate: receivable max.,median imputation + missingness indicator when needed + LightGBM splits,context-dependent,The aggregate can be beneficial or adverse depending on the underlying behavior and interactions.,higher -> more risk,0.0033282808694217857,0.0,0.0033282808694217857,972.6634154319763,0.0,972.6634154319763,63,0.7222884644568257,0.0,0.5315837188448154,0.07053091792284893,0.034011318083532784,5.775987117212682,{},0.0010674297856614477,0.0015704534749781977,Tier 4 - residual,CC_BALANCE_MAX,0.9984912738756383,Spearman rho,"[{""feature"": ""CC_BALANCE_MAX"", ""absolute_association"": 0.998491, ""method"": ""Spearman rho""}, {""feature"": ""CC_RECEIVABLE_MEAN"", ""absolute_association"": 0.943718, ""method"": ""Spearman rho""}, {""feature"": ""CC_BALANCE_MEAN"", ""absolute_association"": 0.94285, ""method"": ""Spearman rho""}, {""feature"": ""CC_DRAWINGS_SUM"", ""absolute_association"": 0.919236, ""method"": ""Spearman rho""}, {""feature"": ""CC_BALANCE_SUM"", ""absolute_association"": 0.89131, ""method"": ""Spearman rho""}]",high redundancy candidate; validate with grouped ablation before removing
121,BASEMENTAREA_AVG,Application property,numeric,"Normalized information about building where the client lives, What is average (_AVG suffix), modus (_MODE suffix), median (_MEDI suffix) apartment size, common area, living area, age of building, number of elevators, number of entrances, state of the building, number of floor",median imputation + missingness indicator when needed + LightGBM splits,context-dependent,No defensible monotonic sign follows from the field alone.,mixed / weak marginal direction,0.003095933667340162,0.000181901549108583,0.003277835216448745,469.24631094932556,15.892399787902832,485.1387107372284,49,0.5875951178268694,0.00035832386736408514,0.1054846265507063,-0.017829237077117026,0.010542738766434469,-1.2675906962232837,{},0.001051251105239588,0.0007833005354533209,Tier 4 - residual,BASEMENTAREA_MEDI,0.9952187976057677,Spearman rho,"[{""feature"": ""BASEMENTAREA_MEDI"", ""absolute_association"": 0.995219, ""method"": ""Spearman rho""}, {""feature"": ""BASEMENTAREA_MODE"", ""absolute_association"": 0.96064, ""method"": ""Spearman rho""}, {""feature"": ""LIVINGAREA_AVG"", ""absolute_association"": 0.711319, ""method"": ""Spearman rho""}, {""feature"": ""LIVINGAREA_MEDI"", ""absolute_association"": 0.708041, ""method"": ""Spearman rho""}, {""feature"": ""TOTALAREA_MODE"", ""absolute_association"": 0.706119, ""method"": ""Spearman rho""}]",high redundancy candidate; validate with grouped ablation before removing
122,INST_SHORTFALL_MAX,Installment repayments,numeric,Installment repayments aggregate: shortfall max.,median imputation + missingness indicator when needed + LightGBM splits,higher -> more risk,"More arrears, burden, utilization, refusals, or missingness should raise risk.",higher -> more risk,0.0032457764763658306,0.0,0.0032457764763658306,1116.1043274402618,0.0,1116.1043274402618,97,0.05263728402020509,0.0,0.6037328427175472,0.04052835051268474,0.009396140156182196,2.320530892448512,{},0.0010409693846162842,0.0018020518626048249,Tier 4 - residual,INST_SHORTFALL_SUM,0.9778987954116095,Spearman rho,"[{""feature"": ""INST_SHORTFALL_SUM"", ""absolute_association"": 0.977899, ""method"": ""Spearman rho""}, {""feature"": ""INST_SHORTFALL_MEAN"", ""absolute_association"": 0.965748, ""method"": ""Spearman rho""}, {""feature"": ""INST_SHORT_PAYMENT_COUNT"", ""absolute_association"": 0.93212, ""method"": ""Spearman rho""}, {""feature"": ""INST_SHORT_PAYMENT_RATE"", ""absolute_association"": 0.914173, ""method"": ""Spearman rho""}, {""feature"": ""INST_LATE_PAYMENT_COUNT"", ""absolute_association"": 0.802029, ""method"": ""Spearman rho""}]",high redundancy candidate; validate with grouped ablation before removing
123,LIVINGAREA_MODE,Application property,numeric,"Normalized information about building where the client lives, What is average (_AVG suffix), modus (_MODE suffix), median (_MEDI suffix) apartment size, common area, living area, age of building, number of elevators, number of entrances, state of the building, number of floor",median imputation + missingness indicator when needed + LightGBM splits,context-dependent,No defensible monotonic sign follows from the field alone.,mixed / weak marginal direction,0.003089383156554461,0.0,0.003089383156554461,986.7096240520477,0.0,986.7096240520477,83,0.503154334771392,0.0,-0.027344372760843658,-0.034500247805519677,0.002482318800973552,-2.150834489108518,{},0.0009908116922836255,0.001593132355244156,Tier 4 - residual,LIVINGAREA_MEDI,0.9687010682430274,Spearman rho,"[{""feature"": ""LIVINGAREA_MEDI"", ""absolute_association"": 0.968701, ""method"": ""Spearman rho""}, {""feature"": ""LIVINGAREA_AVG"", ""absolute_association"": 0.963332, ""method"": ""Spearman rho""}, {""feature"": ""TOTALAREA_MODE"", ""absolute_association"": 0.914804, ""method"": ""Spearman rho""}, {""feature"": ""APARTMENTS_MODE"", ""absolute_association"": 0.895246, ""method"": ""Spearman rho""}, {""feature"": ""LIVINGAPARTMENTS_MODE"", ""absolute_association"": 0.878283, ""method"": ""Spearman rho""}]",high redundancy candidate; validate with grouped ablation before removing
124,TOTALAREA_MODE,Application property,numeric,"Normalized information about building where the client lives, What is average (_AVG suffix), modus (_MODE suffix), median (_MEDI suffix) apartment size, common area, living area, age of building, number of elevators, number of entrances, state of the building, number of floor",median imputation + missingness indicator when needed + LightGBM splits,context-dependent,No defensible monotonic sign follows from the field alone.,higher -> less risk,0.0030078666105050893,3.469568484191052e-05,0.003042562295347,832.5842316150665,19.42455005645752,852.008781671524,75,0.48453183601795047,6.919595120113075e-05,-0.5858333915441878,-0.03466457191555821,-0.013093651608568317,-2.0790627663761283,{},0.0009757955371561144,0.0013756456042851568,Tier 4 - residual,LIVINGAREA_AVG,0.9377705471782761,Spearman rho,"[{""feature"": ""LIVINGAREA_AVG"", ""absolute_association"": 0.937771, ""method"": ""Spearman rho""}, {""feature"": ""LIVINGAREA_MEDI"", ""absolute_association"": 0.93307, ""method"": ""Spearman rho""}, {""feature"": ""LIVINGAREA_MODE"", ""absolute_association"": 0.914804, ""method"": ""Spearman rho""}, {""feature"": ""APARTMENTS_AVG"", ""absolute_association"": 0.900466, ""method"": ""Spearman rho""}, {""feature"": ""APARTMENTS_MEDI"", ""absolute_association"": 0.894878, ""method"": ""Spearman rho""}]",high redundancy candidate; validate with grouped ablation before removing
125,BUREAU_OVERDUE_TO_CREDIT,Credit bureau,numeric,Credit bureau aggregate: overdue to credit.,median imputation + missingness indicator when needed + LightGBM splits,higher -> more risk,"More arrears, burden, utilization, refusals, or missingness should raise risk.",mixed / weak marginal direction,0.00023927351192270705,0.0026953810891168204,0.0029346546010395273,251.55090045928955,263.2369976043701,514.7878980636597,17,0.1464651939211308,0.010789469521461826,0.002643702747000526,0.04080064980605038,0.0001199554944575682,0.12523341852783976,{},0.0009411879149256452,0.0008311718427609925,Tier 4 - residual,BUREAU_OVERDUE_SUM,0.9999943416214876,Spearman rho,"[{""feature"": ""BUREAU_OVERDUE_SUM"", ""absolute_association"": 0.999994, ""method"": ""Spearman rho""}, {""feature"": ""BUREAU_OVERDUE_MAX"", ""absolute_association"": 0.999994, ""method"": ""Spearman rho""}, {""feature"": ""BUREAU_OVERDUE_CREDIT_COUNT"", ""absolute_association"": 0.941165, ""method"": ""Spearman rho""}, {""feature"": ""BUREAU_OVERDUE_RATE"", ""absolute_association"": 0.941132, ""method"": ""Spearman rho""}, {""feature"": ""BUREAU_DAYS_OVERDUE_MEAN"", ""absolute_association"": 0.940042, ""method"": ""Spearman rho""}]",high redundancy candidate; validate with grouped ablation before removing
126,CC_BALANCE_MEAN,Credit card history,numeric,Credit card history aggregate: balance mean.,median imputation + missingness indicator when needed + LightGBM splits,context-dependent,The aggregate can be beneficial or adverse depending on the underlying behavior and interactions.,mixed / weak marginal direction,0.002917698266813089,0.0,0.002917698266813089,708.3495559692383,0.0,708.3495559692383,44,0.7222884644568257,0.0,-0.04117275446472225,0.09452924965150625,-0.0005613608299479406,6.918305601865922,{},0.00093574976324343,0.0011436947293603148,Tier 4 - residual,CC_RECEIVABLE_MEAN,0.9974976878568261,Spearman rho,"[{""feature"": ""CC_RECEIVABLE_MEAN"", ""absolute_association"": 0.997498, ""method"": ""Spearman rho""}, {""feature"": ""CC_BALANCE_MAX"", ""absolute_association"": 0.944929, ""method"": ""Spearman rho""}, {""feature"": ""CC_RECEIVABLE_MAX"", ""absolute_association"": 0.94285, ""method"": ""Spearman rho""}, {""feature"": ""CC_UTILIZATION_MEAN"", ""absolute_association"": 0.911543, ""method"": ""Spearman rho""}, {""feature"": ""CC_BALANCE_SUM"", ""absolute_association"": 0.897936, ""method"": ""Spearman rho""}]",high redundancy candidate; validate with grouped ablation before removing
127,HAS_BUREAU_HISTORY,Source availability,numeric,Source availability aggregate: has bureau history.,median imputation + missingness indicator when needed + LightGBM splits,context-dependent,A larger count can mean deeper history or greater credit exposure; composition and recency matter.,higher -> less risk,0.0029084545467002072,0.0,0.0029084545467002072,175.42765426635742,0.0,175.42765426635742,8,0.0,,-0.6047707183892497,-0.022634467188721218,-0.012567005844366848,-1.764102973640176,{},0.0009327851630291092,0.0002832438897966777,Tier 4 - residual,,,,[],low measured redundancy; not a demonstrated substitute
128,INST_DUE_MEAN,Installment repayments,numeric,Installment repayments aggregate: due mean.,median imputation + missingness indicator when needed + LightGBM splits,context-dependent,The aggregate can be beneficial or adverse depending on the underlying behavior and interactions.,higher -> less risk,0.002903025742248112,0.0,0.002903025742248112,1514.9042677879333,0.0,1514.9042677879333,136,0.05263728402020509,0.0,-0.5163439148565983,-0.03721669583702355,-0.005741723484104119,-2.6910755148741416,{},0.0009310440637048491,0.0024459506072306313,Tier 4 - residual,INST_PAID_MEAN,0.9879651654550523,Spearman rho,"[{""feature"": ""INST_PAID_MEAN"", ""absolute_association"": 0.987965, ""method"": ""Spearman rho""}, {""feature"": ""PREV_ANNUITY_MEAN"", ""absolute_association"": 0.784553, ""method"": ""Spearman rho""}, {""feature"": ""PREV_ANNUITY_MAX"", ""absolute_association"": 0.713165, ""method"": ""Spearman rho""}, {""feature"": ""PREV_APPLICATION_AMOUNT_MEAN"", ""absolute_association"": 0.673578, ""method"": ""Spearman rho""}, {""feature"": ""PREV_CREDIT_MEAN"", ""absolute_association"": 0.6544, ""method"": ""Spearman rho""}]",high redundancy candidate; validate with grouped ablation before removing
129,BB_UNKNOWN_MONTHS,Bureau monthly status,numeric,Bureau monthly status aggregate: unknown months.,median imputation + missingness indicator when needed + LightGBM splits,context-dependent,No defensible monotonic sign follows from the field alone.,higher -> less risk,0.0027745999096306082,0.0,0.0027745999096306082,496.477689743042,0.0,496.477689743042,42,0.6979209573568625,0.0,-0.3144459752636897,-0.021964884161680527,-0.003379231689726543,-1.7384104078436184,{},0.0008898559655957762,0.0008016083474876373,Tier 4 - residual,BB_MONTHS_OBSERVED,0.586511990519586,Spearman rho,"[{""feature"": ""BB_MONTHS_OBSERVED"", ""absolute_association"": 0.586512, ""method"": ""Spearman rho""}, {""feature"": ""BUREAU_CREDIT_COUNT"", ""absolute_association"": 0.562209, ""method"": ""Spearman rho""}, {""feature"": ""BUREAU_UNIQUE_CREDIT_COUNT"", ""absolute_association"": 0.562209, ""method"": ""Spearman rho""}]","related signal, but too weak to treat as a substitute"
130,BUREAU_CREDIT_COUNT,Credit bureau,numeric,Credit bureau aggregate: credit count.,median imputation + missingness indicator when needed + LightGBM splits,context-dependent,A larger count can mean deeper history or greater credit exposure; composition and recency matter.,mixed / weak marginal direction,0.0027363807417784295,0.0,0.0027363807417784295,1355.9844374656677,0.0,1355.9844374656677,111,0.1424762069937347,0.0,-0.12288247729785776,-0.008258609806739816,-0.0003427973441783559,-0.44125892947641104,{},0.0008775985030350225,0.002189360099339773,Tier 4 - residual,BUREAU_UNIQUE_CREDIT_COUNT,1.0,Spearman rho,"[{""feature"": ""BUREAU_UNIQUE_CREDIT_COUNT"", ""absolute_association"": 1.0, ""method"": ""Spearman rho""}, {""feature"": ""BUREAU_CLOSED_COUNT"", ""absolute_association"": 0.885539, ""method"": ""Spearman rho""}, {""feature"": ""BB_MONTHS_OBSERVED"", ""absolute_association"": 0.812003, ""method"": ""Spearman rho""}, {""feature"": ""BUREAU_ACTIVE_COUNT"", ""absolute_association"": 0.688452, ""method"": ""Spearman rho""}, {""feature"": ""BUREAU_CREDIT_SUM"", ""absolute_association"": 0.67587, ""method"": ""Spearman rho""}]",high redundancy candidate; validate with grouped ablation before removing
131,CC_RECEIVABLE_MEAN,Credit card history,numeric,Credit card history aggregate: receivable mean.,median imputation + missingness indicator when needed + LightGBM splits,context-dependent,The aggregate can be beneficial or adverse depending on the underlying behavior and interactions.,mixed / weak marginal direction,0.002697985022030769,0.0,0.002697985022030769,714.0723667144775,0.0,714.0723667144775,37,0.7222884644568257,0.0,0.13102004520607563,0.09377825658404405,0.011355923905714767,6.7285416277039785,{},0.0008652844176232099,0.0011529347273687852,Tier 4 - residual,CC_BALANCE_MEAN,0.9974976878568261,Spearman rho,"[{""feature"": ""CC_BALANCE_MEAN"", ""absolute_association"": 0.997498, ""method"": ""Spearman rho""}, {""feature"": ""CC_RECEIVABLE_MAX"", ""absolute_association"": 0.943718, ""method"": ""Spearman rho""}, {""feature"": ""CC_BALANCE_MAX"", ""absolute_association"": 0.942596, ""method"": ""Spearman rho""}, {""feature"": ""CC_UTILIZATION_MEAN"", ""absolute_association"": 0.909383, ""method"": ""Spearman rho""}, {""feature"": ""CC_BALANCE_SUM"", ""absolute_association"": 0.896758, ""method"": ""Spearman rho""}]",high redundancy candidate; validate with grouped ablation before removing
132,YEARS_BEGINEXPLUATATION_AVG,Application property,numeric,"Normalized information about building where the client lives, What is average (_AVG suffix), modus (_MODE suffix), median (_MEDI suffix) apartment size, common area, living area, age of building, number of elevators, number of entrances, state of the building, number of floor",median imputation + missingness indicator when needed + LightGBM splits,context-dependent,No defensible monotonic sign follows from the field alone.,higher -> less risk,0.00246543550222792,0.000227623539832975,0.002693059042060895,888.4114098548889,17.599960327148438,906.0113701820374,73,0.4897999002753268,0.00042646231830230667,-0.7926201290885858,-0.025854861420541747,-0.0109025350313331,-1.4497583736043997,{},0.00086370458168096,0.0014628376909192452,Tier 4 - residual,YEARS_BEGINEXPLUATATION_MEDI,0.9976187872331035,Spearman rho,"[{""feature"": ""YEARS_BEGINEXPLUATATION_MEDI"", ""absolute_association"": 0.997619, ""method"": ""Spearman rho""}, {""feature"": ""YEARS_BEGINEXPLUATATION_MODE"", ""absolute_association"": 0.986179, ""method"": ""Spearman rho""}, {""feature"": ""YEARS_BUILD_AVG"", ""absolute_association"": 0.986044, ""method"": ""Spearman rho""}, {""feature"": ""YEARS_BUILD_MEDI"", ""absolute_association"": 0.984502, ""method"": ""Spearman rho""}, {""feature"": ""YEARS_BUILD_MODE"", ""absolute_association"": 0.97504, ""method"": ""Spearman rho""}]",high redundancy candidate; validate with grouped ablation before removing
133,LIVINGAPARTMENTS_MEDI,Application property,numeric,"Normalized information about building where the client lives, What is average (_AVG suffix), modus (_MODE suffix), median (_MEDI suffix) apartment size, common area, living area, age of building, number of elevators, number of entrances, state of the building, number of floor",median imputation + missingness indicator when needed + LightGBM splits,context-dependent,No defensible monotonic sign follows from the field alone.,higher -> less risk,0.0026430102730322226,2.8957188957027553e-05,0.00267196746198925,565.3873171806335,13.611700057983398,578.999017238617,49,0.6845882021375767,6.691744819105786e-05,-0.31525314966056617,-0.024590733640265598,-0.011585308396986524,-1.0949464423986928,{},0.0008569401943956259,0.0009348465298527917,Tier 4 - residual,LIVINGAPARTMENTS_AVG,0.9952809867140104,Spearman rho,"[{""feature"": ""LIVINGAPARTMENTS_AVG"", ""absolute_association"": 0.995281, ""method"": ""Spearman rho""}, {""feature"": ""APARTMENTS_MEDI"", ""absolute_association"": 0.972482, ""method"": ""Spearman rho""}, {""feature"": ""APARTMENTS_AVG"", ""absolute_association"": 0.971579, ""method"": ""Spearman rho""}, {""feature"": ""LIVINGAPARTMENTS_MODE"", ""absolute_association"": 0.971225, ""method"": ""Spearman rho""}, {""feature"": ""APARTMENTS_MODE"", ""absolute_association"": 0.93572, ""method"": ""Spearman rho""}]",high redundancy candidate; validate with grouped ablation before removing
134,POS_DPD_MONTH_COUNT,POS/cash loan history,numeric,POS/cash loan history aggregate: dpd month count.,median imputation + missingness indicator when needed + LightGBM splits,higher -> more risk,"More arrears, burden, utilization, refusals, or missingness should raise risk.",higher -> less risk,0.0026688631729961617,0.0,0.0026688631729961617,355.38538360595703,0.0,355.38538360595703,40,0.06035510655364537,0.0,-0.3359656448049983,0.03745163788993631,0.0009497948743807769,0.5082081062690924,{},0.0008559446021771425,0.0005738019974695627,Tier 4 - residual,POS_DPD_MONTH_RATE,0.9963708635828317,Spearman rho,"[{""feature"": ""POS_DPD_MONTH_RATE"", ""absolute_association"": 0.996371, ""method"": ""Spearman rho""}, {""feature"": ""POS_DPD_SUM"", ""absolute_association"": 0.99619, ""method"": ""Spearman rho""}, {""feature"": ""POS_DPD_MEAN"", ""absolute_association"": 0.994636, ""method"": ""Spearman rho""}, {""feature"": ""POS_DPD_MAX"", ""absolute_association"": 0.992338, ""method"": ""Spearman rho""}, {""feature"": ""POS_DPD_DEF_MONTH_COUNT"", ""absolute_association"": 0.815984, ""method"": ""Spearman rho""}]",high redundancy candidate; validate with grouped ablation before removing
135,PREV_CASH_LOAN_COUNT,Previous applications,numeric,Previous applications aggregate: cash loan count.,median imputation + missingness indicator when needed + LightGBM splits,context-dependent,A larger count can mean deeper history or greater credit exposure; composition and recency matter.,higher -> more risk,0.0026647365559118127,0.0,0.0026647365559118127,447.6843910217285,0.0,447.6843910217285,47,0.054328267608992564,0.0,0.23481910752461327,0.013194486848687981,-0.00371808790368586,0.7367156503187324,{},0.000854621133947546,0.0007228271326122897,Tier 4 - residual,PREV_APPLICATION_COUNT,0.7812985609962368,Spearman rho,"[{""feature"": ""PREV_APPLICATION_COUNT"", ""absolute_association"": 0.781299, ""method"": ""Spearman rho""}, {""feature"": ""PREV_UNIQUE_APPLICATION_COUNT"", ""absolute_association"": 0.781299, ""method"": ""Spearman rho""}, {""feature"": ""PREV_CREDIT_SUM"", ""absolute_association"": 0.759298, ""method"": ""Spearman rho""}, {""feature"": ""PREV_CANCELED_COUNT"", ""absolute_association"": 0.689996, ""method"": ""Spearman rho""}, {""feature"": ""PREV_CREDIT_MAX"", ""absolute_association"": 0.688653, ""method"": ""Spearman rho""}]",partial substitute candidate; important interactions may still differ
136,BUREAU_ANNUITY_SUM,Credit bureau,numeric,Credit bureau aggregate: annuity sum.,median imputation + missingness indicator when needed + LightGBM splits,context-dependent,A larger count can mean deeper history or greater credit exposure; composition and recency matter.,higher -> more risk,0.002553996708448557,6.946803126928112e-05,0.002623464739717838,986.9577748775482,17.269089698791504,1004.2268645763397,92,0.7370737312203265,0.00018603172962887657,0.7826266774450664,0.03190315668634529,0.022388599564983427,3.0494620259173515,{},0.0008413846411026839,0.001621415531949415,Tier 4 - residual,,,,[],low measured redundancy; not a demonstrated substitute
137,CC_DRAWINGS_SUM,Credit card history,numeric,Credit card history aggregate: drawings sum.,median imputation + missingness indicator when needed + LightGBM splits,context-dependent,A larger count can mean deeper history or greater credit exposure; composition and recency matter.,higher -> more risk,0.0025897519118124445,0.0,0.0025897519118124445,626.3017706871033,0.0,626.3017706871033,50,0.7222884644568257,0.0,0.7795168013469486,0.055322985370771724,0.024807681415103672,3.7136115268546246,{},0.0008305724296106449,0.0010112211239318959,Tier 4 - residual,CC_BALANCE_MAX,0.9206065652231542,Spearman rho,"[{""feature"": ""CC_BALANCE_MAX"", ""absolute_association"": 0.920607, ""method"": ""Spearman rho""}, {""feature"": ""CC_RECEIVABLE_MAX"", ""absolute_association"": 0.919236, ""method"": ""Spearman rho""}, {""feature"": ""CC_PAYMENT_TOTAL_SUM"", ""absolute_association"": 0.916116, ""method"": ""Spearman rho""}, {""feature"": ""CC_DRAWINGS_MEAN"", ""absolute_association"": 0.891952, ""method"": ""Spearman rho""}, {""feature"": ""CC_DRAWING_COUNT_SUM"", ""absolute_association"": 0.884814, ""method"": ""Spearman rho""}]",high redundancy candidate; validate with grouped ablation before removing
138,APARTMENTS_MEDI,Application property,numeric,"Normalized information about building where the client lives, What is average (_AVG suffix), modus (_MODE suffix), median (_MEDI suffix) apartment size, common area, living area, age of building, number of elevators, number of entrances, state of the building, number of floor",median imputation + missingness indicator when needed + LightGBM splits,context-dependent,No defensible monotonic sign follows from the field alone.,higher -> less risk,0.0023820638018857265,4.2447685828231603e-05,0.002424511487713958,614.1178460121155,10.253199577331543,624.371045589447,49,0.510785440197715,-8.239387242107174e-05,-0.43456118959150775,-0.021076401087291845,-0.006074967489614874,-1.2523877131535368,{},0.0007775773377304646,0.0010081037928071355,Tier 4 - residual,APARTMENTS_AVG,0.9940273050269934,Spearman rho,"[{""feature"": ""APARTMENTS_AVG"", ""absolute_association"": 0.994027, ""method"": ""Spearman rho""}, {""feature"": ""LIVINGAPARTMENTS_MEDI"", ""absolute_association"": 0.972482, ""method"": ""Spearman rho""}, {""feature"": ""APARTMENTS_MODE"", ""absolute_association"": 0.970014, ""method"": ""Spearman rho""}, {""feature"": ""LIVINGAPARTMENTS_AVG"", ""absolute_association"": 0.968586, ""method"": ""Spearman rho""}, {""feature"": ""LIVINGAPARTMENTS_MODE"", ""absolute_association"": 0.948411, ""method"": ""Spearman rho""}]",high redundancy candidate; validate with grouped ablation before removing
139,NONLIVINGAREA_AVG,Application property,numeric,"Normalized information about building where the client lives, What is average (_AVG suffix), modus (_MODE suffix), median (_MEDI suffix) apartment size, common area, living area, age of building, number of elevators, number of entrances, state of the building, number of floor",median imputation + missingness indicator when needed + LightGBM splits,context-dependent,No defensible monotonic sign follows from the field alone.,mixed / weak marginal direction,0.002174024421364872,0.00023679124187240563,0.0024108156632372773,566.7551703453064,39.2044095993042,605.9595799446106,55,0.5552929954256726,0.0004802219181409698,-0.10354943324497176,-0.014488732242927316,0.002328060059400187,-0.9071505228662138,{},0.0007731848806154676,0.0009783768083820724,Tier 4 - residual,NONLIVINGAREA_MEDI,0.9802659013258164,Spearman rho,"[{""feature"": ""NONLIVINGAREA_MEDI"", ""absolute_association"": 0.980266, ""method"": ""Spearman rho""}, {""feature"": ""NONLIVINGAREA_MODE"", ""absolute_association"": 0.914563, ""method"": ""Spearman rho""}, {""feature"": ""NONLIVINGAPARTMENTS_AVG"", ""absolute_association"": 0.681168, ""method"": ""Spearman rho""}, {""feature"": ""NONLIVINGAPARTMENTS_MEDI"", ""absolute_association"": 0.665675, ""method"": ""Spearman rho""}, {""feature"": ""NONLIVINGAPARTMENTS_MODE"", ""absolute_association"": 0.62769, ""method"": ""Spearman rho""}]",high redundancy candidate; validate with grouped ablation before removing
140,POS_DPD_SUM,POS/cash loan history,numeric,POS/cash loan history aggregate: dpd sum.,median imputation + missingness indicator when needed + LightGBM splits,higher -> more risk,"More arrears, burden, utilization, refusals, or missingness should raise risk.",higher -> less risk,0.002309053538114819,0.0,0.002309053538114819,267.9360704421997,0.0,267.9360704421997,30,0.06035510655364537,0.0,-0.32204969545177753,0.03788682106955052,-0.0011676676720934044,0.5082081062690924,{},0.0007405482349507673,0.00043260713441255487,Tier 4 - residual,POS_DPD_MAX,0.9987760545248721,Spearman rho,"[{""feature"": ""POS_DPD_MAX"", ""absolute_association"": 0.998776, ""method"": ""Spearman rho""}, {""feature"": ""POS_DPD_MEAN"", ""absolute_association"": 0.998628, ""method"": ""Spearman rho""}, {""feature"": ""POS_DPD_MONTH_COUNT"", ""absolute_association"": 0.99619, ""method"": ""Spearman rho""}, {""feature"": ""POS_DPD_MONTH_RATE"", ""absolute_association"": 0.994146, ""method"": ""Spearman rho""}, {""feature"": ""POS_DPD_DEF_MAX"", ""absolute_association"": 0.797187, ""method"": ""Spearman rho""}]",high redundancy candidate; validate with grouped ablation before removing
141,LIVINGAREA_MEDI,Application property,numeric,"Normalized information about building where the client lives, What is average (_AVG suffix), modus (_MODE suffix), median (_MEDI suffix) apartment size, common area, living area, age of building, number of elevators, number of entrances, state of the building, number of floor",median imputation + missingness indicator when needed + LightGBM splits,context-dependent,No defensible monotonic sign follows from the field alone.,higher -> less risk,0.0022460457162458217,3.455367572687983e-05,0.0022805993919727016,796.4122204780579,12.324199676513672,808.7364201545715,60,0.503154334771392,6.802329220227382e-05,-0.4748134169661897,-0.03281935586685907,-0.0048935017762011205,-2.2023960744798363,{},0.0007314225618753048,0.0013057784442412788,Tier 4 - residual,LIVINGAREA_AVG,0.9953424390796124,Spearman rho,"[{""feature"": ""LIVINGAREA_AVG"", ""absolute_association"": 0.995342, ""method"": ""Spearman rho""}, {""feature"": ""LIVINGAREA_MODE"", ""absolute_association"": 0.968701, ""method"": ""Spearman rho""}, {""feature"": ""TOTALAREA_MODE"", ""absolute_association"": 0.93307, ""method"": ""Spearman rho""}, {""feature"": ""APARTMENTS_MEDI"", ""absolute_association"": 0.905369, ""method"": ""Spearman rho""}, {""feature"": ""APARTMENTS_AVG"", ""absolute_association"": 0.90258, ""method"": ""Spearman rho""}]",high redundancy candidate; validate with grouped ablation before removing
142,LIVINGAPARTMENTS_MODE,Application property,numeric,"Normalized information about building where the client lives, What is average (_AVG suffix), modus (_MODE suffix), median (_MEDI suffix) apartment size, common area, living area, age of building, number of elevators, number of entrances, state of the building, number of floor",median imputation + missingness indicator when needed + LightGBM splits,context-dependent,No defensible monotonic sign follows from the field alone.,mixed / weak marginal direction,0.0022759959208087854,0.0,0.0022759959208087854,816.9476299285889,0.0,816.9476299285889,70,0.6845882021375767,0.0,-0.054192038033044586,-0.025381997472475992,-0.0007296182925176694,-1.4379255893102745,{},0.0007299461593628415,0.0013190361886149101,Tier 4 - residual,LIVINGAPARTMENTS_MEDI,0.9712247892046839,Spearman rho,"[{""feature"": ""LIVINGAPARTMENTS_MEDI"", ""absolute_association"": 0.971225, ""method"": ""Spearman rho""}, {""feature"": ""LIVINGAPARTMENTS_AVG"", ""absolute_association"": 0.966716, ""method"": ""Spearman rho""}, {""feature"": ""APARTMENTS_MODE"", ""absolute_association"": 0.960956, ""method"": ""Spearman rho""}, {""feature"": ""APARTMENTS_MEDI"", ""absolute_association"": 0.948411, ""method"": ""Spearman rho""}, {""feature"": ""APARTMENTS_AVG"", ""absolute_association"": 0.94414, ""method"": ""Spearman rho""}]",high redundancy candidate; validate with grouped ablation before removing
143,PREV_REFUSED_COUNT,Previous applications,numeric,Previous applications aggregate: refused count.,median imputation + missingness indicator when needed + LightGBM splits,higher -> more risk,"More arrears, burden, utilization, refusals, or missingness should raise risk.",higher -> more risk,0.00227360891627086,0.0,0.00227360891627086,521.7201652526855,0.0,521.7201652526855,31,0.054328267608992564,0.0,0.7847922810522678,0.06278960210683543,0.005369723348981465,3.2540718814424094,{},0.0007291806110686155,0.0008423646181072802,Tier 4 - residual,PREV_REFUSAL_RATE,0.9770780702220578,Spearman rho,"[{""feature"": ""PREV_REFUSAL_RATE"", ""absolute_association"": 0.977078, ""method"": ""Spearman rho""}, {""feature"": ""PREV_APPROVAL_RATE"", ""absolute_association"": 0.691574, ""method"": ""Spearman rho""}, {""feature"": ""PREV_APPLICATION_COUNT"", ""absolute_association"": 0.612163, ""method"": ""Spearman rho""}, {""feature"": ""PREV_UNIQUE_APPLICATION_COUNT"", ""absolute_association"": 0.612163, ""method"": ""Spearman rho""}, {""feature"": ""PREV_CREDIT_SUM"", ""absolute_association"": 0.525575, ""method"": ""Spearman rho""}]",high redundancy candidate; validate with grouped ablation before removing
144,POS_DPD_MEAN,POS/cash loan history,numeric,POS/cash loan history aggregate: dpd mean.,median imputation + missingness indicator when needed + LightGBM splits,higher -> more risk,"More arrears, burden, utilization, refusals, or missingness should raise risk.",higher -> less risk,0.002228445018894196,0.0,0.002228445018894196,671.647632598877,0.0,671.647632598877,50,0.06035510655364537,0.0,-0.34600376123785126,0.04037717057226664,-0.0015039509089243034,0.5082081062690924,{},0.0007146958691890087,0.0010844361387925086,Tier 4 - residual,POS_DPD_SUM,0.9986280213606262,Spearman rho,"[{""feature"": ""POS_DPD_SUM"", ""absolute_association"": 0.998628, ""method"": ""Spearman rho""}, {""feature"": ""POS_DPD_MAX"", ""absolute_association"": 0.997874, ""method"": ""Spearman rho""}, {""feature"": ""POS_DPD_MONTH_RATE"", ""absolute_association"": 0.996734, ""method"": ""Spearman rho""}, {""feature"": ""POS_DPD_MONTH_COUNT"", ""absolute_association"": 0.994636, ""method"": ""Spearman rho""}, {""feature"": ""POS_DPD_DEF_MEAN"", ""absolute_association"": 0.797888, ""method"": ""Spearman rho""}]",high redundancy candidate; validate with grouped ablation before removing
145,BASEMENTAREA_MODE,Application property,numeric,"Normalized information about building where the client lives, What is average (_AVG suffix), modus (_MODE suffix), median (_MEDI suffix) apartment size, common area, living area, age of building, number of elevators, number of entrances, state of the building, number of floor",median imputation + missingness indicator when needed + LightGBM splits,context-dependent,No defensible monotonic sign follows from the field alone.,higher -> more risk,0.0022240065247119047,0.0,0.0022240065247119047,637.9608068466187,0.0,637.9608068466187,62,0.5875951178268694,0.0,0.7035783279885328,-0.015753229541068822,0.009190441278352057,-1.1789234803539224,{},0.000713272377278458,0.0010300456973260496,Tier 4 - residual,BASEMENTAREA_MEDI,0.9643426599710522,Spearman rho,"[{""feature"": ""BASEMENTAREA_MEDI"", ""absolute_association"": 0.964343, ""method"": ""Spearman rho""}, {""feature"": ""BASEMENTAREA_AVG"", ""absolute_association"": 0.96064, ""method"": ""Spearman rho""}, {""feature"": ""LIVINGAREA_MODE"", ""absolute_association"": 0.698711, ""method"": ""Spearman rho""}, {""feature"": ""APARTMENTS_MODE"", ""absolute_association"": 0.686683, ""method"": ""Spearman rho""}, {""feature"": ""LIVINGAREA_MEDI"", ""absolute_association"": 0.669542, ""method"": ""Spearman rho""}]",high redundancy candidate; validate with grouped ablation before removing
146,LANDAREA_MEDI,Application property,numeric,"Normalized information about building where the client lives, What is average (_AVG suffix), modus (_MODE suffix), median (_MEDI suffix) apartment size, common area, living area, age of building, number of elevators, number of entrances, state of the building, number of floor",median imputation + missingness indicator when needed + LightGBM splits,context-dependent,No defensible monotonic sign follows from the field alone.,mixed / weak marginal direction,0.0021034593340576277,1.6304686100961247e-05,0.002119764020158589,599.284779548645,6.976799964904785,606.2615795135498,55,0.5957682051726755,-3.352031306848286e-05,0.11722910094376983,-0.005321399234145331,0.007258412554916866,-0.3727316278184886,{},0.0006798402365855093,0.000978864414130328,Tier 4 - residual,LANDAREA_AVG,0.9961775019828459,Spearman rho,"[{""feature"": ""LANDAREA_AVG"", ""absolute_association"": 0.996178, ""method"": ""Spearman rho""}, {""feature"": ""LANDAREA_MODE"", ""absolute_association"": 0.968679, ""method"": ""Spearman rho""}]",high redundancy candidate; validate with grouped ablation before removing
147,OBS_30_CNT_SOCIAL_CIRCLE,Application financial,numeric,How many observation of client's social surroundings with observable 30 DPD (days past due) default,median imputation + missingness indicator when needed + LightGBM splits,context-dependent,No defensible monotonic sign follows from the field alone.,higher -> more risk,0.00211506866551934,0.0,0.00211506866551934,532.8491010665894,0.0,532.8491010665894,46,0.003338608624016303,0.0,0.49936877554408526,0.0030739039138195983,0.004143594669592154,0.2969090355320045,{},0.0006783343656591027,0.0008603332963205885,Tier 4 - residual,OBS_60_CNT_SOCIAL_CIRCLE,0.9975010075431574,Spearman rho,"[{""feature"": ""OBS_60_CNT_SOCIAL_CIRCLE"", ""absolute_association"": 0.997501, ""method"": ""Spearman rho""}]",high redundancy candidate; validate with grouped ablation before removing
148,LIVINGAREA_AVG,Application property,numeric,"Normalized information about building where the client lives, What is average (_AVG suffix), modus (_MODE suffix), median (_MEDI suffix) apartment size, common area, living area, age of building, number of elevators, number of entrances, state of the building, number of floor",median imputation + missingness indicator when needed + LightGBM splits,context-dependent,No defensible monotonic sign follows from the field alone.,higher -> less risk,0.0018237872151909318,0.0002341935669070333,0.002057980782097965,768.8053956031799,28.25529956817627,797.0606951713562,67,0.503154334771392,0.0004675088154210402,-0.33728137975948075,-0.0339730673671756,-0.0038596372152413395,-2.3349720853147358,{},0.0006600254219265593,0.001286926925224665,Tier 4 - residual,LIVINGAREA_MEDI,0.9953424390796124,Spearman rho,"[{""feature"": ""LIVINGAREA_MEDI"", ""absolute_association"": 0.995342, ""method"": ""Spearman rho""}, {""feature"": ""LIVINGAREA_MODE"", ""absolute_association"": 0.963332, ""method"": ""Spearman rho""}, {""feature"": ""TOTALAREA_MODE"", ""absolute_association"": 0.937771, ""method"": ""Spearman rho""}, {""feature"": ""APARTMENTS_AVG"", ""absolute_association"": 0.906853, ""method"": ""Spearman rho""}, {""feature"": ""APARTMENTS_MEDI"", ""absolute_association"": 0.90199, ""method"": ""Spearman rho""}]",high redundancy candidate; validate with grouped ablation before removing
149,INST_SHORTFALL_SUM,Installment repayments,numeric,Installment repayments aggregate: shortfall sum.,median imputation + missingness indicator when needed + LightGBM splits,higher -> more risk,"More arrears, burden, utilization, refusals, or missingness should raise risk.",higher -> more risk,0.0019814921479497727,0.0,0.0019814921479497727,890.6291699409485,0.0,890.6291699409485,81,0.05263728402020509,0.0,0.2792930537601998,0.041875834903875385,0.0014906363221155843,2.4761372997711666,{},0.0006354943653368171,0.0014380017307729495,Tier 4 - residual,INST_SHORTFALL_MEAN,0.9802961239293079,Spearman rho,"[{""feature"": ""INST_SHORTFALL_MEAN"", ""absolute_association"": 0.980296, ""method"": ""Spearman rho""}, {""feature"": ""INST_SHORT_PAYMENT_COUNT"", ""absolute_association"": 0.979842, ""method"": ""Spearman rho""}, {""feature"": ""INST_SHORTFALL_MAX"", ""absolute_association"": 0.977899, ""method"": ""Spearman rho""}, {""feature"": ""INST_SHORT_PAYMENT_RATE"", ""absolute_association"": 0.950421, ""method"": ""Spearman rho""}, {""feature"": ""INST_LATE_PAYMENT_COUNT"", ""absolute_association"": 0.848548, ""method"": ""Spearman rho""}]",high redundancy candidate; validate with grouped ablation before removing
150,LIVINGAPARTMENTS_AVG,Application property,numeric,"Normalized information about building where the client lives, What is average (_AVG suffix), modus (_MODE suffix), median (_MEDI suffix) apartment size, common area, living area, age of building, number of elevators, number of entrances, state of the building, number of floor",median imputation + missingness indicator when needed + LightGBM splits,context-dependent,No defensible monotonic sign follows from the field alone.,higher -> less risk,0.0017354652064829768,0.0002127311973107452,0.0019481964037937221,435.1813688278198,27.213199615478516,462.39456844329834,42,0.6845882021375767,0.000444614544720967,-0.6731070665981097,-0.0258841901426958,-0.008889681831044497,-1.3665178113130074,{},0.0006248159188828356,0.0007465780508464153,Tier 4 - residual,LIVINGAPARTMENTS_MEDI,0.9952809867140104,Spearman rho,"[{""feature"": ""LIVINGAPARTMENTS_MEDI"", ""absolute_association"": 0.995281, ""method"": ""Spearman rho""}, {""feature"": ""APARTMENTS_AVG"", ""absolute_association"": 0.976029, ""method"": ""Spearman rho""}, {""feature"": ""APARTMENTS_MEDI"", ""absolute_association"": 0.968586, ""method"": ""Spearman rho""}, {""feature"": ""LIVINGAPARTMENTS_MODE"", ""absolute_association"": 0.966716, ""method"": ""Spearman rho""}, {""feature"": ""APARTMENTS_MODE"", ""absolute_association"": 0.931145, ""method"": ""Spearman rho""}]",high redundancy candidate; validate with grouped ablation before removing
151,FLAG_DOCUMENT_18,Application documents,numeric,Did client provide document 18,median imputation + missingness indicator when needed + LightGBM splits,context-dependent,No defensible monotonic sign follows from the field alone.,higher -> less risk,0.0018781107527042836,0.0,0.0018781107527042836,238.78089141845703,0.0,238.78089141845703,23,0.0,,-0.15512234712146342,-0.009875055950952769,-0.12501203985051496,-3.0038188840870763,{},0.0006023383953638127,0.0003855334484025661,Tier 4 - residual,,,,[],low measured redundancy; not a demonstrated substitute
152,YEARS_BUILD_MODE,Application property,numeric,"Normalized information about building where the client lives, What is average (_AVG suffix), modus (_MODE suffix), median (_MEDI suffix) apartment size, common area, living area, age of building, number of elevators, number of entrances, state of the building, number of floor",median imputation + missingness indicator when needed + LightGBM splits,context-dependent,No defensible monotonic sign follows from the field alone.,higher -> less risk,0.001865203278976268,0.0,0.001865203278976268,513.6056632995605,0.0,513.6056632995605,47,0.6667895159017495,0.0,-0.4371957909716727,-0.02879290638800874,-0.008317500648815488,-1.92323572260346,{},0.0005981987742033786,0.0008292630172988002,Tier 4 - residual,YEARS_BUILD_MEDI,0.9891497842443406,Spearman rho,"[{""feature"": ""YEARS_BUILD_MEDI"", ""absolute_association"": 0.98915, ""method"": ""Spearman rho""}, {""feature"": ""YEARS_BUILD_AVG"", ""absolute_association"": 0.988637, ""method"": ""Spearman rho""}, {""feature"": ""YEARS_BEGINEXPLUATATION_MODE"", ""absolute_association"": 0.979587, ""method"": ""Spearman rho""}, {""feature"": ""YEARS_BEGINEXPLUATATION_MEDI"", ""absolute_association"": 0.975302, ""method"": ""Spearman rho""}, {""feature"": ""YEARS_BEGINEXPLUATATION_AVG"", ""absolute_association"": 0.97504, ""method"": ""Spearman rho""}]",high redundancy candidate; validate with grouped ablation before removing
153,CC_DPD_MONTH_COUNT,Credit card history,numeric,Credit card history aggregate: dpd month count.,median imputation + missingness indicator when needed + LightGBM splits,higher -> more risk,"More arrears, burden, utilization, refusals, or missingness should raise risk.",higher -> less risk,0.0018504601080555718,0.0,0.0018504601080555718,149.69388937950134,0.0,149.69388937950134,16,0.7222884644568257,0.0,-0.28373227527042355,-0.020736308486453737,-0.003935745768965702,-0.28699127998615265,{},0.0005934704173148619,0.0002416943878316155,Tier 4 - residual,CC_DPD_MONTH_RATE,0.9973018874566291,Spearman rho,"[{""feature"": ""CC_DPD_MONTH_RATE"", ""absolute_association"": 0.997302, ""method"": ""Spearman rho""}, {""feature"": ""CC_DPD_MEAN"", ""absolute_association"": 0.992585, ""method"": ""Spearman rho""}, {""feature"": ""CC_DPD_MAX"", ""absolute_association"": 0.988494, ""method"": ""Spearman rho""}, {""feature"": ""CC_DPD_DEF_MONTH_COUNT"", ""absolute_association"": 0.909304, ""method"": ""Spearman rho""}, {""feature"": ""CC_DPD_DEF_MONTH_RATE"", ""absolute_association"": 0.907929, ""method"": ""Spearman rho""}]",high redundancy candidate; validate with grouped ablation before removing
154,NAME_HOUSING_TYPE,Application categorical,categorical,"What is the housing situation of the client (renting, living with parents, ...)",most-frequent imputation + ordinal encoding + LightGBM splits,category-dependent,Risk varies by category; no numeric ordering is assumed.,category-dependent,0.0017980860346743887,0.0,0.0017980860346743887,336.11392974853516,0.0,336.11392974853516,29,0.0,,,,,,"{""eligible_categories"": 6, ""highest_risk_category"": ""With parents"", ""highest_risk_event_rate"": 0.11256190904997748, ""highest_risk_mean_shap"": 0.014582579891756252, ""lowest_risk_category"": ""House / apartment"", ""lowest_risk_event_rate"": 0.07819835680751173, ""lowest_risk_mean_shap"": -0.0009150507027195905}",0.0005766732634336735,0.0005426864839238732,Tier 4 - residual,,,,[],low measured redundancy; not a demonstrated substitute
155,OBS_60_CNT_SOCIAL_CIRCLE,Application financial,numeric,How many observation of client's social surroundings with observable 60 DPD (days past due) default,median imputation + missingness indicator when needed + LightGBM splits,context-dependent,No defensible monotonic sign follows from the field alone.,higher -> more risk,0.0017745577213156031,0.0,0.0017745577213156031,561.3739624023438,0.0,561.3739624023438,47,0.003338608624016303,0.0,0.17071002060183166,0.00367577376137224,0.0021493072784018108,0.349177543630666,{},0.0005691273790955206,0.0009063892771432162,Tier 4 - residual,OBS_30_CNT_SOCIAL_CIRCLE,0.9975010075431574,Spearman rho,"[{""feature"": ""OBS_30_CNT_SOCIAL_CIRCLE"", ""absolute_association"": 0.997501, ""method"": ""Spearman rho""}]",high redundancy candidate; validate with grouped ablation before removing
156,AMT_REQ_CREDIT_BUREAU_YEAR,Application credit enquiries,numeric,Number of enquiries to Credit Bureau about the client one day year (excluding last 3 months before application),median imputation + missingness indicator when needed + LightGBM splits,context-dependent,No defensible monotonic sign follows from the field alone.,mixed / weak marginal direction,0.0017546145133368882,0.0,0.0017546145133368882,340.50707960128784,0.0,340.50707960128784,31,0.13432479892470786,0.0,-0.10991436412367278,0.01897171669994336,-0.00028307389695278495,1.2078417614340087,{},0.0005627312920303627,0.0005497796235885242,Tier 4 - residual,PREV_CASH_LOAN_COUNT,0.6490978213609476,Spearman rho,"[{""feature"": ""PREV_CASH_LOAN_COUNT"", ""absolute_association"": 0.649098, ""method"": ""Spearman rho""}, {""feature"": ""PREV_APPLICATION_COUNT"", ""absolute_association"": 0.608067, ""method"": ""Spearman rho""}, {""feature"": ""PREV_UNIQUE_APPLICATION_COUNT"", ""absolute_association"": 0.608067, ""method"": ""Spearman rho""}, {""feature"": ""PREV_RECENT_24M_COUNT"", ""absolute_association"": 0.578401, ""method"": ""Spearman rho""}, {""feature"": ""PREV_CANCELED_COUNT"", ""absolute_association"": 0.569616, ""method"": ""Spearman rho""}]","related signal, but too weak to treat as a substitute"
157,PREV_RECENT_24M_COUNT,Previous applications,numeric,Previous applications aggregate: recent 24m count.,median imputation + missingness indicator when needed + LightGBM splits,context-dependent,A larger count can mean deeper history or greater credit exposure; composition and recency matter.,higher -> more risk,0.0017445098045586827,0.0,0.0017445098045586827,562.0566000938416,0.0,562.0566000938416,47,0.054328267608992564,0.0,0.7143243442185393,0.03347246570699684,0.0039914996415150806,2.370612274968585,{},0.0005594905597879647,0.0009074914577308224,Tier 4 - residual,PREV_RECENT_12M_COUNT,0.805458686036908,Spearman rho,"[{""feature"": ""PREV_RECENT_12M_COUNT"", ""absolute_association"": 0.805459, ""method"": ""Spearman rho""}, {""feature"": ""PREV_APPLICATION_COUNT"", ""absolute_association"": 0.742261, ""method"": ""Spearman rho""}, {""feature"": ""PREV_UNIQUE_APPLICATION_COUNT"", ""absolute_association"": 0.742261, ""method"": ""Spearman rho""}, {""feature"": ""PREV_CANCELED_COUNT"", ""absolute_association"": 0.732825, ""method"": ""Spearman rho""}, {""feature"": ""PREV_DAYS_SINCE_DECISION_MIN"", ""absolute_association"": 0.728135, ""method"": ""Spearman rho""}]",partial substitute candidate; important interactions may still differ
158,FLAG_DOCUMENT_16,Application documents,numeric,Did client provide document 16,median imputation + missingness indicator when needed + LightGBM splits,context-dependent,No defensible monotonic sign follows from the field alone.,higher -> less risk,0.001733767542581923,0.0,0.001733767542581923,102.42791938781738,0.0,102.42791938781738,12,0.0,,-0.16928182806633996,-0.013170815255684079,-0.09058135266561221,-3.6545934839119303,{},0.0005560453546357434,0.00016537918398621442,Tier 4 - residual,,,,[],low measured redundancy; not a demonstrated substitute
159,YEARS_BUILD_AVG,Application property,numeric,"Normalized information about building where the client lives, What is average (_AVG suffix), modus (_MODE suffix), median (_MEDI suffix) apartment size, common area, living area, age of building, number of elevators, number of entrances, state of the building, number of floor",median imputation + missingness indicator when needed + LightGBM splits,context-dependent,No defensible monotonic sign follows from the field alone.,mixed / weak marginal direction,0.001469166705060685,0.0002597021722374824,0.0017288688772981674,318.2560091018677,43.666099548339844,361.9221086502075,33,0.6667895159017495,0.0005932417028064809,0.01842136887646286,-0.029171324819296848,0.008892047885446664,-1.9897982956604583,{},0.0005544742789245836,0.0005843561340782281,Tier 4 - residual,YEARS_BUILD_MEDI,0.9983391509166388,Spearman rho,"[{""feature"": ""YEARS_BUILD_MEDI"", ""absolute_association"": 0.998339, ""method"": ""Spearman rho""}, {""feature"": ""YEARS_BUILD_MODE"", ""absolute_association"": 0.988637, ""method"": ""Spearman rho""}, {""feature"": ""YEARS_BEGINEXPLUATATION_AVG"", ""absolute_association"": 0.986044, ""method"": ""Spearman rho""}, {""feature"": ""YEARS_BEGINEXPLUATATION_MEDI"", ""absolute_association"": 0.983925, ""method"": ""Spearman rho""}, {""feature"": ""YEARS_BEGINEXPLUATATION_MODE"", ""absolute_association"": 0.9693, ""method"": ""Spearman rho""}]",high redundancy candidate; validate with grouped ablation before removing
160,BB_DELINQUENT_MONTHS,Bureau monthly status,numeric,Bureau monthly status aggregate: delinquent months.,median imputation + missingness indicator when needed + LightGBM splits,higher -> more risk,"More arrears, burden, utilization, refusals, or missingness should raise risk.",higher -> less risk,0.0003974355848454135,0.001273609299444833,0.0016710448842902465,104.36525011062622,24.80199956893921,129.16724967956543,13,0.6979209573568625,0.0023428116280095265,-0.7644126380460706,0.05498715621860882,-0.002493687631328517,3.355323353950884,{},0.0005359292537647157,0.00020855226267820547,Tier 4 - residual,BB_DELINQUENT_MONTH_RATE,0.9801602124890298,Spearman rho,"[{""feature"": ""BB_DELINQUENT_MONTH_RATE"", ""absolute_association"": 0.98016, ""method"": ""Spearman rho""}, {""feature"": ""BB_MAX_DELINQUENCY_LEVEL"", ""absolute_association"": 0.977015, ""method"": ""Spearman rho""}, {""feature"": ""BB_RECENT_12M_DELINQUENT_MONTHS"", ""absolute_association"": 0.678324, ""method"": ""Spearman rho""}]",high redundancy candidate; validate with grouped ablation before removing
161,CC_ACTIVE_MONTH_COUNT,Credit card history,numeric,Credit card history aggregate: active month count.,median imputation + missingness indicator when needed + LightGBM splits,context-dependent,A larger count can mean deeper history or greater credit exposure; composition and recency matter.,mixed / weak marginal direction,0.0016448637363089397,0.0,0.0016448637363089397,648.8142976760864,0.0,648.8142976760864,45,0.7222884644568257,0.0,0.077311399019135,-0.04867759958682878,0.002517234146890483,-3.5906772677668646,{},0.0005275325654218499,0.0010475696445809298,Tier 4 - residual,CC_MONTH_COUNT,0.9891483138795639,Spearman rho,"[{""feature"": ""CC_MONTH_COUNT"", ""absolute_association"": 0.989148, ""method"": ""Spearman rho""}, {""feature"": ""CC_OLDEST_MONTH"", ""absolute_association"": 0.987193, ""method"": ""Spearman rho""}, {""feature"": ""INST_UNIQUE_NUMBER_COUNT"", ""absolute_association"": 0.76494, ""method"": ""Spearman rho""}, {""feature"": ""INST_PAYMENT_COUNT"", ""absolute_association"": 0.720033, ""method"": ""Spearman rho""}, {""feature"": ""INST_DAYS_SINCE_DUE_MAX"", ""absolute_association"": 0.63649, ""method"": ""Spearman rho""}]",high redundancy candidate; validate with grouped ablation before removing
162,ENTRANCES_AVG,Application property,numeric,"Normalized information about building where the client lives, What is average (_AVG suffix), modus (_MODE suffix), median (_MEDI suffix) apartment size, common area, living area, age of building, number of elevators, number of entrances, state of the building, number of floor",median imputation + missingness indicator when needed + LightGBM splits,context-dependent,No defensible monotonic sign follows from the field alone.,higher -> less risk,0.0016409069222880278,0.0,0.0016409069222880278,283.5880489349365,0.0,283.5880489349365,28,0.5064929433954083,0.0,-0.7632340874453717,-0.01853030010340056,-0.0076777788541618,-1.3477710228546256,{},0.000526263555591265,0.00045787867606222806,Tier 4 - residual,ENTRANCES_MEDI,0.9936141387113139,Spearman rho,"[{""feature"": ""ENTRANCES_MEDI"", ""absolute_association"": 0.993614, ""method"": ""Spearman rho""}, {""feature"": ""ENTRANCES_MODE"", ""absolute_association"": 0.958756, ""method"": ""Spearman rho""}, {""feature"": ""BASEMENTAREA_AVG"", ""absolute_association"": 0.653847, ""method"": ""Spearman rho""}, {""feature"": ""BASEMENTAREA_MEDI"", ""absolute_association"": 0.653743, ""method"": ""Spearman rho""}, {""feature"": ""BASEMENTAREA_MODE"", ""absolute_association"": 0.637037, ""method"": ""Spearman rho""}]",high redundancy candidate; validate with grouped ablation before removing
163,NONLIVINGAPARTMENTS_MEDI,Application property,numeric,"Normalized information about building where the client lives, What is average (_AVG suffix), modus (_MODE suffix), median (_MEDI suffix) apartment size, common area, living area, age of building, number of elevators, number of entrances, state of the building, number of floor",median imputation + missingness indicator when needed + LightGBM splits,context-dependent,No defensible monotonic sign follows from the field alone.,higher -> more risk,0.0016177597693296131,0.0,0.0016177597693296131,211.6719298362732,0.0,211.6719298362732,23,0.6959047846163852,0.0,0.8046123109825908,-0.013126864972854346,0.007852045682223498,-0.5368673302080615,{},0.0005188399151322896,0.0003417635664019323,Tier 4 - residual,NONLIVINGAPARTMENTS_AVG,0.9799149669225349,Spearman rho,"[{""feature"": ""NONLIVINGAPARTMENTS_AVG"", ""absolute_association"": 0.979915, ""method"": ""Spearman rho""}, {""feature"": ""NONLIVINGAPARTMENTS_MODE"", ""absolute_association"": 0.950519, ""method"": ""Spearman rho""}, {""feature"": ""NONLIVINGAREA_MEDI"", ""absolute_association"": 0.682832, ""method"": ""Spearman rho""}, {""feature"": ""NONLIVINGAREA_AVG"", ""absolute_association"": 0.665675, ""method"": ""Spearman rho""}, {""feature"": ""NONLIVINGAREA_MODE"", ""absolute_association"": 0.656687, ""method"": ""Spearman rho""}]",high redundancy candidate; validate with grouped ablation before removing
164,YEARS_BEGINEXPLUATATION_MEDI,Application property,numeric,"Normalized information about building where the client lives, What is average (_AVG suffix), modus (_MODE suffix), median (_MEDI suffix) apartment size, common area, living area, age of building, number of elevators, number of entrances, state of the building, number of floor",median imputation + missingness indicator when needed + LightGBM splits,context-dependent,No defensible monotonic sign follows from the field alone.,higher -> less risk,0.0015522242660089291,0.0,0.0015522242660089291,419.31668186187744,0.0,419.31668186187744,38,0.4897999002753268,0.0,-0.6344033012883302,-0.026135667627644237,-0.005312607977538205,-1.4915512487329898,{},0.0004978216925100607,0.0006770248882588579,Tier 4 - residual,YEARS_BEGINEXPLUATATION_AVG,0.9976187872331035,Spearman rho,"[{""feature"": ""YEARS_BEGINEXPLUATATION_AVG"", ""absolute_association"": 0.997619, ""method"": ""Spearman rho""}, {""feature"": ""YEARS_BEGINEXPLUATATION_MODE"", ""absolute_association"": 0.98718, ""method"": ""Spearman rho""}, {""feature"": ""YEARS_BUILD_MEDI"", ""absolute_association"": 0.985601, ""method"": ""Spearman rho""}, {""feature"": ""YEARS_BUILD_AVG"", ""absolute_association"": 0.983925, ""method"": ""Spearman rho""}, {""feature"": ""YEARS_BUILD_MODE"", ""absolute_association"": 0.975302, ""method"": ""Spearman rho""}]",high redundancy candidate; validate with grouped ablation before removing
165,LANDAREA_MODE,Application property,numeric,"Normalized information about building where the client lives, What is average (_AVG suffix), modus (_MODE suffix), median (_MEDI suffix) apartment size, common area, living area, age of building, number of elevators, number of entrances, state of the building, number of floor",median imputation + missingness indicator when needed + LightGBM splits,context-dependent,No defensible monotonic sign follows from the field alone.,higher -> less risk,0.0015457441097963033,0.0,0.0015457441097963033,839.0717339515686,0.0,839.0717339515686,82,0.5957682051726755,0.0,-0.3439379139452146,-0.0069933261393391325,-0.0026642870377212415,-0.3385132967339416,{},0.0004957434088469702,0.0013547575650874044,Tier 4 - residual,LANDAREA_MEDI,0.9686786845165014,Spearman rho,"[{""feature"": ""LANDAREA_MEDI"", ""absolute_association"": 0.968679, ""method"": ""Spearman rho""}, {""feature"": ""LANDAREA_AVG"", ""absolute_association"": 0.965389, ""method"": ""Spearman rho""}]",high redundancy candidate; validate with grouped ablation before removing
166,POS_DPD_DEF_MONTH_RATE,POS/cash loan history,numeric,POS/cash loan history aggregate: dpd def month rate.,median imputation + missingness indicator when needed + LightGBM splits,higher -> more risk,"More arrears, burden, utilization, refusals, or missingness should raise risk.",higher -> more risk,0.0015421472093397645,0.0,0.0015421472093397645,938.9939942359924,0.0,938.9939942359924,62,0.06035510655364537,0.0,0.3739035194488325,0.04666643309275129,0.000726376964984227,0.4730972679581738,{},0.0004945898287153643,0.0015160911347494822,Tier 4 - residual,POS_DPD_DEF_MEAN,0.9978679380554039,Spearman rho,"[{""feature"": ""POS_DPD_DEF_MEAN"", ""absolute_association"": 0.997868, ""method"": ""Spearman rho""}, {""feature"": ""POS_DPD_DEF_MONTH_COUNT"", ""absolute_association"": 0.997608, ""method"": ""Spearman rho""}, {""feature"": ""POS_DPD_DEF_MAX"", ""absolute_association"": 0.994409, ""method"": ""Spearman rho""}, {""feature"": ""POS_DPD_MONTH_RATE"", ""absolute_association"": 0.814259, ""method"": ""Spearman rho""}, {""feature"": ""POS_DPD_MONTH_COUNT"", ""absolute_association"": 0.813271, ""method"": ""Spearman rho""}]",high redundancy candidate; validate with grouped ablation before removing
167,BUREAU_SOLD_COUNT,Credit bureau,numeric,Credit bureau aggregate: sold count.,median imputation + missingness indicator when needed + LightGBM splits,context-dependent,A larger count can mean deeper history or greater credit exposure; composition and recency matter.,higher -> more risk,0.0015274783354300124,0.0,0.0015274783354300124,206.30780959129333,0.0,206.30780959129333,22,0.1424762069937347,0.0,0.19746732235952685,0.017372208556118596,0.0008312292839625743,0.06450979545026964,{},0.0004898852999968786,0.00033310270680212073,Tier 4 - residual,,,,[],low measured redundancy; not a demonstrated substitute
168,POS_DPD_MONTH_RATE,POS/cash loan history,numeric,POS/cash loan history aggregate: dpd month rate.,median imputation + missingness indicator when needed + LightGBM splits,higher -> more risk,"More arrears, burden, utilization, refusals, or missingness should raise risk.",mixed / weak marginal direction,0.0014918033241650246,0.0,0.0014918033241650246,618.0316898822784,0.0,618.0316898822784,45,0.06035510655364537,0.0,-0.10922129895428996,0.04155909315315166,-0.0002008332065929195,0.5082081062690924,{},0.00047844378675864293,0.0009978683269291223,Tier 4 - residual,POS_DPD_MEAN,0.9967344476225403,Spearman rho,"[{""feature"": ""POS_DPD_MEAN"", ""absolute_association"": 0.996734, ""method"": ""Spearman rho""}, {""feature"": ""POS_DPD_MONTH_COUNT"", ""absolute_association"": 0.996371, ""method"": ""Spearman rho""}, {""feature"": ""POS_DPD_SUM"", ""absolute_association"": 0.994146, ""method"": ""Spearman rho""}, {""feature"": ""POS_DPD_MAX"", ""absolute_association"": 0.991316, ""method"": ""Spearman rho""}, {""feature"": ""POS_DPD_DEF_MONTH_RATE"", ""absolute_association"": 0.814259, ""method"": ""Spearman rho""}]",high redundancy candidate; validate with grouped ablation before removing
169,POS_COMPLETED_MONTH_COUNT,POS/cash loan history,numeric,POS/cash loan history aggregate: completed month count.,median imputation + missingness indicator when needed + LightGBM splits,context-dependent,A larger count can mean deeper history or greater credit exposure; composition and recency matter.,higher -> more risk,0.0014165053144867227,0.0,0.0014165053144867227,455.7051510810852,0.0,455.7051510810852,42,0.06035510655364537,0.0,0.42884688934876536,-0.048216019231804186,0.0025669010522930504,-3.062916268684085,{},0.00045429458136252295,0.0007357773786144886,Tier 4 - residual,POS_CONTRACT_COUNT,0.8639422705265067,Spearman rho,"[{""feature"": ""POS_CONTRACT_COUNT"", ""absolute_association"": 0.863942, ""method"": ""Spearman rho""}, {""feature"": ""INST_CONTRACT_COUNT"", ""absolute_association"": 0.840292, ""method"": ""Spearman rho""}, {""feature"": ""PREV_APPROVED_COUNT"", ""absolute_association"": 0.806465, ""method"": ""Spearman rho""}, {""feature"": ""POS_MONTH_COUNT"", ""absolute_association"": 0.745134, ""method"": ""Spearman rho""}, {""feature"": ""POS_ACTIVE_MONTH_COUNT"", ""absolute_association"": 0.707074, ""method"": ""Spearman rho""}]",partial substitute candidate; important interactions may still differ
170,FLOORSMAX_AVG,Application property,numeric,"Normalized information about building where the client lives, What is average (_AVG suffix), modus (_MODE suffix), median (_MEDI suffix) apartment size, common area, living area, age of building, number of elevators, number of entrances, state of the building, number of floor",median imputation + missingness indicator when needed + LightGBM splits,context-dependent,No defensible monotonic sign follows from the field alone.,higher -> less risk,0.0014106348002071833,0.0,0.0014106348002071833,437.68586778640747,0.0,437.68586778640747,30,0.5007696143256661,0.0,-0.607220246044857,-0.036301513600117644,-0.0029844943455302414,-1.7256483039691524,{},0.0004524118190461864,0.0007066836082333178,Tier 4 - residual,FLOORSMAX_MEDI,0.994974618971248,Spearman rho,"[{""feature"": ""FLOORSMAX_MEDI"", ""absolute_association"": 0.994975, ""method"": ""Spearman rho""}, {""feature"": ""FLOORSMAX_MODE"", ""absolute_association"": 0.981033, ""method"": ""Spearman rho""}, {""feature"": ""ELEVATORS_AVG"", ""absolute_association"": 0.847763, ""method"": ""Spearman rho""}, {""feature"": ""ELEVATORS_MEDI"", ""absolute_association"": 0.843455, ""method"": ""Spearman rho""}, {""feature"": ""ELEVATORS_MODE"", ""absolute_association"": 0.829768, ""method"": ""Spearman rho""}]",high redundancy candidate; validate with grouped ablation before removing
171,NONLIVINGAPARTMENTS_AVG,Application property,numeric,"Normalized information about building where the client lives, What is average (_AVG suffix), modus (_MODE suffix), median (_MEDI suffix) apartment size, common area, living area, age of building, number of elevators, number of entrances, state of the building, number of floor",median imputation + missingness indicator when needed + LightGBM splits,context-dependent,No defensible monotonic sign follows from the field alone.,higher -> more risk,0.001408199164219193,0.0,0.001408199164219193,263.79904985427856,0.0,263.79904985427856,29,0.6959047846163852,0.0,0.8265253830858419,-0.012467964470344645,0.006356828862127287,-0.48732296256945723,{},0.0004516306739137261,0.00042592753872171496,Tier 4 - residual,NONLIVINGAPARTMENTS_MEDI,0.9799149669225349,Spearman rho,"[{""feature"": ""NONLIVINGAPARTMENTS_MEDI"", ""absolute_association"": 0.979915, ""method"": ""Spearman rho""}, {""feature"": ""NONLIVINGAPARTMENTS_MODE"", ""absolute_association"": 0.929357, ""method"": ""Spearman rho""}, {""feature"": ""NONLIVINGAREA_AVG"", ""absolute_association"": 0.681168, ""method"": ""Spearman rho""}, {""feature"": ""NONLIVINGAREA_MEDI"", ""absolute_association"": 0.672035, ""method"": ""Spearman rho""}, {""feature"": ""NONLIVINGAREA_MODE"", ""absolute_association"": 0.638195, ""method"": ""Spearman rho""}]",high redundancy candidate; validate with grouped ablation before removing
172,PREV_APPLICATION_COUNT,Previous applications,numeric,Previous applications aggregate: application count.,median imputation + missingness indicator when needed + LightGBM splits,context-dependent,A larger count can mean deeper history or greater credit exposure; composition and recency matter.,mixed / weak marginal direction,0.0013679853597650552,0.0,0.0013679853597650552,551.3855285644531,0.0,551.3855285644531,55,0.054328267608992564,0.0,0.0952244560445344,0.005582697611190876,0.001352817749207124,0.29895056881968224,{},0.00043873350136333097,0.0008902620430132694,Tier 4 - residual,PREV_UNIQUE_APPLICATION_COUNT,1.0,Spearman rho,"[{""feature"": ""PREV_UNIQUE_APPLICATION_COUNT"", ""absolute_association"": 1.0, ""method"": ""Spearman rho""}, {""feature"": ""PREV_APPROVED_COUNT"", ""absolute_association"": 0.830616, ""method"": ""Spearman rho""}, {""feature"": ""PREV_CREDIT_SUM"", ""absolute_association"": 0.798338, ""method"": ""Spearman rho""}, {""feature"": ""INST_CONTRACT_COUNT"", ""absolute_association"": 0.792211, ""method"": ""Spearman rho""}, {""feature"": ""PREV_CASH_LOAN_COUNT"", ""absolute_association"": 0.781299, ""method"": ""Spearman rho""}]",high redundancy candidate; validate with grouped ablation before removing
173,CC_BALANCE_SUM,Credit card history,numeric,Credit card history aggregate: balance sum.,median imputation + missingness indicator when needed + LightGBM splits,context-dependent,A larger count can mean deeper history or greater credit exposure; composition and recency matter.,higher -> more risk,0.001367076848006213,0.0,0.001367076848006213,277.3718934059143,0.0,277.3718934059143,29,0.7222884644568257,0.0,0.4500756712011577,0.04533431395299525,0.0013585204752525947,2.89083135896864,{},0.00043844212796365144,0.00044784212806764525,Tier 4 - residual,CC_BALANCE_MEAN,0.897935815738399,Spearman rho,"[{""feature"": ""CC_BALANCE_MEAN"", ""absolute_association"": 0.897936, ""method"": ""Spearman rho""}, {""feature"": ""CC_RECEIVABLE_MEAN"", ""absolute_association"": 0.896758, ""method"": ""Spearman rho""}, {""feature"": ""CC_PAYMENT_TOTAL_SUM"", ""absolute_association"": 0.894484, ""method"": ""Spearman rho""}, {""feature"": ""CC_RECEIVABLE_MAX"", ""absolute_association"": 0.89131, ""method"": ""Spearman rho""}, {""feature"": ""CC_BALANCE_MAX"", ""absolute_association"": 0.890348, ""method"": ""Spearman rho""}]",partial substitute candidate; important interactions may still differ
174,NONLIVINGAREA_MEDI,Application property,numeric,"Normalized information about building where the client lives, What is average (_AVG suffix), modus (_MODE suffix), median (_MEDI suffix) apartment size, common area, living area, age of building, number of elevators, number of entrances, state of the building, number of floor",median imputation + missingness indicator when needed + LightGBM splits,context-dependent,No defensible monotonic sign follows from the field alone.,mixed / weak marginal direction,0.0013319836165979115,2.9821260034465265e-05,0.0013618048766323768,459.241069316864,21.455480098724365,480.6965494155884,44,0.5552929954256726,-7.087879068098868e-06,-0.030121696565591917,-0.015035579318648228,0.0004265505315969345,-0.9033763620211861,{},0.00043675132736887927,0.0007761282623182354,Tier 4 - residual,NONLIVINGAREA_AVG,0.9802659013258164,Spearman rho,"[{""feature"": ""NONLIVINGAREA_AVG"", ""absolute_association"": 0.980266, ""method"": ""Spearman rho""}, {""feature"": ""NONLIVINGAREA_MODE"", ""absolute_association"": 0.938479, ""method"": ""Spearman rho""}, {""feature"": ""NONLIVINGAPARTMENTS_MEDI"", ""absolute_association"": 0.682832, ""method"": ""Spearman rho""}, {""feature"": ""NONLIVINGAPARTMENTS_AVG"", ""absolute_association"": 0.672035, ""method"": ""Spearman rho""}, {""feature"": ""NONLIVINGAPARTMENTS_MODE"", ""absolute_association"": 0.64933, ""method"": ""Spearman rho""}]",high redundancy candidate; validate with grouped ablation before removing
175,BB_DEFAULT_MONTHS,Bureau monthly status,numeric,Bureau monthly status aggregate: default months.,median imputation + missingness indicator when needed + LightGBM splits,higher -> more risk,"More arrears, burden, utilization, refusals, or missingness should raise risk.",higher -> more risk,5.567146268547747e-05,0.0012957661445155866,0.0013514376072010642,23.021960258483887,28.652610301971436,51.67457056045532,5,0.6979209573568625,0.002590514534401828,0.21775850168691882,0.014118714682376484,0.00010626814274494376,0.06204725602692446,{},0.0004334263879718977,8.34332900951476e-05,Tier 4 - residual,BB_SEVERE_DELINQUENT_MONTHS,0.8110553031773896,Spearman rho,"[{""feature"": ""BB_SEVERE_DELINQUENT_MONTHS"", ""absolute_association"": 0.811055, ""method"": ""Spearman rho""}, {""feature"": ""BB_SEVERE_DELINQUENT_MONTH_RATE"", ""absolute_association"": 0.809917, ""method"": ""Spearman rho""}]",partial substitute candidate; important interactions may still differ
176,INST_LATE_PAYMENT_COUNT,Installment repayments,numeric,Installment repayments aggregate: late payment count.,median imputation + missingness indicator when needed + LightGBM splits,higher -> more risk,"More arrears, burden, utilization, refusals, or missingness should raise risk.",higher -> more risk,0.0013292873260490894,0.0,0.0013292873260490894,509.34649991989136,0.0,509.34649991989136,47,0.05263728402020509,0.0,0.16471171686122832,0.04675375176264855,-0.0006489355720684938,2.9495790468951593,{},0.0004263224593102217,0.0008223862109709599,Tier 4 - residual,INST_LATE_DAYS_SUM,0.9642742021730394,Spearman rho,"[{""feature"": ""INST_LATE_DAYS_SUM"", ""absolute_association"": 0.964274, ""method"": ""Spearman rho""}, {""feature"": ""INST_LATE_PAYMENT_RATE"", ""absolute_association"": 0.943765, ""method"": ""Spearman rho""}, {""feature"": ""INST_LATE_DAYS_MEAN"", ""absolute_association"": 0.929579, ""method"": ""Spearman rho""}, {""feature"": ""INST_LATE_DAYS_MAX"", ""absolute_association"": 0.923089, ""method"": ""Spearman rho""}, {""feature"": ""INST_SHORT_PAYMENT_COUNT"", ""absolute_association"": 0.863611, ""method"": ""Spearman rho""}]",high redundancy candidate; validate with grouped ablation before removing
177,PREV_CONSUMER_LOAN_COUNT,Previous applications,numeric,Previous applications aggregate: consumer loan count.,median imputation + missingness indicator when needed + LightGBM splits,context-dependent,A larger count can mean deeper history or greater credit exposure; composition and recency matter.,higher -> more risk,0.0012999291905513007,0.0,0.0012999291905513007,394.93484711647034,0.0,394.93484711647034,41,0.054328267608992564,0.0,0.18229065731686306,-0.038710361239169,0.0007169725817883603,-2.204753598850938,{},0.00041690686323786605,0.0006376582003637825,Tier 4 - residual,POS_CONTRACT_COUNT,0.6155481723336212,Spearman rho,"[{""feature"": ""POS_CONTRACT_COUNT"", ""absolute_association"": 0.615548, ""method"": ""Spearman rho""}, {""feature"": ""PREV_APPROVED_COUNT"", ""absolute_association"": 0.605642, ""method"": ""Spearman rho""}, {""feature"": ""INST_CONTRACT_COUNT"", ""absolute_association"": 0.583162, ""method"": ""Spearman rho""}, {""feature"": ""POS_COMPLETED_MONTH_COUNT"", ""absolute_association"": 0.529173, ""method"": ""Spearman rho""}, {""feature"": ""PREV_APPLICATION_COUNT"", ""absolute_association"": 0.508939, ""method"": ""Spearman rho""}]","related signal, but too weak to treat as a substitute"
178,FLAG_DOCUMENT_13,Application documents,numeric,Did client provide document 13,median imputation + missingness indicator when needed + LightGBM splits,context-dependent,No defensible monotonic sign follows from the field alone.,non-monotonic; upper values net less risk,0.0012877996341881305,0.0,0.0012877996341881305,63.90507960319519,0.0,63.90507960319519,14,0.0,,-0.11464979713143257,-0.013692003089927155,-0.16705353394067285,-5.635107993802569,{},0.000413016731888718,0.00010318055839185097,Tier 4 - residual,,,,[],low measured redundancy; not a demonstrated substitute
179,NONLIVINGAREA_MODE,Application property,numeric,"Normalized information about building where the client lives, What is average (_AVG suffix), modus (_MODE suffix), median (_MEDI suffix) apartment size, common area, living area, age of building, number of elevators, number of entrances, state of the building, number of floor",median imputation + missingness indicator when needed + LightGBM splits,context-dependent,No defensible monotonic sign follows from the field alone.,mixed / weak marginal direction,0.001280405938455486,0.0,0.001280405938455486,390.3145408630371,0.0,390.3145408630371,38,0.5552929954256726,0.0,-0.0714640126967087,-0.013181689707442242,0.0021636615243875003,-0.7537859390683694,{},0.00041064546234724036,0.0006301982960474006,Tier 4 - residual,NONLIVINGAREA_MEDI,0.9384789799083971,Spearman rho,"[{""feature"": ""NONLIVINGAREA_MEDI"", ""absolute_association"": 0.938479, ""method"": ""Spearman rho""}, {""feature"": ""NONLIVINGAREA_AVG"", ""absolute_association"": 0.914563, ""method"": ""Spearman rho""}, {""feature"": ""NONLIVINGAPARTMENTS_MODE"", ""absolute_association"": 0.694456, ""method"": ""Spearman rho""}, {""feature"": ""NONLIVINGAPARTMENTS_MEDI"", ""absolute_association"": 0.656687, ""method"": ""Spearman rho""}, {""feature"": ""NONLIVINGAPARTMENTS_AVG"", ""absolute_association"": 0.638195, ""method"": ""Spearman rho""}]",high redundancy candidate; validate with grouped ablation before removing
180,YEARS_BUILD_MEDI,Application property,numeric,"Normalized information about building where the client lives, What is average (_AVG suffix), modus (_MODE suffix), median (_MEDI suffix) apartment size, common area, living area, age of building, number of elevators, number of entrances, state of the building, number of floor",median imputation + missingness indicator when needed + LightGBM splits,context-dependent,No defensible monotonic sign follows from the field alone.,higher -> less risk,0.0012687187344815195,0.0,0.0012687187344815195,217.74360036849976,0.0,217.74360036849976,18,0.6667895159017495,0.0,-0.6479323294171832,-0.0291224315419099,-0.007982051615751861,-2.018189408558266,{},0.0004068972000693996,0.0003515668302391181,Tier 4 - residual,YEARS_BUILD_AVG,0.9983391509166388,Spearman rho,"[{""feature"": ""YEARS_BUILD_AVG"", ""absolute_association"": 0.998339, ""method"": ""Spearman rho""}, {""feature"": ""YEARS_BUILD_MODE"", ""absolute_association"": 0.98915, ""method"": ""Spearman rho""}, {""feature"": ""YEARS_BEGINEXPLUATATION_MEDI"", ""absolute_association"": 0.985601, ""method"": ""Spearman rho""}, {""feature"": ""YEARS_BEGINEXPLUATATION_AVG"", ""absolute_association"": 0.984502, ""method"": ""Spearman rho""}, {""feature"": ""YEARS_BEGINEXPLUATATION_MODE"", ""absolute_association"": 0.969938, ""method"": ""Spearman rho""}]",high redundancy candidate; validate with grouped ablation before removing
181,POS_DPD_DEF_MONTH_COUNT,POS/cash loan history,numeric,POS/cash loan history aggregate: dpd def month count.,median imputation + missingness indicator when needed + LightGBM splits,higher -> more risk,"More arrears, burden, utilization, refusals, or missingness should raise risk.",mixed / weak marginal direction,0.0011693694858004675,0.0,0.0011693694858004675,166.56350922584534,0.0,166.56350922584534,19,0.06035510655364537,0.0,-0.10638584859573418,0.04389974786764983,-0.00046959836526356494,0.4730972679581738,{},0.00037503440020790095,0.00026893192209981467,Tier 4 - residual,POS_DPD_DEF_MONTH_RATE,0.9976080458665806,Spearman rho,"[{""feature"": ""POS_DPD_DEF_MONTH_RATE"", ""absolute_association"": 0.997608, ""method"": ""Spearman rho""}, {""feature"": ""POS_DPD_DEF_MEAN"", ""absolute_association"": 0.996245, ""method"": ""Spearman rho""}, {""feature"": ""POS_DPD_DEF_MAX"", ""absolute_association"": 0.994795, ""method"": ""Spearman rho""}, {""feature"": ""POS_DPD_MONTH_COUNT"", ""absolute_association"": 0.815984, ""method"": ""Spearman rho""}, {""feature"": ""POS_DPD_MONTH_RATE"", ""absolute_association"": 0.811962, ""method"": ""Spearman rho""}]",high redundancy candidate; validate with grouped ablation before removing
182,CC_DPD_MONTH_RATE,Credit card history,numeric,Credit card history aggregate: dpd month rate.,median imputation + missingness indicator when needed + LightGBM splits,higher -> more risk,"More arrears, burden, utilization, refusals, or missingness should raise risk.",higher -> less risk,0.0011082320510374685,0.0,0.0011082320510374685,181.4679193496704,0.0,181.4679193496704,17,0.7222884644568257,0.0,-0.3344672481816178,-0.017043507110776603,-0.00203619271559817,-0.28699127998615265,{},0.0003554267043897604,0.0002929964466826232,Tier 4 - residual,CC_DPD_MONTH_COUNT,0.9973018874566291,Spearman rho,"[{""feature"": ""CC_DPD_MONTH_COUNT"", ""absolute_association"": 0.997302, ""method"": ""Spearman rho""}, {""feature"": ""CC_DPD_MEAN"", ""absolute_association"": 0.997278, ""method"": ""Spearman rho""}, {""feature"": ""CC_DPD_MAX"", ""absolute_association"": 0.992158, ""method"": ""Spearman rho""}, {""feature"": ""CC_DPD_DEF_MONTH_RATE"", ""absolute_association"": 0.895502, ""method"": ""Spearman rho""}, {""feature"": ""CC_DPD_DEF_MONTH_COUNT"", ""absolute_association"": 0.894342, ""method"": ""Spearman rho""}]",high redundancy candidate; validate with grouped ablation before removing
183,COMMONAREA_MODE,Application property,numeric,"Normalized information about building where the client lives, What is average (_AVG suffix), modus (_MODE suffix), median (_MEDI suffix) apartment size, common area, living area, age of building, number of elevators, number of entrances, state of the building, number of floor",median imputation + missingness indicator when needed + LightGBM splits,context-dependent,No defensible monotonic sign follows from the field alone.,mixed / weak marginal direction,0.001080083896549399,0.0,0.001080083896549399,440.515248298645,0.0,440.515248298645,45,0.7005007912936024,0.0,-0.13255818679721026,-0.013165431181291808,0.0020293110374678073,-0.7117168564440071,{},0.0003463991674447834,0.0007112519001902078,Tier 4 - residual,COMMONAREA_MEDI,0.9727013456856202,Spearman rho,"[{""feature"": ""COMMONAREA_MEDI"", ""absolute_association"": 0.972701, ""method"": ""Spearman rho""}, {""feature"": ""COMMONAREA_AVG"", ""absolute_association"": 0.968584, ""method"": ""Spearman rho""}, {""feature"": ""TOTALAREA_MODE"", ""absolute_association"": 0.595429, ""method"": ""Spearman rho""}, {""feature"": ""LIVINGAPARTMENTS_MODE"", ""absolute_association"": 0.573582, ""method"": ""Spearman rho""}, {""feature"": ""LIVINGAREA_MODE"", ""absolute_association"": 0.571908, ""method"": ""Spearman rho""}]",high redundancy candidate; validate with grouped ablation before removing
184,CC_MONTH_COUNT,Credit card history,numeric,Credit card history aggregate: month count.,median imputation + missingness indicator when needed + LightGBM splits,context-dependent,A larger count can mean deeper history or greater credit exposure; composition and recency matter.,higher -> more risk,0.0010702455020325068,0.0,0.0010702455020325068,239.44653272628784,0.0,239.44653272628784,19,0.7222884644568257,0.0,0.44790205771709146,-0.051557945101372765,0.0030532945114374334,-3.866593366318491,{},0.00034324384619563545,0.00038660818678419595,Tier 4 - residual,CC_OLDEST_MONTH,0.9979299038565534,Spearman rho,"[{""feature"": ""CC_OLDEST_MONTH"", ""absolute_association"": 0.99793, ""method"": ""Spearman rho""}, {""feature"": ""CC_ACTIVE_MONTH_COUNT"", ""absolute_association"": 0.989148, ""method"": ""Spearman rho""}, {""feature"": ""INST_UNIQUE_NUMBER_COUNT"", ""absolute_association"": 0.760128, ""method"": ""Spearman rho""}, {""feature"": ""INST_PAYMENT_COUNT"", ""absolute_association"": 0.718754, ""method"": ""Spearman rho""}, {""feature"": ""INST_DAYS_SINCE_DUE_MAX"", ""absolute_association"": 0.645283, ""method"": ""Spearman rho""}]",high redundancy candidate; validate with grouped ablation before removing
185,ELEVATORS_MEDI,Application property,numeric,"Normalized information about building where the client lives, What is average (_AVG suffix), modus (_MODE suffix), median (_MEDI suffix) apartment size, common area, living area, age of building, number of elevators, number of entrances, state of the building, number of floor",median imputation + missingness indicator when needed + LightGBM splits,context-dependent,No defensible monotonic sign follows from the field alone.,higher -> less risk,0.0010504380612373495,0.0,0.0010504380612373495,68.97908067703247,0.0,68.97908067703247,6,0.5358683634313959,0.0,-0.7210724021384285,-0.03167946032432708,-0.0033164263212583597,-1.8246730785967022,{},0.000336891301710365,0.00011137299422528049,Tier 4 - residual,ELEVATORS_AVG,0.9907645159615391,Spearman rho,"[{""feature"": ""ELEVATORS_AVG"", ""absolute_association"": 0.990765, ""method"": ""Spearman rho""}, {""feature"": ""ELEVATORS_MODE"", ""absolute_association"": 0.978065, ""method"": ""Spearman rho""}, {""feature"": ""FLOORSMAX_MEDI"", ""absolute_association"": 0.844748, ""method"": ""Spearman rho""}, {""feature"": ""FLOORSMAX_AVG"", ""absolute_association"": 0.843455, ""method"": ""Spearman rho""}, {""feature"": ""FLOORSMAX_MODE"", ""absolute_association"": 0.823564, ""method"": ""Spearman rho""}]",high redundancy candidate; validate with grouped ablation before removing
186,PREV_APPROVED_COUNT,Previous applications,numeric,Previous applications aggregate: approved count.,median imputation + missingness indicator when needed + LightGBM splits,context-dependent,A larger count can mean deeper history or greater credit exposure; composition and recency matter.,higher -> more risk,0.000988175505072299,0.0,0.000988175505072299,276.14505100250244,0.0,276.14505100250244,22,0.054328267608992564,0.0,0.446985499900383,-0.044755115227939284,0.0009904713623002295,-3.012424104171925,{},0.00031692276251867724,0.00044586127951806443,Tier 4 - residual,INST_CONTRACT_COUNT,0.951494267047967,Spearman rho,"[{""feature"": ""INST_CONTRACT_COUNT"", ""absolute_association"": 0.951494, ""method"": ""Spearman rho""}, {""feature"": ""POS_CONTRACT_COUNT"", ""absolute_association"": 0.931444, ""method"": ""Spearman rho""}, {""feature"": ""PREV_APPLICATION_COUNT"", ""absolute_association"": 0.830616, ""method"": ""Spearman rho""}, {""feature"": ""PREV_UNIQUE_APPLICATION_COUNT"", ""absolute_association"": 0.830616, ""method"": ""Spearman rho""}, {""feature"": ""POS_MONTH_COUNT"", ""absolute_association"": 0.807603, ""method"": ""Spearman rho""}]",high redundancy candidate; validate with grouped ablation before removing
187,COMMONAREA_MEDI,Application property,numeric,"Normalized information about building where the client lives, What is average (_AVG suffix), modus (_MODE suffix), median (_MEDI suffix) apartment size, common area, living area, age of building, number of elevators, number of entrances, state of the building, number of floor",median imputation + missingness indicator when needed + LightGBM splits,context-dependent,No defensible monotonic sign follows from the field alone.,mixed / weak marginal direction,0.0009486973205065237,0.0,0.0009486973205065237,391.25057792663574,0.0,391.25057792663574,35,0.7005007912936024,0.0,0.07024869277192311,-0.01346667449187764,0.0007752129673778245,-0.6914021164021165,{},0.00030426151434202633,0.0006317096129489251,Tier 4 - residual,COMMONAREA_AVG,0.9965110270700236,Spearman rho,"[{""feature"": ""COMMONAREA_AVG"", ""absolute_association"": 0.996511, ""method"": ""Spearman rho""}, {""feature"": ""COMMONAREA_MODE"", ""absolute_association"": 0.972701, ""method"": ""Spearman rho""}, {""feature"": ""TOTALAREA_MODE"", ""absolute_association"": 0.612903, ""method"": ""Spearman rho""}, {""feature"": ""LIVINGAPARTMENTS_MEDI"", ""absolute_association"": 0.581322, ""method"": ""Spearman rho""}, {""feature"": ""LIVINGAREA_MEDI"", ""absolute_association"": 0.580804, ""method"": ""Spearman rho""}]",high redundancy candidate; validate with grouped ablation before removing
188,BUREAU_OVERDUE_MAX,Credit bureau,numeric,Credit bureau aggregate: overdue max.,median imputation + missingness indicator when needed + LightGBM splits,higher -> more risk,"More arrears, burden, utilization, refusals, or missingness should raise risk.",mixed / weak marginal direction,0.0009312106911834096,0.0,0.0009312106911834096,734.6479690074921,0.0,734.6479690074921,37,0.1424762069937347,0.0,0.09236372875380343,0.04068340126873231,0.0005060529632999007,0.12458919783676914,{},0.00029865328903814575,0.001186155907078195,Tier 4 - residual,BUREAU_OVERDUE_SUM,0.9999999082635775,Spearman rho,"[{""feature"": ""BUREAU_OVERDUE_SUM"", ""absolute_association"": 1.0, ""method"": ""Spearman rho""}, {""feature"": ""BUREAU_OVERDUE_TO_CREDIT"", ""absolute_association"": 0.999994, ""method"": ""Spearman rho""}, {""feature"": ""BUREAU_OVERDUE_CREDIT_COUNT"", ""absolute_association"": 0.941129, ""method"": ""Spearman rho""}, {""feature"": ""BUREAU_OVERDUE_RATE"", ""absolute_association"": 0.941083, ""method"": ""Spearman rho""}, {""feature"": ""BUREAU_DAYS_OVERDUE_MEAN"", ""absolute_association"": 0.940007, ""method"": ""Spearman rho""}]",high redundancy candidate; validate with grouped ablation before removing
189,BASEMENTAREA_MEDI,Application property,numeric,"Normalized information about building where the client lives, What is average (_AVG suffix), modus (_MODE suffix), median (_MEDI suffix) apartment size, common area, living area, age of building, number of elevators, number of entrances, state of the building, number of floor",median imputation + missingness indicator when needed + LightGBM splits,context-dependent,No defensible monotonic sign follows from the field alone.,higher -> less risk,0.0008500361473069694,0.0,0.0008500361473069694,352.05679988861084,0.0,352.05679988861084,32,0.5875951178268694,0.0,-0.3106592166298574,-0.017915938864512523,-0.0012999519178783722,-1.225177225631547,{},0.00027261939064715827,0.0005684276965729461,Tier 4 - residual,BASEMENTAREA_AVG,0.9952187976057677,Spearman rho,"[{""feature"": ""BASEMENTAREA_AVG"", ""absolute_association"": 0.995219, ""method"": ""Spearman rho""}, {""feature"": ""BASEMENTAREA_MODE"", ""absolute_association"": 0.964343, ""method"": ""Spearman rho""}, {""feature"": ""LIVINGAREA_MEDI"", ""absolute_association"": 0.707189, ""method"": ""Spearman rho""}, {""feature"": ""LIVINGAREA_AVG"", ""absolute_association"": 0.706444, ""method"": ""Spearman rho""}, {""feature"": ""TOTALAREA_MODE"", ""absolute_association"": 0.701514, ""method"": ""Spearman rho""}]",high redundancy candidate; validate with grouped ablation before removing
190,AMT_REQ_CREDIT_BUREAU_DAY,Application credit enquiries,numeric,Number of enquiries to Credit Bureau about the client one day before application (excluding one hour before application),median imputation + missingness indicator when needed + LightGBM splits,context-dependent,No defensible monotonic sign follows from the field alone.,mixed / weak marginal direction,0.0002874508777620829,0.0005504980934011085,0.0008379489711631914,28.830219745635986,115.75412034988403,144.58434009552002,16,0.13432479892470786,0.0022660572467021038,0.04910772704669395,0.008144948555496115,0.00012624878041524526,0.01678221160845428,{},0.00026874285127244894,0.0002334445561824657,Tier 4 - residual,,,,[],low measured redundancy; not a demonstrated substitute
191,CC_DPD_MEAN,Credit card history,numeric,Credit card history aggregate: dpd mean.,median imputation + missingness indicator when needed + LightGBM splits,higher -> more risk,"More arrears, burden, utilization, refusals, or missingness should raise risk.",higher -> more risk,0.0008329269868953964,0.0,0.0008329269868953964,366.81805753707886,0.0,366.81805753707886,36,0.7222884644568257,0.0,0.256667412249129,-0.01554403637629944,0.0011579979185640699,-0.28699127998615265,{},0.00026713222530640814,0.0005922610884753131,Tier 4 - residual,CC_DPD_MAX,0.9973795041243461,Spearman rho,"[{""feature"": ""CC_DPD_MAX"", ""absolute_association"": 0.99738, ""method"": ""Spearman rho""}, {""feature"": ""CC_DPD_MONTH_RATE"", ""absolute_association"": 0.997278, ""method"": ""Spearman rho""}, {""feature"": ""CC_DPD_MONTH_COUNT"", ""absolute_association"": 0.992585, ""method"": ""Spearman rho""}, {""feature"": ""CC_DPD_DEF_MONTH_RATE"", ""absolute_association"": 0.877437, ""method"": ""Spearman rho""}, {""feature"": ""CC_DPD_DEF_MONTH_COUNT"", ""absolute_association"": 0.875313, ""method"": ""Spearman rho""}]",high redundancy candidate; validate with grouped ablation before removing
192,NONLIVINGAPARTMENTS_MODE,Application property,numeric,"Normalized information about building where the client lives, What is average (_AVG suffix), modus (_MODE suffix), median (_MEDI suffix) apartment size, common area, living area, age of building, number of elevators, number of entrances, state of the building, number of floor",median imputation + missingness indicator when needed + LightGBM splits,context-dependent,No defensible monotonic sign follows from the field alone.,higher -> more risk,0.0008239102596575043,0.0,0.0008239102596575043,167.90760016441345,0.0,167.90760016441345,20,0.6959047846163852,0.0,0.7476836809651962,-0.013320465864670448,0.003932696377261799,-0.5449895834040333,{},0.0002642404251247177,0.0002711020790643629,Tier 4 - residual,NONLIVINGAPARTMENTS_MEDI,0.9505191718744265,Spearman rho,"[{""feature"": ""NONLIVINGAPARTMENTS_MEDI"", ""absolute_association"": 0.950519, ""method"": ""Spearman rho""}, {""feature"": ""NONLIVINGAPARTMENTS_AVG"", ""absolute_association"": 0.929357, ""method"": ""Spearman rho""}, {""feature"": ""NONLIVINGAREA_MODE"", ""absolute_association"": 0.694456, ""method"": ""Spearman rho""}, {""feature"": ""NONLIVINGAREA_MEDI"", ""absolute_association"": 0.64933, ""method"": ""Spearman rho""}, {""feature"": ""NONLIVINGAREA_AVG"", ""absolute_association"": 0.62769, ""method"": ""Spearman rho""}]",high redundancy candidate; validate with grouped ablation before removing
193,BUREAU_OVERDUE_SUM,Credit bureau,numeric,Credit bureau aggregate: overdue sum.,median imputation + missingness indicator when needed + LightGBM splits,higher -> more risk,"More arrears, burden, utilization, refusals, or missingness should raise risk.",mixed / weak marginal direction,0.0007790423913410333,0.0,0.0007790423913410333,522.5775961875916,0.0,522.5775961875916,36,0.1424762069937347,0.0,-0.010956163968950277,0.040683212469820686,0.0004697725548903784,0.12458919783676914,{},0.0002498506242217497,0.0008437490182707005,Tier 4 - residual,BUREAU_OVERDUE_MAX,0.9999999082635775,Spearman rho,"[{""feature"": ""BUREAU_OVERDUE_MAX"", ""absolute_association"": 1.0, ""method"": ""Spearman rho""}, {""feature"": ""BUREAU_OVERDUE_TO_CREDIT"", ""absolute_association"": 0.999994, ""method"": ""Spearman rho""}, {""feature"": ""BUREAU_OVERDUE_CREDIT_COUNT"", ""absolute_association"": 0.941132, ""method"": ""Spearman rho""}, {""feature"": ""BUREAU_OVERDUE_RATE"", ""absolute_association"": 0.941086, ""method"": ""Spearman rho""}, {""feature"": ""BUREAU_DAYS_OVERDUE_MEAN"", ""absolute_association"": 0.94001, ""method"": ""Spearman rho""}]",high redundancy candidate; validate with grouped ablation before removing
194,FLAG_DOCUMENT_6,Application documents,numeric,Did client provide document 6,median imputation + missingness indicator when needed + LightGBM splits,context-dependent,No defensible monotonic sign follows from the field alone.,higher -> more risk,0.0007633243559283824,0.0,0.0007633243559283824,49.218560218811035,0.0,49.218560218811035,5,0.0,,0.49181053210810227,-0.028673000884960338,0.005180338368555151,-2.738241750638383,{},0.0002448096136130327,7.946783820868522e-05,Tier 4 - residual,EMPLOYMENT_SENTINEL,0.5994511573427352,Spearman rho,"[{""feature"": ""EMPLOYMENT_SENTINEL"", ""absolute_association"": 0.599451, ""method"": ""Spearman rho""}, {""feature"": ""FLAG_EMP_PHONE"", ""absolute_association"": 0.599367, ""method"": ""Spearman rho""}]","related signal, but too weak to treat as a substitute"
195,BUREAU_CREDIT_TYPE_COUNT,Credit bureau,numeric,Credit bureau aggregate: credit type count.,median imputation + missingness indicator when needed + LightGBM splits,context-dependent,A larger count can mean deeper history or greater credit exposure; composition and recency matter.,higher -> more risk,0.000762859791513536,0.0,0.000762859791513536,201.30424976348877,0.0,201.30424976348877,17,0.1424762069937347,0.0,0.35625872836293015,-0.0035109531246313337,0.0006305705938857149,-0.11211597929685069,{},0.000244660620810676,0.0003250240047617575,Tier 4 - residual,BUREAU_CREDIT_COUNT,0.596707684475799,Spearman rho,"[{""feature"": ""BUREAU_CREDIT_COUNT"", ""absolute_association"": 0.596708, ""method"": ""Spearman rho""}, {""feature"": ""BUREAU_UNIQUE_CREDIT_COUNT"", ""absolute_association"": 0.596708, ""method"": ""Spearman rho""}, {""feature"": ""BUREAU_CREDIT_SUM"", ""absolute_association"": 0.573247, ""method"": ""Spearman rho""}, {""feature"": ""BUREAU_ACTIVE_COUNT"", ""absolute_association"": 0.564362, ""method"": ""Spearman rho""}]","related signal, but too weak to treat as a substitute"
196,POS_DPD_MAX,POS/cash loan history,numeric,POS/cash loan history aggregate: dpd max.,median imputation + missingness indicator when needed + LightGBM splits,higher -> more risk,"More arrears, burden, utilization, refusals, or missingness should raise risk.",mixed / weak marginal direction,0.0006875751273482884,0.0,0.0006875751273482884,448.10050344467163,0.0,448.10050344467163,37,0.06035510655364537,0.0,0.09839809220023654,0.038135263193167894,0.00013810156305079133,0.5082081062690924,{},0.00022051569552152355,0.0007234989839333373,Tier 4 - residual,POS_DPD_SUM,0.9987760545248721,Spearman rho,"[{""feature"": ""POS_DPD_SUM"", ""absolute_association"": 0.998776, ""method"": ""Spearman rho""}, {""feature"": ""POS_DPD_MEAN"", ""absolute_association"": 0.997874, ""method"": ""Spearman rho""}, {""feature"": ""POS_DPD_MONTH_COUNT"", ""absolute_association"": 0.992338, ""method"": ""Spearman rho""}, {""feature"": ""POS_DPD_MONTH_RATE"", ""absolute_association"": 0.991316, ""method"": ""Spearman rho""}, {""feature"": ""POS_DPD_DEF_MAX"", ""absolute_association"": 0.795125, ""method"": ""Spearman rho""}]",high redundancy candidate; validate with grouped ablation before removing
197,FLOORSMAX_MEDI,Application property,numeric,"Normalized information about building where the client lives, What is average (_AVG suffix), modus (_MODE suffix), median (_MEDI suffix) apartment size, common area, living area, age of building, number of elevators, number of entrances, state of the building, number of floor",median imputation + missingness indicator when needed + LightGBM splits,context-dependent,No defensible monotonic sign follows from the field alone.,higher -> less risk,0.0006775780904083319,0.0,0.0006775780904083319,129.8535394668579,0.0,129.8535394668579,11,0.5007696143256661,0.0,-0.5540382069221436,-0.03552825912140877,-0.0016509475182957612,-1.6737395599753013,{},0.00021730949525876713,0.00020966033990635626,Tier 4 - residual,FLOORSMAX_AVG,0.994974618971248,Spearman rho,"[{""feature"": ""FLOORSMAX_AVG"", ""absolute_association"": 0.994975, ""method"": ""Spearman rho""}, {""feature"": ""FLOORSMAX_MODE"", ""absolute_association"": 0.985915, ""method"": ""Spearman rho""}, {""feature"": ""ELEVATORS_MEDI"", ""absolute_association"": 0.844748, ""method"": ""Spearman rho""}, {""feature"": ""ELEVATORS_AVG"", ""absolute_association"": 0.840231, ""method"": ""Spearman rho""}, {""feature"": ""ELEVATORS_MODE"", ""absolute_association"": 0.831441, ""method"": ""Spearman rho""}]",high redundancy candidate; validate with grouped ablation before removing
198,FLOORSMIN_MEDI,Application property,numeric,"Normalized information about building where the client lives, What is average (_AVG suffix), modus (_MODE suffix), median (_MEDI suffix) apartment size, common area, living area, age of building, number of elevators, number of entrances, state of the building, number of floor",median imputation + missingness indicator when needed + LightGBM splits,context-dependent,No defensible monotonic sign follows from the field alone.,higher -> less risk,0.0006700641773669233,0.0,0.0006700641773669233,117.20648956298828,0.0,117.20648956298828,11,0.6793634964337589,0.0,-0.5573659870685228,-0.01710348345250395,-0.002777956440377384,-0.7897551365043616,{},0.0002148996702163683,0.00018924052853621864,Tier 4 - residual,FLOORSMIN_AVG,0.9966601799891941,Spearman rho,"[{""feature"": ""FLOORSMIN_AVG"", ""absolute_association"": 0.99666, ""method"": ""Spearman rho""}, {""feature"": ""FLOORSMIN_MODE"", ""absolute_association"": 0.982994, ""method"": ""Spearman rho""}, {""feature"": ""FLOORSMAX_MEDI"", ""absolute_association"": 0.655341, ""method"": ""Spearman rho""}, {""feature"": ""FLOORSMAX_AVG"", ""absolute_association"": 0.653772, ""method"": ""Spearman rho""}, {""feature"": ""FLOORSMAX_MODE"", ""absolute_association"": 0.643776, ""method"": ""Spearman rho""}]",high redundancy candidate; validate with grouped ablation before removing
199,CC_DPD_DEF_MONTH_RATE,Credit card history,numeric,Credit card history aggregate: dpd def month rate.,median imputation + missingness indicator when needed + LightGBM splits,higher -> more risk,"More arrears, burden, utilization, refusals, or missingness should raise risk.",higher -> more risk,0.0006690496029814967,0.0,0.0006690496029814967,226.1350393295288,0.0,226.1350393295288,22,0.7222884644568257,0.0,0.2945686641645478,-0.021046199740012653,0.0014203292933704656,-0.3018783094445143,{},0.00021457428093545652,0.0003651155710135028,Tier 4 - residual,CC_DPD_DEF_MONTH_COUNT,0.9987330968555114,Spearman rho,"[{""feature"": ""CC_DPD_DEF_MONTH_COUNT"", ""absolute_association"": 0.998733, ""method"": ""Spearman rho""}, {""feature"": ""CC_DPD_MONTH_COUNT"", ""absolute_association"": 0.907929, ""method"": ""Spearman rho""}, {""feature"": ""CC_DPD_MONTH_RATE"", ""absolute_association"": 0.895502, ""method"": ""Spearman rho""}, {""feature"": ""CC_DPD_MEAN"", ""absolute_association"": 0.877437, ""method"": ""Spearman rho""}, {""feature"": ""CC_DPD_MAX"", ""absolute_association"": 0.869305, ""method"": ""Spearman rho""}]",high redundancy candidate; validate with grouped ablation before removing
200,PREV_CANCELED_COUNT,Previous applications,numeric,Previous applications aggregate: canceled count.,median imputation + missingness indicator when needed + LightGBM splits,context-dependent,A larger count can mean deeper history or greater credit exposure; composition and recency matter.,higher -> more risk,0.0006641857848309351,0.0,0.0006641857848309351,227.39017057418823,0.0,227.39017057418823,26,0.054328267608992564,0.0,0.4757949322665999,0.016694439513421696,0.0005985264071416955,0.7609222769010757,{},0.00021301438122457302,0.00036714209446802557,Tier 4 - residual,PREV_RECENT_12M_COUNT,0.7373478024325376,Spearman rho,"[{""feature"": ""PREV_RECENT_12M_COUNT"", ""absolute_association"": 0.737348, ""method"": ""Spearman rho""}, {""feature"": ""PREV_RECENT_24M_COUNT"", ""absolute_association"": 0.732825, ""method"": ""Spearman rho""}, {""feature"": ""PREV_APPROVAL_RATE"", ""absolute_association"": 0.710509, ""method"": ""Spearman rho""}, {""feature"": ""PREV_CASH_LOAN_COUNT"", ""absolute_association"": 0.689996, ""method"": ""Spearman rho""}, {""feature"": ""PREV_APPLICATION_COUNT"", ""absolute_association"": 0.623861, ""method"": ""Spearman rho""}]","related signal, but too weak to treat as a substitute"
201,FLOORSMAX_MODE,Application property,numeric,"Normalized information about building where the client lives, What is average (_AVG suffix), modus (_MODE suffix), median (_MEDI suffix) apartment size, common area, living area, age of building, number of elevators, number of entrances, state of the building, number of floor",median imputation + missingness indicator when needed + LightGBM splits,context-dependent,No defensible monotonic sign follows from the field alone.,mixed / weak marginal direction,0.0006188163153568025,0.0,0.0006188163153568025,112.55298900604248,0.0,112.55298900604248,10,0.5007696143256661,0.0,-0.12033216576379738,-0.036969800711622064,-0.0011514752884725986,-1.7347957016993918,{},0.00019846370927819958,0.00018172702900028426,Tier 4 - residual,FLOORSMAX_MEDI,0.9859150949979867,Spearman rho,"[{""feature"": ""FLOORSMAX_MEDI"", ""absolute_association"": 0.985915, ""method"": ""Spearman rho""}, {""feature"": ""FLOORSMAX_AVG"", ""absolute_association"": 0.981033, ""method"": ""Spearman rho""}, {""feature"": ""ELEVATORS_MODE"", ""absolute_association"": 0.83247, ""method"": ""Spearman rho""}, {""feature"": ""ELEVATORS_MEDI"", ""absolute_association"": 0.823564, ""method"": ""Spearman rho""}, {""feature"": ""ELEVATORS_AVG"", ""absolute_association"": 0.818672, ""method"": ""Spearman rho""}]",high redundancy candidate; validate with grouped ablation before removing
202,INST_CONTRACT_COUNT,Installment repayments,numeric,Installment repayments aggregate: contract count.,median imputation + missingness indicator when needed + LightGBM splits,context-dependent,A larger count can mean deeper history or greater credit exposure; composition and recency matter.,mixed / weak marginal direction,0.0005780467049443361,0.0,0.0005780467049443361,210.74313831329346,0.0,210.74313831329346,16,0.05263728402020509,0.0,-0.03535448349099055,-0.05003270189260408,0.00010213412201104357,-3.5522584023824355,{},0.00018538828138871374,0.00034026394808417534,Tier 4 - residual,POS_CONTRACT_COUNT,0.9618063424017831,Spearman rho,"[{""feature"": ""POS_CONTRACT_COUNT"", ""absolute_association"": 0.961806, ""method"": ""Spearman rho""}, {""feature"": ""PREV_APPROVED_COUNT"", ""absolute_association"": 0.951494, ""method"": ""Spearman rho""}, {""feature"": ""POS_COMPLETED_MONTH_COUNT"", ""absolute_association"": 0.840292, ""method"": ""Spearman rho""}, {""feature"": ""POS_MONTH_COUNT"", ""absolute_association"": 0.836963, ""method"": ""Spearman rho""}, {""feature"": ""POS_ACTIVE_MONTH_COUNT"", ""absolute_association"": 0.81926, ""method"": ""Spearman rho""}]",high redundancy candidate; validate with grouped ablation before removing
203,FLAG_DOCUMENT_11,Application documents,numeric,Did client provide document 11,median imputation + missingness indicator when needed + LightGBM splits,context-dependent,No defensible monotonic sign follows from the field alone.,non-monotonic; upper values net less risk,0.0005752345863381226,0.0,0.0005752345863381226,42.78769016265869,0.0,42.78769016265869,9,0.0,,-0.11408610598941442,-0.006315611041313024,-0.07218864709669506,-2.612108208684401,{},0.00018448639261223963,6.908461409787359e-05,Tier 4 - residual,,,,[],low measured redundancy; not a demonstrated substitute
204,ENTRANCES_MODE,Application property,numeric,"Normalized information about building where the client lives, What is average (_AVG suffix), modus (_MODE suffix), median (_MEDI suffix) apartment size, common area, living area, age of building, number of elevators, number of entrances, state of the building, number of floor",median imputation + missingness indicator when needed + LightGBM splits,context-dependent,No defensible monotonic sign follows from the field alone.,higher -> less risk,0.0005557926612769296,0.0,0.0005557926612769296,189.0098180770874,0.0,189.0098180770874,19,0.5064929433954083,0.0,-0.6686509788325166,-0.018221240508070925,-0.0017013535133499108,-1.3274652742452278,{},0.00017825107452608288,0.000305173527547894,Tier 4 - residual,ENTRANCES_MEDI,0.9656251656039258,Spearman rho,"[{""feature"": ""ENTRANCES_MEDI"", ""absolute_association"": 0.965625, ""method"": ""Spearman rho""}, {""feature"": ""ENTRANCES_AVG"", ""absolute_association"": 0.958756, ""method"": ""Spearman rho""}, {""feature"": ""BASEMENTAREA_MODE"", ""absolute_association"": 0.642967, ""method"": ""Spearman rho""}, {""feature"": ""BASEMENTAREA_MEDI"", ""absolute_association"": 0.619218, ""method"": ""Spearman rho""}, {""feature"": ""BASEMENTAREA_AVG"", ""absolute_association"": 0.613601, ""method"": ""Spearman rho""}]",high redundancy candidate; validate with grouped ablation before removing
205,FLOORSMIN_MODE,Application property,numeric,"Normalized information about building where the client lives, What is average (_AVG suffix), modus (_MODE suffix), median (_MEDI suffix) apartment size, common area, living area, age of building, number of elevators, number of entrances, state of the building, number of floor",median imputation + missingness indicator when needed + LightGBM splits,context-dependent,No defensible monotonic sign follows from the field alone.,higher -> less risk,0.000553420296591467,0.0,0.000553420296591467,120.05514144897461,0.0,120.05514144897461,12,0.6793634964337589,0.0,-0.6067673368359837,-0.017542166251470318,-0.0021738209882092075,-0.9951274516742152,{},0.00017749022145296044,0.00019383993587731164,Tier 4 - residual,FLOORSMIN_MEDI,0.9829939741282746,Spearman rho,"[{""feature"": ""FLOORSMIN_MEDI"", ""absolute_association"": 0.982994, ""method"": ""Spearman rho""}, {""feature"": ""FLOORSMIN_AVG"", ""absolute_association"": 0.979669, ""method"": ""Spearman rho""}, {""feature"": ""FLOORSMAX_MODE"", ""absolute_association"": 0.632859, ""method"": ""Spearman rho""}, {""feature"": ""FLOORSMAX_MEDI"", ""absolute_association"": 0.627841, ""method"": ""Spearman rho""}, {""feature"": ""FLOORSMAX_AVG"", ""absolute_association"": 0.62513, ""method"": ""Spearman rho""}]",high redundancy candidate; validate with grouped ablation before removing
206,ENTRANCES_MEDI,Application property,numeric,"Normalized information about building where the client lives, What is average (_AVG suffix), modus (_MODE suffix), median (_MEDI suffix) apartment size, common area, living area, age of building, number of elevators, number of entrances, state of the building, number of floor",median imputation + missingness indicator when needed + LightGBM splits,context-dependent,No defensible monotonic sign follows from the field alone.,higher -> less risk,0.0005383104394648263,0.0,0.0005383104394648263,206.9012303352356,0.0,206.9012303352356,17,0.5064929433954083,0.0,-0.3789903154670544,-0.01942962880200127,-0.000700262112803998,-1.3766481052573651,{},0.00017264426277734327,0.0003340608385203106,Tier 4 - residual,ENTRANCES_AVG,0.9936141387113139,Spearman rho,"[{""feature"": ""ENTRANCES_AVG"", ""absolute_association"": 0.993614, ""method"": ""Spearman rho""}, {""feature"": ""ENTRANCES_MODE"", ""absolute_association"": 0.965625, ""method"": ""Spearman rho""}, {""feature"": ""BASEMENTAREA_MEDI"", ""absolute_association"": 0.652082, ""method"": ""Spearman rho""}, {""feature"": ""BASEMENTAREA_AVG"", ""absolute_association"": 0.647419, ""method"": ""Spearman rho""}, {""feature"": ""BASEMENTAREA_MODE"", ""absolute_association"": 0.638317, ""method"": ""Spearman rho""}]",high redundancy candidate; validate with grouped ablation before removing
207,POS_FUTURE_INSTALLMENTS_MIN,POS/cash loan history,numeric,POS/cash loan history aggregate: future installments min.,median imputation + missingness indicator when needed + LightGBM splits,context-dependent,The aggregate can be beneficial or adverse depending on the underlying behavior and interactions.,higher -> more risk,0.00048041369886472364,0.0,0.00048041369886472364,174.34108138084412,0.0,174.34108138084412,16,0.060463502937542005,0.0,0.21094715721913623,0.020957935624898567,0.00022472636313969596,0.17696453152757363,{},0.00015407590636936966,0.00028148951913073303,Tier 4 - residual,POS_COMPLETED_MONTH_COUNT,0.514405424798041,Spearman rho,"[{""feature"": ""POS_COMPLETED_MONTH_COUNT"", ""absolute_association"": 0.514405, ""method"": ""Spearman rho""}]","related signal, but too weak to treat as a substitute"
208,CC_LIMIT_MAX,Credit card history,numeric,Credit card history aggregate: limit max.,median imputation + missingness indicator when needed + LightGBM splits,context-dependent,The aggregate can be beneficial or adverse depending on the underlying behavior and interactions.,higher -> less risk,0.00046938311849644814,0.0,0.00046938311849644814,199.08480024337769,0.0,199.08480024337769,17,0.7222884644568257,0.0,-0.26456240420979693,-0.018913133170787,-0.002134961429089272,-1.187086849409745,{},0.00015053823316804658,0.0003214405018191192,Tier 4 - residual,CC_LIMIT_MEAN,0.9178893775074286,Spearman rho,"[{""feature"": ""CC_LIMIT_MEAN"", ""absolute_association"": 0.917889, ""method"": ""Spearman rho""}]",high redundancy candidate; validate with grouped ablation before removing
209,HAS_INSTALLMENT_HISTORY,Source availability,numeric,Source availability aggregate: has installment history.,median imputation + missingness indicator when needed + LightGBM splits,context-dependent,A larger count can mean deeper history or greater credit exposure; composition and recency matter.,higher -> less risk,0.0004409730277182063,0.0,0.0004409730277182063,53.6811900138855,0.0,53.6811900138855,4,0.0,,-0.3867813360197081,0.0224584083717924,-0.006289374688237555,2.739819876824735,{},0.00014142668931107957,8.667315955420268e-05,Tier 4 - residual,HAS_PREVIOUS_APPLICATION,0.9225571155841208,Spearman rho,"[{""feature"": ""HAS_PREVIOUS_APPLICATION"", ""absolute_association"": 0.922557, ""method"": ""Spearman rho""}, {""feature"": ""HAS_POS_HISTORY"", ""absolute_association"": 0.908076, ""method"": ""Spearman rho""}]",high redundancy candidate; validate with grouped ablation before removing
210,BUREAU_UNIQUE_CREDIT_COUNT,Credit bureau,numeric,Credit bureau aggregate: unique credit count.,median imputation + missingness indicator when needed + LightGBM splits,context-dependent,A larger count can mean deeper history or greater credit exposure; composition and recency matter.,higher -> more risk,0.00042939758618548067,0.0,0.00042939758618548067,139.39763927459717,0.0,139.39763927459717,11,0.1424762069937347,0.0,0.3085953755010424,-0.008258609806739816,0.0005223391029658728,-0.44125892947641104,{},0.00013771427093084817,0.00022507015636577987,Tier 4 - residual,BUREAU_CREDIT_COUNT,1.0,Spearman rho,"[{""feature"": ""BUREAU_CREDIT_COUNT"", ""absolute_association"": 1.0, ""method"": ""Spearman rho""}, {""feature"": ""BUREAU_CLOSED_COUNT"", ""absolute_association"": 0.885539, ""method"": ""Spearman rho""}, {""feature"": ""BB_MONTHS_OBSERVED"", ""absolute_association"": 0.812003, ""method"": ""Spearman rho""}, {""feature"": ""BUREAU_ACTIVE_COUNT"", ""absolute_association"": 0.688452, ""method"": ""Spearman rho""}, {""feature"": ""BUREAU_CREDIT_SUM"", ""absolute_association"": 0.67587, ""method"": ""Spearman rho""}]",high redundancy candidate; validate with grouped ablation before removing
211,FONDKAPREMONT_MODE,Application property,categorical,"Normalized information about building where the client lives, What is average (_AVG suffix), modus (_MODE suffix), median (_MEDI suffix) apartment size, common area, living area, age of building, number of elevators, number of entrances, state of the building, number of floor",most-frequent imputation + ordinal encoding + LightGBM splits,category-dependent,Risk varies by category; no numeric ordering is assumed.,category-dependent,0.0004061251278562294,0.0,0.0004061251278562294,69.7950701713562,0.0,69.7950701713562,7,0.6855854488694257,,,,,,"{""eligible_categories"": 5, ""highest_risk_category"": ""not specified"", ""highest_risk_event_rate"": 0.06682027649769585, ""highest_risk_mean_shap"": 0.008946345700237805, ""lowest_risk_category"": ""reg oper account"", ""lowest_risk_event_rate"": 0.0694519804666305, ""lowest_risk_mean_shap"": -0.0002029383320347944}",0.00013025044315283875,0.00011269048341689081,Tier 4 - residual,,,,[],low measured redundancy; not a demonstrated substitute
212,FLAG_OWN_REALTY,Application verified flags,categorical,Flag if client owns a house or flat,most-frequent imputation + ordinal encoding + LightGBM splits,category-dependent,Risk varies by category; no numeric ordering is assumed.,category-dependent,0.0004039893927273141,0.0,0.0004039893927273141,105.38909959793091,0.0,105.38909959793091,11,0.0,,,,,,"{""eligible_categories"": 2, ""highest_risk_category"": ""N"", ""highest_risk_event_rate"": 0.08573847999435467, ""highest_risk_mean_shap"": 0.00016765001878238747, ""lowest_risk_category"": ""Y"", ""lowest_risk_event_rate"": 0.07851420703467267, ""lowest_risk_mean_shap"": -4.002915131522228e-05}",0.00012956548074121279,0.0001701602785326194,Tier 4 - residual,,,,[],low measured redundancy; not a demonstrated substitute
213,FLAG_DOCUMENT_8,Application documents,numeric,Did client provide document 8,median imputation + missingness indicator when needed + LightGBM splits,context-dependent,No defensible monotonic sign follows from the field alone.,higher -> less risk,0.00037661616805012967,0.0,0.00037661616805012967,54.461440086364746,0.0,54.461440086364746,5,0.0,,-0.3767809914429994,0.0007496291207773927,-0.0014917029297056145,0.07442784871055236,{},0.000120786475453986,8.793294420142603e-05,Tier 4 - residual,,,,[],low measured redundancy; not a demonstrated substitute
214,BB_RECENT_12M_DELINQUENT_MONTHS,Bureau monthly status,numeric,Bureau monthly status aggregate: recent 12m delinquent months.,median imputation + missingness indicator when needed + LightGBM splits,higher -> more risk,"More arrears, burden, utilization, refusals, or missingness should raise risk.",higher -> more risk,0.0003374045154939373,0.0,0.0003374045154939373,134.64055061340332,0.0,134.64055061340332,11,0.6979209573568625,0.0,0.6325785641052027,0.06128855708741931,0.0005950115056233287,0.784828253712301,{},0.0001082107081057336,0.00021738940442197065,Tier 4 - residual,BB_DELINQUENT_MONTH_RATE,0.6911803938556177,Spearman rho,"[{""feature"": ""BB_DELINQUENT_MONTH_RATE"", ""absolute_association"": 0.69118, ""method"": ""Spearman rho""}, {""feature"": ""BB_DELINQUENT_MONTHS"", ""absolute_association"": 0.678324, ""method"": ""Spearman rho""}, {""feature"": ""BB_MAX_DELINQUENCY_LEVEL"", ""absolute_association"": 0.636778, ""method"": ""Spearman rho""}]","related signal, but too weak to treat as a substitute"
215,PREV_UNIQUE_APPLICATION_COUNT,Previous applications,numeric,Previous applications aggregate: unique application count.,median imputation + missingness indicator when needed + LightGBM splits,context-dependent,A larger count can mean deeper history or greater credit exposure; composition and recency matter.,mixed / weak marginal direction,0.00031023263699308677,0.0,0.00031023263699308677,103.73899126052856,0.0,103.73899126052856,10,0.054328267608992564,0.0,-0.06950045287932842,0.005582697611190876,-9.183235405747018e-05,0.29895056881968224,{},9.949627756873972e-05,0.0001674960286683299,Tier 4 - residual,PREV_APPLICATION_COUNT,1.0,Spearman rho,"[{""feature"": ""PREV_APPLICATION_COUNT"", ""absolute_association"": 1.0, ""method"": ""Spearman rho""}, {""feature"": ""PREV_APPROVED_COUNT"", ""absolute_association"": 0.830616, ""method"": ""Spearman rho""}, {""feature"": ""PREV_CREDIT_SUM"", ""absolute_association"": 0.798338, ""method"": ""Spearman rho""}, {""feature"": ""INST_CONTRACT_COUNT"", ""absolute_association"": 0.792211, ""method"": ""Spearman rho""}, {""feature"": ""PREV_CASH_LOAN_COUNT"", ""absolute_association"": 0.781299, ""method"": ""Spearman rho""}]",high redundancy candidate; validate with grouped ablation before removing
216,PREV_UNUSED_OFFER_COUNT,Previous applications,numeric,Previous applications aggregate: unused offer count.,median imputation + missingness indicator when needed + LightGBM splits,context-dependent,A larger count can mean deeper history or greater credit exposure; composition and recency matter.,higher -> more risk,0.0003085887818849732,0.0,0.0003085887818849732,38.75409984588623,0.0,38.75409984588623,3,0.054328267608992564,0.0,0.3724990700780345,-0.00841738301615357,0.0001590625741113683,-0.060573413545059185,{},9.896906848556612e-05,6.257201597902645e-05,Tier 4 - residual,,,,[],low measured redundancy; not a demonstrated substitute
217,AMT_REQ_CREDIT_BUREAU_WEEK,Application credit enquiries,numeric,Number of enquiries to Credit Bureau about the client one week before application (excluding one day before application),median imputation + missingness indicator when needed + LightGBM splits,context-dependent,No defensible monotonic sign follows from the field alone.,higher -> less risk,0.0003032383027836713,0.0,0.0003032383027836713,50.83042097091675,0.0,50.83042097091675,5,0.13432479892470786,0.0,-0.2967433165488613,0.0023156366187475244,-0.00017664239677297756,0.01155585066659609,{},9.725308928057763e-05,8.207033387076497e-05,Tier 4 - residual,,,,[],low measured redundancy; not a demonstrated substitute
218,CC_DPD_MAX,Credit card history,numeric,Credit card history aggregate: dpd max.,median imputation + missingness indicator when needed + LightGBM splits,higher -> more risk,"More arrears, burden, utilization, refusals, or missingness should raise risk.",mixed / weak marginal direction,0.00027144006996746977,0.0,0.00027144006996746977,137.1374101638794,0.0,137.1374101638794,15,0.7222884644568257,0.0,0.10108887846758424,-0.016854332448652982,-0.00010222770975495761,-0.28699127998615265,{},8.705491725992495e-05,0.00022142081106826277,Tier 4 - residual,CC_DPD_MEAN,0.9973795041243461,Spearman rho,"[{""feature"": ""CC_DPD_MEAN"", ""absolute_association"": 0.99738, ""method"": ""Spearman rho""}, {""feature"": ""CC_DPD_MONTH_RATE"", ""absolute_association"": 0.992158, ""method"": ""Spearman rho""}, {""feature"": ""CC_DPD_MONTH_COUNT"", ""absolute_association"": 0.988494, ""method"": ""Spearman rho""}, {""feature"": ""CC_DPD_DEF_MONTH_RATE"", ""absolute_association"": 0.869305, ""method"": ""Spearman rho""}, {""feature"": ""CC_DPD_DEF_MONTH_COUNT"", ""absolute_association"": 0.867758, ""method"": ""Spearman rho""}]",high redundancy candidate; validate with grouped ablation before removing
219,BB_SEVERE_DELINQUENT_MONTH_RATE,Bureau monthly status,numeric,Bureau monthly status aggregate: severe delinquent month rate.,median imputation + missingness indicator when needed + LightGBM splits,higher -> more risk,"More arrears, burden, utilization, refusals, or missingness should raise risk.",higher -> more risk,0.0002705968398931085,0.0,0.0002705968398931085,74.16626167297363,0.0,74.16626167297363,5,0.6979209573568625,0.0,0.2844337514393188,0.01540976102185395,0.00044859298578872327,0.08250331937295907,{},8.678448067934422e-05,0.00011974816932816928,Tier 4 - residual,BB_SEVERE_DELINQUENT_MONTHS,0.9999237074705389,Spearman rho,"[{""feature"": ""BB_SEVERE_DELINQUENT_MONTHS"", ""absolute_association"": 0.999924, ""method"": ""Spearman rho""}, {""feature"": ""BB_DEFAULT_MONTHS"", ""absolute_association"": 0.809917, ""method"": ""Spearman rho""}]",high redundancy candidate; validate with grouped ablation before removing
220,FLOORSMIN_AVG,Application property,numeric,"Normalized information about building where the client lives, What is average (_AVG suffix), modus (_MODE suffix), median (_MEDI suffix) apartment size, common area, living area, age of building, number of elevators, number of entrances, state of the building, number of floor",median imputation + missingness indicator when needed + LightGBM splits,context-dependent,No defensible monotonic sign follows from the field alone.,higher -> less risk,0.00019412729984309306,5.172132602165042e-05,0.0002458486258647435,71.49132919311523,22.95639991760254,94.44772911071777,9,0.6793634964337589,0.00011900491992102691,-0.3313900860351778,-0.017954625120289433,-0.000281164112656097,-0.848753810265275,{},7.884735582954431e-05,0.00015249444158424753,Tier 4 - residual,FLOORSMIN_MEDI,0.9966601799891941,Spearman rho,"[{""feature"": ""FLOORSMIN_MEDI"", ""absolute_association"": 0.99666, ""method"": ""Spearman rho""}, {""feature"": ""FLOORSMIN_MODE"", ""absolute_association"": 0.979669, ""method"": ""Spearman rho""}, {""feature"": ""FLOORSMAX_AVG"", ""absolute_association"": 0.657849, ""method"": ""Spearman rho""}, {""feature"": ""FLOORSMAX_MEDI"", ""absolute_association"": 0.654243, ""method"": ""Spearman rho""}, {""feature"": ""FLOORSMAX_MODE"", ""absolute_association"": 0.642663, ""method"": ""Spearman rho""}]",high redundancy candidate; validate with grouped ablation before removing
221,AMT_REQ_CREDIT_BUREAU_MON,Application credit enquiries,numeric,Number of enquiries to Credit Bureau about the client one month before application (excluding one week before application),median imputation + missingness indicator when needed + LightGBM splits,context-dependent,No defensible monotonic sign follows from the field alone.,higher -> less risk,0.00023455067193665192,0.0,0.00023455067193665192,118.09592056274414,0.0,118.09592056274414,14,0.13432479892470786,0.0,-0.42864926851552854,-0.008318669849741245,-9.356622876006951e-05,-0.08630422609598037,{},7.522393190199254e-05,0.0001906765957123441,Tier 4 - residual,,,,[],low measured redundancy; not a demonstrated substitute
222,ELEVATORS_MODE,Application property,numeric,"Normalized information about building where the client lives, What is average (_AVG suffix), modus (_MODE suffix), median (_MEDI suffix) apartment size, common area, living area, age of building, number of elevators, number of entrances, state of the building, number of floor",median imputation + missingness indicator when needed + LightGBM splits,context-dependent,No defensible monotonic sign follows from the field alone.,mixed / weak marginal direction,0.00020949454297602627,0.0,0.00020949454297602627,36.65950012207031,0.0,36.65950012207031,3,0.5358683634313959,0.0,-0.03824854646779131,-0.03239314369149594,0.0006393252604255737,-1.8857661470268212,{},6.718805409742711e-05,5.919009437822874e-05,Tier 4 - residual,ELEVATORS_MEDI,0.9780650258450609,Spearman rho,"[{""feature"": ""ELEVATORS_MEDI"", ""absolute_association"": 0.978065, ""method"": ""Spearman rho""}, {""feature"": ""ELEVATORS_AVG"", ""absolute_association"": 0.968704, ""method"": ""Spearman rho""}, {""feature"": ""FLOORSMAX_MODE"", ""absolute_association"": 0.83247, ""method"": ""Spearman rho""}, {""feature"": ""FLOORSMAX_MEDI"", ""absolute_association"": 0.831441, ""method"": ""Spearman rho""}, {""feature"": ""FLOORSMAX_AVG"", ""absolute_association"": 0.829768, ""method"": ""Spearman rho""}]",high redundancy candidate; validate with grouped ablation before removing
223,BUREAU_PROLONG_MAX,Credit bureau,numeric,Credit bureau aggregate: prolong max.,median imputation + missingness indicator when needed + LightGBM splits,context-dependent,The aggregate can be beneficial or adverse depending on the underlying behavior and interactions.,higher -> more risk,0.00020302007528945158,0.0,0.00020302007528945158,44.39450001716614,0.0,44.39450001716614,4,0.1424762069937347,0.0,0.2858098308546645,0.005990989848692777,0.00010365832455600818,0.02940492528336336,{},6.511159483028809e-05,7.167895462678074e-05,Tier 4 - residual,BUREAU_PROLONG_SUM,0.9999912234091448,Spearman rho,"[{""feature"": ""BUREAU_PROLONG_SUM"", ""absolute_association"": 0.999991, ""method"": ""Spearman rho""}]",high redundancy candidate; validate with grouped ablation before removing
224,CC_LATEST_MONTH,Credit card history,numeric,Credit card history aggregate: latest month.,median imputation + missingness indicator when needed + LightGBM splits,context-dependent,No defensible monotonic sign follows from the field alone.,mixed / weak marginal direction,0.00019244659423262896,0.0,0.00019244659423262896,42.99199914932251,0.0,42.99199914932251,4,0.7222884644568257,0.0,-0.11989455414098327,0.030725209165501845,0.0006523947815574774,1.8371372767525567,{},6.172052026026831e-05,6.941448952341632e-05,Tier 4 - residual,INST_DAYS_SINCE_DUE_MIN,0.5354150140794495,Spearman rho,"[{""feature"": ""INST_DAYS_SINCE_DUE_MIN"", ""absolute_association"": 0.535415, ""method"": ""Spearman rho""}]","related signal, but too weak to treat as a substitute"
225,AMT_REQ_CREDIT_BUREAU_HOUR,Application credit enquiries,numeric,Number of enquiries to Credit Bureau about the client one hour before application,median imputation + missingness indicator when needed + LightGBM splits,context-dependent,No defensible monotonic sign follows from the field alone.,mixed / weak marginal direction,3.3372753494417886e-05,0.00014439010964733734,0.00017776286314175524,12.236800193786621,55.016921520233154,67.25372171401978,4,0.13432479892470786,0.0005843450253307233,0.14447827091426155,0.004310527161469989,2.112588430034543e-05,0.009354443995736317,{},5.701122662010607e-05,0.00010858724538754437,Tier 4 - residual,,,,[],low measured redundancy; not a demonstrated substitute
226,CC_DPD_DEF_MONTH_COUNT,Credit card history,numeric,Credit card history aggregate: dpd def month count.,median imputation + missingness indicator when needed + LightGBM splits,higher -> more risk,"More arrears, burden, utilization, refusals, or missingness should raise risk.",higher -> more risk,0.00015887331070197264,0.0,0.00015887331070197264,49.090500831604004,0.0,49.090500831604004,4,0.7222884644568257,0.0,0.6498403406322657,-0.02317499476971893,0.00034973044045036295,-0.3018783094445143,{},5.095306275019784e-05,7.926107469064589e-05,Tier 4 - residual,CC_DPD_DEF_MONTH_RATE,0.9987330968555114,Spearman rho,"[{""feature"": ""CC_DPD_DEF_MONTH_RATE"", ""absolute_association"": 0.998733, ""method"": ""Spearman rho""}, {""feature"": ""CC_DPD_MONTH_COUNT"", ""absolute_association"": 0.909304, ""method"": ""Spearman rho""}, {""feature"": ""CC_DPD_MONTH_RATE"", ""absolute_association"": 0.894342, ""method"": ""Spearman rho""}, {""feature"": ""CC_DPD_MEAN"", ""absolute_association"": 0.875313, ""method"": ""Spearman rho""}, {""feature"": ""CC_DPD_MAX"", ""absolute_association"": 0.867758, ""method"": ""Spearman rho""}]",high redundancy candidate; validate with grouped ablation before removing
227,BB_SEVERE_DELINQUENT_MONTHS,Bureau monthly status,numeric,Bureau monthly status aggregate: severe delinquent months.,median imputation + missingness indicator when needed + LightGBM splits,higher -> more risk,"More arrears, burden, utilization, refusals, or missingness should raise risk.",higher -> more risk,0.0001571774735292634,0.0,0.0001571774735292634,60.79240131378174,0.0,60.79240131378174,3,0.6979209573568625,0.0,0.22841893788579054,0.01533211853339446,0.0002653557208526317,0.08250331937295907,{},5.040918223626266e-05,9.815485642903214e-05,Tier 4 - residual,BB_SEVERE_DELINQUENT_MONTH_RATE,0.9999237074705389,Spearman rho,"[{""feature"": ""BB_SEVERE_DELINQUENT_MONTH_RATE"", ""absolute_association"": 0.999924, ""method"": ""Spearman rho""}, {""feature"": ""BB_DEFAULT_MONTHS"", ""absolute_association"": 0.811055, ""method"": ""Spearman rho""}]",high redundancy candidate; validate with grouped ablation before removing
228,FLAG_EMAIL,Application verified flags,numeric,"Did client provide email (1=YES, 0=NO)",median imputation + missingness indicator when needed + LightGBM splits,context-dependent,No defensible monotonic sign follows from the field alone.,higher -> less risk,0.00014156218082672184,0.0,0.00014156218082672184,24.9621000289917,0.0,24.9621000289917,2,0.0,,-0.28372596941893075,-0.002919792750178326,-0.000960230219339611,-0.3444611086667118,{},4.5401122761579434e-05,4.0303578927015766e-05,Tier 4 - residual,,,,[],low measured redundancy; not a demonstrated substitute
229,CC_CONTRACT_COUNT,Credit card history,numeric,Credit card history aggregate: contract count.,median imputation + missingness indicator when needed + LightGBM splits,context-dependent,A larger count can mean deeper history or greater credit exposure; composition and recency matter.,non-monotonic; upper values net more risk,0.00012311672290925407,0.0,0.00012311672290925407,27.806670427322388,0.0,27.806670427322388,5,0.7222884644568257,0.0,0.10944563448381212,0.02542279588497898,0.038490472230897646,9.78806907378336,{},3.948538669129686e-05,4.489639633538365e-05,Tier 4 - residual,,,,[],low measured redundancy; not a demonstrated substitute
230,HAS_POS_HISTORY,Source availability,numeric,Source availability aggregate: has pos history.,median imputation + missingness indicator when needed + LightGBM splits,context-dependent,A larger count can mean deeper history or greater credit exposure; composition and recency matter.,higher -> less risk,0.00010253895043029877,0.0,0.00010253895043029877,22.903400421142578,0.0,22.903400421142578,2,0.0,,-0.4129762890810864,0.01395544231605869,-0.0008846295396938785,1.5964401243648298,{},3.288578523686274e-05,3.6979621325868576e-05,Tier 4 - residual,HAS_INSTALLMENT_HISTORY,0.9080764815858806,Spearman rho,"[{""feature"": ""HAS_INSTALLMENT_HISTORY"", ""absolute_association"": 0.908076, ""method"": ""Spearman rho""}, {""feature"": ""HAS_PREVIOUS_APPLICATION"", ""absolute_association"": 0.879494, ""method"": ""Spearman rho""}]",high redundancy candidate; validate with grouped ablation before removing
231,CC_RECENT_12M_DPD_COUNT,Credit card history,numeric,Credit card history aggregate: recent 12m dpd count.,median imputation + missingness indicator when needed + LightGBM splits,higher -> more risk,"More arrears, burden, utilization, refusals, or missingness should raise risk.",higher -> more risk,8.977100914803733e-05,0.0,8.977100914803733e-05,33.90872097015381,0.0,33.90872097015381,3,0.7222884644568257,0.0,0.3021651112693376,0.0256539604522229,0.00013058082469640368,0.14471939965717134,{},2.87909142325926e-05,5.47487114604737e-05,Tier 4 - residual,,,,[],low measured redundancy; not a demonstrated substitute
232,BUREAU_DAYS_OVERDUE_MEAN,Credit bureau,numeric,Credit bureau aggregate: days overdue mean.,median imputation + missingness indicator when needed + LightGBM splits,higher -> more risk,"More arrears, burden, utilization, refusals, or missingness should raise risk.",higher -> more risk,4.7635299299957716e-05,0.0,4.7635299299957716e-05,17.369629859924316,0.0,17.369629859924316,2,0.1424762069937347,0.0,0.19306633167346277,0.04028567364127665,2.908468571074452e-05,0.1275434887868021,{},1.5277357686013552e-05,2.804484587352193e-05,Tier 4 - residual,BUREAU_DAYS_OVERDUE_MAX,0.999991725311653,Spearman rho,"[{""feature"": ""BUREAU_DAYS_OVERDUE_MAX"", ""absolute_association"": 0.999992, ""method"": ""Spearman rho""}, {""feature"": ""BUREAU_OVERDUE_CREDIT_COUNT"", ""absolute_association"": 0.999966, ""method"": ""Spearman rho""}, {""feature"": ""BUREAU_OVERDUE_RATE"", ""absolute_association"": 0.999958, ""method"": ""Spearman rho""}, {""feature"": ""BUREAU_OVERDUE_TO_CREDIT"", ""absolute_association"": 0.940042, ""method"": ""Spearman rho""}, {""feature"": ""BUREAU_OVERDUE_SUM"", ""absolute_association"": 0.94001, ""method"": ""Spearman rho""}]",high redundancy candidate; validate with grouped ablation before removing
233,BUREAU_OVERDUE_RATE,Credit bureau,numeric,Credit bureau aggregate: overdue rate.,median imputation + missingness indicator when needed + LightGBM splits,higher -> more risk,"More arrears, burden, utilization, refusals, or missingness should raise risk.",mixed / weak marginal direction,4.563335282143478e-05,0.0,4.563335282143478e-05,20.804579734802246,0.0,20.804579734802246,2,0.1424762069937347,0.0,0.14672796965491577,0.040505399895143825,2.5707652793679162e-05,0.1275434887868021,{},1.4635303308900038e-05,3.3590884597495333e-05,Tier 4 - residual,BUREAU_OVERDUE_CREDIT_COUNT,0.9999701234763423,Spearman rho,"[{""feature"": ""BUREAU_OVERDUE_CREDIT_COUNT"", ""absolute_association"": 0.99997, ""method"": ""Spearman rho""}, {""feature"": ""BUREAU_DAYS_OVERDUE_MEAN"", ""absolute_association"": 0.999958, ""method"": ""Spearman rho""}, {""feature"": ""BUREAU_DAYS_OVERDUE_MAX"", ""absolute_association"": 0.999931, ""method"": ""Spearman rho""}, {""feature"": ""BUREAU_OVERDUE_TO_CREDIT"", ""absolute_association"": 0.941132, ""method"": ""Spearman rho""}, {""feature"": ""BUREAU_OVERDUE_SUM"", ""absolute_association"": 0.941086, ""method"": ""Spearman rho""}]",high redundancy candidate; validate with grouped ablation before removing
234,FLAG_CONT_MOBILE,Application verified flags,numeric,"Was mobile phone reachable (1=YES, 0=NO)",median imputation + missingness indicator when needed + LightGBM splits,context-dependent,No defensible monotonic sign follows from the field alone.,mixed / weak marginal direction,3.7306240523379085e-05,0.0,3.7306240523379085e-05,13.179499626159668,0.0,13.179499626159668,1,0.0,,-0.07733537304259579,0.006113511794643895,-0.00939921614268138,3.73298199385156,{},1.1964673021307573e-05,2.127949983312991e-05,Tier 4 - residual,,,,[],low measured redundancy; not a demonstrated substitute
235,FLAG_DOCUMENT_5,Application documents,numeric,Did client provide document 5,median imputation + missingness indicator when needed + LightGBM splits,context-dependent,No defensible monotonic sign follows from the field alone.,higher -> more risk,3.0643143331523284e-05,0.0,3.0643143331523284e-05,12.739999771118164,0.0,12.739999771118164,1,0.0,,0.21155103884653073,-0.0012226547523552993,0.0010352441462074,-0.2740051054323303,{},9.827717431805401e-06,2.0569887377627192e-05,Tier 4 - residual,,,,[],low measured redundancy; not a demonstrated substitute
236,BUREAU_PROLONG_SUM,Credit bureau,numeric,Credit bureau aggregate: prolong sum.,median imputation + missingness indicator when needed + LightGBM splits,context-dependent,A larger count can mean deeper history or greater credit exposure; composition and recency matter.,higher -> more risk,2.6947965187967132e-05,0.0,2.6947965187967132e-05,7.204480171203613,0.0,7.204480171203613,1,0.1424762069937347,0.0,0.3069914452055983,0.006036663563865142,1.5068590751932607e-05,0.02940492528336336,{},8.642618166297125e-06,1.163228794336154e-05,Tier 4 - residual,BUREAU_PROLONG_MAX,0.9999912234091448,Spearman rho,"[{""feature"": ""BUREAU_PROLONG_MAX"", ""absolute_association"": 0.999991, ""method"": ""Spearman rho""}]",high redundancy candidate; validate with grouped ablation before removing
237,HAS_CREDIT_CARD_HISTORY,Source availability,numeric,Source availability aggregate: has credit card history.,median imputation + missingness indicator when needed + LightGBM splits,context-dependent,A larger count can mean deeper history or greater credit exposure; composition and recency matter.,higher -> more risk,2.4865641424529796e-05,0.0,2.4865641424529796e-05,14.863300323486328,0.0,14.863300323486328,1,0.0,,0.7860371523885407,0.017377743456357723,6.971581946392527e-05,1.0570341059625066,{},7.974785583745338e-06,2.3998149074309578e-05,Tier 4 - residual,,,,[],low measured redundancy; not a demonstrated substitute
238,BUREAU_DAYS_OVERDUE_MAX,Credit bureau,numeric,Credit bureau aggregate: days overdue max.,median imputation + missingness indicator when needed + LightGBM splits,higher -> more risk,"More arrears, burden, utilization, refusals, or missingness should raise risk.",higher -> more risk,1.5248477528321366e-05,0.0,1.5248477528321366e-05,13.495599746704102,0.0,13.495599746704102,1,0.1424762069937347,0.0,0.17888533466465448,0.040242927836003944,8.175025672208482e-06,0.1275434887868021,{},4.890416325514976e-06,2.1789872203339356e-05,Tier 4 - residual,BUREAU_DAYS_OVERDUE_MEAN,0.999991725311653,Spearman rho,"[{""feature"": ""BUREAU_DAYS_OVERDUE_MEAN"", ""absolute_association"": 0.999992, ""method"": ""Spearman rho""}, {""feature"": ""BUREAU_OVERDUE_CREDIT_COUNT"", ""absolute_association"": 0.999963, ""method"": ""Spearman rho""}, {""feature"": ""BUREAU_OVERDUE_RATE"", ""absolute_association"": 0.999931, ""method"": ""Spearman rho""}, {""feature"": ""BUREAU_OVERDUE_TO_CREDIT"", ""absolute_association"": 0.939999, ""method"": ""Spearman rho""}, {""feature"": ""BUREAU_OVERDUE_SUM"", ""absolute_association"": 0.939974, ""method"": ""Spearman rho""}]",high redundancy candidate; validate with grouped ablation before removing
239,FLAG_DOCUMENT_9,Application documents,numeric,Did client provide document 9,median imputation + missingness indicator when needed + LightGBM splits,context-dependent,No defensible monotonic sign follows from the field alone.,mixed / weak marginal direction,0.0,0.0,0.0,0.0,0.0,0.0,0,0.0,,,-0.005733122525211961,0.0,-2.413409849980957,{},0.0,0.0,Tier 4 - residual,,,,[],low measured redundancy; not a demonstrated substitute
240,HOUSETYPE_MODE,Application property,categorical,"Normalized information about building where the client lives, What is average (_AVG suffix), modus (_MODE suffix), median (_MEDI suffix) apartment size, common area, living area, age of building, number of elevators, number of entrances, state of the building, number of floor",most-frequent imputation + ordinal encoding + LightGBM splits,category-dependent,Risk varies by category; no numeric ordering is assumed.,category-dependent,0.0,0.0,0.0,0.0,0.0,0.0,0,0.5051054696815315,,,,,,"{""eligible_categories"": 4, ""highest_risk_category"": ""<MISSING>"", ""highest_risk_event_rate"": 0.09356624747843255, ""highest_risk_mean_shap"": 0.0, ""lowest_risk_category"": ""<MISSING>"", ""lowest_risk_event_rate"": 0.09356624747843255, ""lowest_risk_mean_shap"": 0.0}",0.0,0.0,Tier 4 - residual,EMERGENCYSTATE_MODE,0.6670084003786942,Cramer's V,"[{""feature"": ""EMERGENCYSTATE_MODE"", ""absolute_association"": 0.667008, ""method"": ""Cramer's V""}, {""feature"": ""WALLSMATERIAL_MODE"", ""absolute_association"": 0.56061, ""method"": ""Cramer's V""}]","related signal, but too weak to treat as a substitute"
241,HAS_PREVIOUS_APPLICATION,Source availability,numeric,Source availability aggregate: has previous application.,median imputation + missingness indicator when needed + LightGBM splits,context-dependent,A larger count can mean deeper history or greater credit exposure; composition and recency matter.,mixed / weak marginal direction,0.0,0.0,0.0,0.0,0.0,0.0,0,0.0,,,0.019421550056282363,0.0,2.334257025247565,{},0.0,0.0,Tier 4 - residual,HAS_INSTALLMENT_HISTORY,0.9225571155841208,Spearman rho,"[{""feature"": ""HAS_INSTALLMENT_HISTORY"", ""absolute_association"": 0.922557, ""method"": ""Spearman rho""}, {""feature"": ""HAS_POS_HISTORY"", ""absolute_association"": 0.879494, ""method"": ""Spearman rho""}]",high redundancy candidate; validate with grouped ablation before removing
242,FLAG_MOBIL,Application verified flags,numeric,"Did client provide mobile phone (1=YES, 0=NO)",median imputation + missingness indicator when needed + LightGBM splits,context-dependent,No defensible monotonic sign follows from the field alone.,mixed / weak marginal direction,0.0,0.0,0.0,0.0,0.0,0.0,0,0.0,,,,,,{},0.0,0.0,Tier 4 - residual,,,,[],low measured redundancy; not a demonstrated substitute
243,FLAG_DOCUMENT_10,Application documents,numeric,Did client provide document 10,median imputation + missingness indicator when needed + LightGBM splits,context-dependent,No defensible monotonic sign follows from the field alone.,mixed / weak marginal direction,0.0,0.0,0.0,0.0,0.0,0.0,0,0.0,,,-0.0013798556204056365,0.0,-8.073537701079651,{},0.0,0.0,Tier 4 - residual,,,,[],low measured redundancy; not a demonstrated substitute
244,FLAG_DOCUMENT_21,Application documents,numeric,Did client provide document 21,median imputation + missingness indicator when needed + LightGBM splits,context-dependent,No defensible monotonic sign follows from the field alone.,mixed / weak marginal direction,0.0,0.0,0.0,0.0,0.0,0.0,0,0.0,,,-0.005344969042587642,0.0,-8.075988896599585,{},0.0,0.0,Tier 4 - residual,,,,[],low measured redundancy; not a demonstrated substitute
245,FLAG_DOCUMENT_4,Application documents,numeric,Did client provide document 4,median imputation + missingness indicator when needed + LightGBM splits,context-dependent,No defensible monotonic sign follows from the field alone.,mixed / weak marginal direction,0.0,0.0,0.0,0.0,0.0,0.0,0,0.0,,,-0.0030855847586552703,0.0,-8.074237890811327,{},0.0,0.0,Tier 4 - residual,,,,[],low measured redundancy; not a demonstrated substitute
246,FLAG_DOCUMENT_17,Application documents,numeric,Did client provide document 17,median imputation + missingness indicator when needed + LightGBM splits,context-dependent,No defensible monotonic sign follows from the field alone.,mixed / weak marginal direction,0.0,0.0,0.0,0.0,0.0,0.0,0,0.0,,,-0.00023485239992445756,0.0,-0.3811624035417238,{},0.0,0.0,Tier 4 - residual,,,,[],low measured redundancy; not a demonstrated substitute
247,FLAG_DOCUMENT_19,Application documents,numeric,Did client provide document 19,median imputation + missingness indicator when needed + LightGBM splits,context-dependent,No defensible monotonic sign follows from the field alone.,mixed / weak marginal direction,0.0,0.0,0.0,0.0,0.0,0.0,0,0.0,,,0.002091298720996214,0.0,2.2728938797554235,{},0.0,0.0,Tier 4 - residual,,,,[],low measured redundancy; not a demonstrated substitute
248,FLAG_DOCUMENT_2,Application documents,numeric,Did client provide document 2,median imputation + missingness indicator when needed + LightGBM splits,context-dependent,No defensible monotonic sign follows from the field alone.,mixed / weak marginal direction,0.0,0.0,0.0,0.0,0.0,0.0,0,0.0,,,-0.0013798556204056365,0.0,-8.073537701079651,{},0.0,0.0,Tier 4 - residual,,,,[],low measured redundancy; not a demonstrated substitute
249,FLAG_DOCUMENT_20,Application documents,numeric,Did client provide document 20,median imputation + missingness indicator when needed + LightGBM splits,context-dependent,No defensible monotonic sign follows from the field alone.,mixed / weak marginal direction,0.0,0.0,0.0,0.0,0.0,0.0,0,0.0,,,0.00021772958628361633,0.0,0.2601059945484388,{},0.0,0.0,Tier 4 - residual,,,,[],low measured redundancy; not a demonstrated substitute
250,FLAG_DOCUMENT_14,Application documents,numeric,Did client provide document 14,median imputation + missingness indicator when needed + LightGBM splits,context-dependent,No defensible monotonic sign follows from the field alone.,mixed / weak marginal direction,0.0,0.0,0.0,0.0,0.0,0.0,0,0.0,,,-0.009999519071265905,0.0,-5.080492682765748,{},0.0,0.0,Tier 4 - residual,,,,[],low measured redundancy; not a demonstrated substitute
251,FLAG_DOCUMENT_12,Application documents,numeric,Did client provide document 12,median imputation + missingness indicator when needed + LightGBM splits,context-dependent,No defensible monotonic sign follows from the field alone.,mixed / weak marginal direction,0.0,0.0,0.0,0.0,0.0,0.0,0,0.0,,,-0.0013798556204056365,0.0,-8.073537701079651,{},0.0,0.0,Tier 4 - residual,,,,[],low measured redundancy; not a demonstrated substitute
252,FLAG_DOCUMENT_15,Application documents,numeric,Did client provide document 15,median imputation + missingness indicator when needed + LightGBM splits,context-dependent,No defensible monotonic sign follows from the field alone.,mixed / weak marginal direction,0.0,0.0,0.0,0.0,0.0,0.0,0,0.0,,,-0.010695157980055199,0.0,-8.083877830117004,{},0.0,0.0,Tier 4 - residual,,,,[],low measured redundancy; not a demonstrated substitute
253,FLAG_DOCUMENT_7,Application documents,numeric,Did client provide document 7,median imputation + missingness indicator when needed + LightGBM splits,context-dependent,No defensible monotonic sign follows from the field alone.,mixed / weak marginal direction,0.0,0.0,0.0,0.0,0.0,0.0,0,0.0,,,-0.004576959521258999,0.0,-8.075288403157256,{},0.0,0.0,Tier 4 - residual,,,,[],low measured redundancy; not a demonstrated substitute
254,EMERGENCYSTATE_MODE,Application property,categorical,"Normalized information about building where the client lives, What is average (_AVG suffix), modus (_MODE suffix), median (_MEDI suffix) apartment size, common area, living area, age of building, number of elevators, number of entrances, state of the building, number of floor",most-frequent imputation + ordinal encoding + LightGBM splits,category-dependent,Risk varies by category; no numeric ordering is assumed.,category-dependent,0.0,0.0,0.0,0.0,0.0,0.0,0,0.4756433325384265,,,,,,"{""eligible_categories"": 3, ""highest_risk_category"": ""<MISSING>"", ""highest_risk_event_rate"": 0.09475843208751139, ""highest_risk_mean_shap"": 0.0, ""lowest_risk_category"": ""<MISSING>"", ""lowest_risk_event_rate"": 0.09475843208751139, ""lowest_risk_mean_shap"": 0.0}",0.0,0.0,Tier 4 - residual,WALLSMATERIAL_MODE,0.6820071949904412,Cramer's V,"[{""feature"": ""WALLSMATERIAL_MODE"", ""absolute_association"": 0.682007, ""method"": ""Cramer's V""}, {""feature"": ""HOUSETYPE_MODE"", ""absolute_association"": 0.667008, ""method"": ""Cramer's V""}]","related signal, but too weak to treat as a substitute"
255,BUREAU_OVERDUE_CREDIT_COUNT,Credit bureau,numeric,Credit bureau aggregate: overdue credit count.,median imputation + missingness indicator when needed + LightGBM splits,higher -> more risk,"More arrears, burden, utilization, refusals, or missingness should raise risk.",mixed / weak marginal direction,0.0,0.0,0.0,0.0,0.0,0.0,0,0.1424762069937347,0.0,,0.0404771252522746,0.0,0.1275434887868021,{},0.0,0.0,Tier 4 - residual,BUREAU_OVERDUE_RATE,0.9999701234763423,Spearman rho,"[{""feature"": ""BUREAU_OVERDUE_RATE"", ""absolute_association"": 0.99997, ""method"": ""Spearman rho""}, {""feature"": ""BUREAU_DAYS_OVERDUE_MEAN"", ""absolute_association"": 0.999966, ""method"": ""Spearman rho""}, {""feature"": ""BUREAU_DAYS_OVERDUE_MAX"", ""absolute_association"": 0.999963, ""method"": ""Spearman rho""}, {""feature"": ""BUREAU_OVERDUE_TO_CREDIT"", ""absolute_association"": 0.941165, ""method"": ""Spearman rho""}, {""feature"": ""BUREAU_OVERDUE_SUM"", ""absolute_association"": 0.941132, ""method"": ""Spearman rho""}]",high redundancy candidate; validate with grouped ablation before removing
256,BB_MAX_DELINQUENCY_LEVEL,Bureau monthly status,numeric,Bureau monthly status aggregate: max delinquency level.,median imputation + missingness indicator when needed + LightGBM splits,context-dependent,No defensible monotonic sign follows from the field alone.,mixed / weak marginal direction,0.0,0.0,0.0,0.0,0.0,0.0,0,0.6979209573568625,0.0,,0.050794469003793204,0.0,3.061461743622558,{},0.0,0.0,Tier 4 - residual,BB_DELINQUENT_MONTHS,0.9770145045091301,Spearman rho,"[{""feature"": ""BB_DELINQUENT_MONTHS"", ""absolute_association"": 0.977015, ""method"": ""Spearman rho""}, {""feature"": ""BB_DELINQUENT_MONTH_RATE"", ""absolute_association"": 0.970919, ""method"": ""Spearman rho""}, {""feature"": ""BB_RECENT_12M_DELINQUENT_MONTHS"", ""absolute_association"": 0.636778, ""method"": ""Spearman rho""}]",high redundancy candidate; validate with grouped ablation before removing
257,BUREAU_BAD_DEBT_COUNT,Credit bureau,numeric,Credit bureau aggregate: bad debt count.,median imputation + missingness indicator when needed + LightGBM splits,higher -> more risk,"More arrears, burden, utilization, refusals, or missingness should raise risk.",mixed / weak marginal direction,0.0,0.0,0.0,0.0,0.0,0.0,0,0.1424762069937347,0.0,,-0.0020714342368674016,0.0,-7.822415493135793,{},0.0,0.0,Tier 4 - residual,,,,[],low measured redundancy; not a demonstrated substitute
